kapitel;stufe;satz;gesucht;quelle
wahrscheinlichkeit;ohne Zurücklegen;Julia hat die letzte Ziffer ihrer PIN vergessen und rät zweimal.;ohne Zurücklegen;quelle-fremd-hh-sh-sh-msa-2022.txt · A6
dreiecke;Kathete oder Hypotenuse direkt;Im rechtwinkligen Dreieck ACD ist AC = 9 cm und AD = 7,1 cm. Zeige, dass CD 5,53 cm lang ist.;Pythagoras;quelle-fremd-hh-sh-sh-msa-2022.txt · B1 (1)a
dreiecke;Winkel berechnen;Im rechtwinkligen Dreieck ACD ist AC = 9 cm und AD = 7,1 cm. Berechne den Winkel bei C.;Winkelfunktion;quelle-fremd-hh-sh-sh-msa-2022.txt · B1 (2)a
dreiecke;Winkel berechnen;Das Kegeldach ist 50 cm hoch, der Radius beträgt 60 cm. Ist der Neigungswinkel mindestens 45°?;Winkelfunktion;quelle-fremd-hh-sh-sh-msa-2022.txt · B2 (2)c
wahrscheinlichkeit;ohne Zurücklegen;"Es werden nacheinander zwei Kugeln gezogen; die erste wird nicht zurückgelegt.";ohne Zurücklegen;quelle-fremd-hh-sh-sh-msa-2022.txt · B4
wahrscheinlichkeit;ohne Zurücklegen;Von 200 Losen wurden 50 Nieten gezogen und nicht zurückgelegt.;ohne Zurücklegen;quelle-fremd-hh-sh-sh-msa-2023.txt · A2b
prozent;Erhöhung und Veränderung in Prozent;Ein Spiel kostete 8 € und wurde für 6 € weiterverkauft. Wie viel Prozent Verlust?;p;quelle-fremd-hh-sh-sh-msa-2023.txt · A4
wachstum;Tabelle ergänzen;In Reihe 1 sind 8 Plätze, in Reihe 2 zehn, in Reihe 3 zwölf – es geht so weiter.;linear;quelle-fremd-hh-sh-sh-msa-2023.txt · A8
wahrscheinlichkeit;ohne Zurücklegen;Aus 2 grünen und 3 blauen Kugeln wird dreimal ohne Zurücklegen gezogen.;ohne Zurücklegen;quelle-fremd-hh-sh-sh-msa-2023.txt · A18b
dreiecke;Kathete oder Hypotenuse direkt;Im rechtwinkligen Dreieck ACM sind beide Katheten 5 cm lang. Zeige, dass AC = √2 · 5 cm ist.;Pythagoras;quelle-fremd-hh-sh-sh-msa-2023.txt · B1 (1)b
wachstum;Faktor bestimmen, Gleichung aufstellen;"Kaffee kühlt ab: 100,0 °C; 89,0 °C; 79,2 °C; 70,5 °C nach 0 bis 3 Minuten.";exponentiell;quelle-fremd-hh-sh-sh-msa-2023.txt · B3 (2)
wachstum;Faktor bestimmen, Gleichung aufstellen;Nach jeder Stunde beträgt die Temperatur 20 % des Wertes vom Beginn der Stunde.;exponentiell;quelle-fremd-hh-sh-sh-msa-2024.txt · A17
prozent;Prozentwert;In der Klasse sind 30 Kinder, 40 % davon sind Mädchen. Wie viele Jungen?;W;quelle-fremd-hh-sh-sh-msa-2024.txt · A19a
dreiecke;Winkel berechnen;Im rechtwinkligen Dreieck sind a = 7,5 cm und b = 5 cm. Zeige, dass β ≈ 33,7° ist.;Winkelfunktion;quelle-fremd-hh-sh-sh-msa-2024.txt · B1 (1)a
dreiecke;Seite berechnen;Die Grundkante der Pyramide ist 230 m, die Seitenfläche ist um 50° geneigt. Zeige, dass h ≈ 179 m ist.;Winkelfunktion;quelle-fremd-hh-sh-sh-msa-2024.txt · B1 (3)a
dreiecke;Kathete oder Hypotenuse direkt;Der Kegel hat r = 3 cm und Höhe 4 cm. Zeige, dass s = 5 cm ist.;Pythagoras;quelle-fremd-hh-sh-sh-msa-2024.txt · B2 (5)b
prozent;Erhöhung und Veränderung in Prozent;Die Entfernung Erde–Sonne schwankt zwischen 147,1 und 152,1 Mio. km. Wie viel Prozent Unterschied?;p;quelle-fremd-hh-sh-sh-msa-2024.txt · B4 (5)c
wachstum;Graph zuordnen und begründen;"Wertetabelle: 0,8; 3,2; 5,6; 8; 10,4 – linear, quadratisch oder exponentiell?";linear;quelle-fremd-hh-sh-sh-msa-2025.txt · A4
dreiecke;rechten Winkel begründen;Das Dreieck hat a = 3 cm, b = 5 cm, c = 4 cm. Ist es rechtwinklig?;Pythagoras;quelle-fremd-hh-sh-sh-msa-2025.txt · A16
dreiecke;Seite berechnen;Der Turm ist 20 m hoch. Wie weit steht Ben vom Turm weg?;Winkelfunktion;quelle-fremd-hh-sh-sh-msa-2025.txt · B1 (1)b
dreiecke;Seite berechnen (Sinussatz);Im Dreieck aus Turmspitze, Ben und anderem Ufer kennst du 37,74 m und die Winkel 8° und 24°. Wie breit ist der Kanal?;Sinussatz;quelle-fremd-hh-sh-sh-msa-2025.txt · B1 (1)c
prozent;Erhöhung und Veränderung in Prozent;Ohne Deckel 716,8 cm² Material, mit Deckel 972,8 cm². Um wie viel Prozent mehr?;p;quelle-fremd-hh-sh-sh-msa-2025.txt · B2 (5)b
wahrscheinlichkeit;Pfadregel;Zufällige Wiedergabe aus 12 Liedern, Wiederholungen erlaubt: zweimal hintereinander dasselbe Lied.;mit Zurücklegen;quelle-fremd-hh-sh-sh-msa-2025.txt · B4 (1)
wahrscheinlichkeit;ohne Zurücklegen;Vier Lieder fehlen noch, sie werden ohne Wiederholung abgespielt.;ohne Zurücklegen;quelle-fremd-hh-sh-sh-msa-2025.txt · B4 (4)
wahrscheinlichkeit;ohne Zurücklegen;Von 8 verdeckten Karten wurde eine Herz-Karte aufgedeckt und weggelegt.;ohne Zurücklegen;quelle-fremd-hh-sh-sh-msa-2026.txt · A13
prozent;Prozentsatz;In einem Test sind 15 von 25 Antworten richtig. Wie viel Prozent?;p;quelle-fremd-hh-sh-sh-msa-2026.txt · A14
dreiecke;Winkel berechnen;Die Strecken s = 550 mm und r = 350 mm stehen senkrecht aufeinander. Bestimme die Winkel.;Winkelfunktion;quelle-fremd-hh-sh-sh-msa-2026.txt · B1 (1)b
prozent;Grundwert;"In 195 Fällen kamen zwei gleiche Farben; das sind 12,5 %. Wie oft wurde simuliert?";G;quelle-fremd-hh-sh-sh-msa-2026.txt · B4 (6)
prozent;Prozentwert;Der Grill kostet 249 €, es gibt 10 % Rabatt. Wie viel muss er zahlen?;W;quelle-fremd-hh-sh-sh-esa-2022.txt · B1 (3)
prozent;Erhöhung und Veränderung in Prozent;Die Stange ist 30,5 cm lang und lässt sich auf 76 cm verlängern. Um wie viel Prozent?;p;quelle-fremd-hh-sh-sh-esa-2022.txt · B1 (4)
prozent;Prozentsatz;Das Fahrzeug kostet 252 000 €, der Zuschuss beträgt 76 000 €. Wie viel Prozent?;p;quelle-fremd-hh-sh-sh-esa-2022.txt · B2 (2)
dreiecke;Kathete oder Hypotenuse direkt;Eine 6,50 m lange Leiter steht 4,00 m von der Wand entfernt. Wie hoch reicht sie?;Pythagoras;quelle-fremd-hh-sh-sh-esa-2022.txt · B2 (3)b
prozent;Prozentwert;550 Kinder testen sich zweimal, 98 % der Tests sind negativ. Wie viele positiv?;W;quelle-fremd-hh-sh-sh-esa-2023.txt · B1 (4)
dreiecke;Kathete oder Hypotenuse direkt;Die 1,50 m lange Treppe lehnt an der 1,30 m hohen Poolwand. Wie weit steht sie ab?;Pythagoras;quelle-fremd-hh-sh-sh-esa-2023.txt · B2 (5)
prozent;Grundwert;Der Pool kostet jetzt 1 125 €, das ist 1,5-mal so viel wie früher. Was kostete er früher?;G;quelle-fremd-hh-sh-sh-esa-2023.txt · B2 (6)
prozent;Grundwert;60 % der Lehrkräfte kommen mit dem Fahrrad, das sind 45. Wie viele Lehrkräfte gibt es?;G;quelle-fremd-hh-sh-sh-esa-2024.txt · A8
prozent;Erhöhung und Veränderung in Prozent;2008 gab es 1 500 Packstationen, 2023 waren es 15 000. Um wie viel Prozent mehr?;p;quelle-fremd-hh-sh-sh-esa-2024.txt · B1 (1)b
prozent;Prozentwert;928 Mio. Pakete wurden versendet, 0,03 % gingen verloren. Wie viele?;W;quelle-fremd-hh-sh-sh-esa-2024.txt · B1 (6)b
prozent;Erhöhung und Veränderung in Prozent;2015 kamen 3,8 Mio. Besucher, 2022 nur 2,9 Mio. Sind das etwa 25 % weniger?;p;quelle-fremd-hh-sh-sh-esa-2024.txt · B2 (1)b
dreiecke;Kathete oder Hypotenuse direkt;Die Katheten des Segelkurses sind 2,8 km und 2,6 km. Wie lang ist die dritte Seite?;Pythagoras;quelle-fremd-hh-sh-sh-esa-2024.txt · B2 (2)b
wahrscheinlichkeit;ohne Zurücklegen;Von 500 Losen wurden die ersten 40 gezogen, alles Nieten.;ohne Zurücklegen;quelle-fremd-hh-sh-sh-esa-2024.txt · B2 (4)b
prozent;Erhöhung und Veränderung in Prozent;Eine Hose kostet 50 €, der Preis wird um 20 % gesenkt. Neuer Preis?;neuer Wert;quelle-fremd-hh-sh-sh-esa-2025.txt · A6
dreiecke;Kathete oder Hypotenuse direkt;Hypotenuse 6,5 cm, eine Kathete 3,5 cm. Christian sagt, die andere Kathete sei 7,4 cm.;Pythagoras;quelle-fremd-hh-sh-sh-esa-2025.txt · A16
dreiecke;Dreieck erst in Figur oder Körper finden;Ein Trapez-Schwimmkurs: Stege 150 m und 20 m, Abstand 400 m. Zeige, dass x ≈ 420 m ist.;Pythagoras;quelle-fremd-hh-sh-sh-esa-2025.txt · B1 (1)c
prozent;Grundwert;Mit Videoaufrufen verdiente sie 6 000 €, das sind 4 % ihrer Einnahmen. Gesamteinnahmen?;G;quelle-fremd-hh-sh-sh-esa-2025.txt · B2 (3)
prozent;Prozentsatz;Von 70 000 Influencern konnten nur 2 500 davon leben. Wie viel Prozent nicht?;p;quelle-fremd-hh-sh-sh-esa-2025.txt · B2 (5)
prozent;Erhöhung und Veränderung in Prozent;Am 22.7. kamen etwa 21 000 Besucher, am 26.7. etwa 85 000. Ca. 300 % mehr?;p;quelle-fremd-hh-sh-sh-esa-2026.txt · B1 (1)b
prozent;Grundwert;3 Schüler sind 18 Jahre alt, das sind 12 % der Klasse.;G;quelle-fremd-hh-sh-hh-msa-beispiele-2026.txt · 4.1 Zahl Teil 2 Nr. 4
prozent;Zinsen und Zinssatz;"Lena hat 480 € auf dem Konto; Zinssatz 1,5 %. Guthaben nach einem Jahr?";Zinsen;quelle-fremd-hh-sh-hh-msa-beispiele-2026.txt · 4.1 Zahl Teil 2 Nr. 5
prozent;Zinseszins und Guthabentabelle;1 000 € werden zwei Jahre mit 2 % verzinst. Guthaben nach zwei Jahren?;Zinseszins;quelle-fremd-hh-sh-hh-msa-beispiele-2026.txt · 4.1 Zahl Teil 2 Nr. 6
prozent;Zinsen und Zinssatz;Joy überzieht ihr Konto 3 Monate um 500 € bei 10 % Zinsen im Jahr.;Zinsen;quelle-fremd-hh-sh-hh-msa-beispiele-2026.txt · 4.1 Zahl Teil 2 Nr. 7
wachstum;Faktor bestimmen, Gleichung aufstellen;Ein Bestand wächst jedes Jahr um 5 %.;exponentiell;quelle-fremd-hh-sh-hh-msa-beispiele-2026.txt · 4.1 Funktionaler Zusammenhang Teil 2 Nr. 14
wachstum;Tabelle ergänzen;Die Anzahl der Bakterien verdoppelt sich alle 60 Minuten.;exponentiell;quelle-fremd-hh-sh-hh-msa-beispiele-2026.txt · 4.1 Funktionaler Zusammenhang Teil 2 Nr. 15
wahrscheinlichkeit;ohne Zurücklegen;Aus vier Plättchen A, M, M, A wird ohne Zurücklegen gezogen.;ohne Zurücklegen;quelle-fremd-hh-sh-hh-msa-beispiele-2026.txt · 4.1 Daten und Zufall Teil 2 Nr. 9
wahrscheinlichkeit;ohne Zurücklegen;Aus 3 grünen und 4 blauen Kugeln werden zwei mit einem Griff gezogen.;ohne Zurücklegen;quelle-fremd-hh-sh-hh-msa-beispiele-2026.txt · 4.1 Daten und Zufall Teil 2 Nr. 14
prozent;Grundwert;Der Pullover wurde um 40 % reduziert und kostet jetzt 42 €. Alter Preis?;G;quelle-fremd-hh-sh-hh-msa-beispiele-2026.txt · 4.2 Beispiel 2, 1f
wahrscheinlichkeit;ohne Zurücklegen;4 Bälle werden gezogen und nicht wieder in die Kiste zurückgelegt.;ohne Zurücklegen;quelle-fremd-hh-sh-hh-msa-beispiele-2026.txt · 4.2 Beispiel 4, 4
dreiecke;Kathete oder Hypotenuse direkt;Der Kegel hat den Radius 1 m und die Höhe 1,5 m. Zeige, dass die Seitenlinie etwa 1,80 m ist.;Pythagoras;quelle-fremd-hh-sh-hh-msa-beispiele-2026.txt · 5.1 Wassertank e
dreiecke;Seite berechnen (Sinussatz);Im Dreieck sind c = 3,38 m, α = 30° und γ = 70° bekannt. Wie lang ist b?;Sinussatz;quelle-fremd-hh-sh-hh-msa-beispiele-2026.txt · 5.1 Wassertank f
dreiecke;Seite berechnen;Aus 400 m Entfernung sieht man die Spitze des Windrads unter 18°. Wie hoch ist es?;Winkelfunktion;quelle-fremd-hh-sh-hh-msa-beispiele-2026.txt · 5.1 Windpark d
dreiecke;Seite berechnen (Sinussatz);Im Dreieck ABC sind AC = 273 m, α = 51° und β = 62°. Sind B und C mindestens 240 m entfernt?;Sinussatz;quelle-fremd-hh-sh-hh-msa-beispiele-2026.txt · 5.1 Windpark e
dreiecke;Kathete oder Hypotenuse direkt;Der Turm ist 55 m hoch, seine Spitze ist 3,9 m geneigt. Wie lang wäre er gerade?;Pythagoras;quelle-fremd-hh-sh-hh-msa-beispiele-2026.txt · 5.1 Pisa d
prozent;Erhöhung und Veränderung in Prozent;Für den Bezug braucht man 15 % zusätzlichen Stoff.;neuer Wert;quelle-fremd-hh-sh-hh-msa-beispiele-2026.txt · 5.1 Billard b
prozent;Erhöhung und Veränderung in Prozent;Einzeln kostet die Karte 6,00 €, mit Gruppenkarte 4,50 €. Wie viel Prozent mehr zahlt man einzeln?;p;quelle-fremd-hh-sh-hh-msa-beispiele-2026.txt · 5.2 Tierpark b
prozent;Erhöhung und Veränderung in Prozent;Früher kamen 1 140 Besucher am Tag, jetzt 2 964. Um wie viel Prozent mehr?;p;quelle-fremd-hh-sh-hh-msa-beispiele-2026.txt · 5.2 Wasserfontäne b
prozent;Grundwert;"Nur 5 % der Flöhe sind erwachsen; ein Hund hat 20 erwachsene Flöhe.";G;quelle-fremd-hh-sh-hh-msa-beispiele-2026.txt · 5.2 Flöhe a
wahrscheinlichkeit;Pfadregel;Jede Woche werden 8 von 25 Schildern gezogen und danach zurückgelegt.;mit Zurücklegen;quelle-fremd-hh-sh-hh-msa-beispiele-2026.txt · 5.3 Klassendienste c
wahrscheinlichkeit;ohne Zurücklegen;Gezogene Namensschilder werden nicht wieder in die Box gelegt.;ohne Zurücklegen;quelle-fremd-hh-sh-hh-msa-beispiele-2026.txt · 5.3 Klassendienste d
prozent;Prozentsatz;2015 kamen 14 753 Läufer ins Ziel, davon 3 359 Frauen. Wie viel Prozent?;p;quelle-fremd-hh-sh-hh-msa-beispiele-2026.txt · 5.3 Hamburg-Marathon c
prozent;Erhöhung und Veränderung in Prozent;„Doppelt so teuer!“ – um wie viel Prozent ist der Preis gestiegen?;p;quelle-fremd-hh-sh-hh-esa-beispiele-2026.txt · 4.1 Zahl Teil 2 Nr. 12
prozent;Grundwert;18 Schüler sind 16 Jahre alt, das sind 60 % der Klasse.;G;quelle-fremd-hh-sh-hh-esa-beispiele-2026.txt · 4.1 Zahl Teil 2 Nr. 15
dreiecke;Kathete oder Hypotenuse direkt;Die Katheten sind 6 cm und 8 cm lang. Wie lang ist c?;Pythagoras;quelle-fremd-hh-sh-hh-esa-beispiele-2026.txt · 4.1 Messen Nr. 13
wachstum;Tabelle ergänzen;Eine Bakterienart verdoppelt sich alle 6 Stunden.;exponentiell;quelle-fremd-hh-sh-hh-esa-beispiele-2026.txt · 4.2 Beispiel 5 Nr. 21
prozent;Prozentwert;12 % der 10 340 000 Jugendlichen haben Schulden. Wie viele sind das?;W;quelle-fremd-hh-sh-hh-esa-beispiele-2026.txt · 5.1 Aufgabe 1
prozent;Zinsen und Zinssatz;Ein Kredit über 2 200 € kostet 6 % Zinsen im Jahr.;Zinsen;quelle-fremd-hh-sh-hh-esa-beispiele-2026.txt · 5.1 Aufgabe 2
prozent;Erhöhung und Veränderung in Prozent;Statt 140 Litern braucht die Familie 98 Liter. Wie viel Prozent weniger?;p;quelle-fremd-hh-sh-hh-esa-beispiele-2026.txt · 5.1 Aufgabe 4
dreiecke;Kathete oder Hypotenuse direkt;Der Laderaum ist 1,80 m hoch und 1,45 m breit. Passt eine 2,20 m breite Platte schräg hinein?;Pythagoras;quelle-fremd-hh-sh-hh-esa-beispiele-2026.txt · 5.2 Aufgabe 4
