"typ";"leitidee";"thema";"definition";"beispiel_id";"status"
"Trägerebene über Normalenvektor begründen";"Analytische Geometrie";"Ebenen";"Aus dem Richtungsvektor einer zur Ebene orthogonalen Geraden die Lage der Trägerebene erschließen und begründen.";"2018-bb-ea-A1.2a";"neu"
"Eckpunkt eines Quadrates nachweisen";"Analytische Geometrie";"Orthogonalität";"Über Länge und Skalarprodukt der Halbdiagonalen nachweisen, dass ein gegebener Punkt Eckpunkt eines Quadrates ist, und ihn als benachbart oder gegenüberliegend einordnen.";"2018-bb-ea-A1.2b";"neu"
"Durchstoßpunkt einer Geraden durch eine Ebene bestimmen";"Analytische Geometrie";"Schnittmengen";"Eine Gerade aufstellen oder übernehmen, den Geradenparameter aus der Koordinatengleichung der Ebene bestimmen und den Durchstoßpunkt durch Einsetzen angeben. Schließt Koordinaten- und achsenparallele Ebenen ein, bei denen eine Koordinate gleichgesetzt wird.";"2018-bb-ea-B3.1e";"neu"
"Streckenlänge im Raum berechnen";"Analytische Geometrie";"Abstände";"Die Länge einer Strecke im Raum als Betrag des Verbindungsvektors berechnen.";"2018-bb-ea-A1.2b";"neu"
"Nullstellen einer Funktionenschar mit Fallunterscheidung ermitteln";"Analysis";"Funktionsscharen und Ortskurven";"Die Anzahl und Lage der Nullstellen einer Schar in Abhängigkeit vom Parameter mit Fallunterscheidung bestimmen.";"2018-bb-ea-B2.1a";"neu"
"Grenzverhalten einer Exponentialfunktion untersuchen";"Analysis";"Grenzwerte und Verhalten im Unendlichen";"Das Verhalten der Funktionswerte eines Produkts aus Polynom und Exponentialfunktion für x gegen plus und minus unendlich bestimmen.";"2018-bb-ea-B2.1a";"neu"
"Schnittpunkt mit der y-Achse angeben";"Analysis";"Funktionsklassen und Eigenschaften";"Den Funktionswert an der Stelle 0 bestimmen und als Punkt angeben.";"2018-bb-ea-B2.1b";"neu"
"Parameterwert aus dem Graphen einer Schar ermitteln";"Analysis";"Funktionsscharen und Ortskurven";"Aus einem abgebildeten Graphen einer Schar den zugehörigen Parameterwert erschließen.";"2018-bb-ea-B2.1b";"neu"
"Graphen einer Schar beschriften";"Analysis";"Funktionsscharen und Ortskurven";"Abgebildete Graphen einer Schar den ermittelten Parameterwerten zuordnen und im Koordinatensystem kennzeichnen.";"2018-bb-ea-B2.1b";"neu"
"Fläche zwischen zwei Graphen berechnen";"Analysis";"Flächeninhalt durch Integration";"Den Inhalt einer von zwei Graphen und Randgeraden eingeschlossenen Fläche über das Integral der Differenzfunktion berechnen.";"2018-bb-ea-B2.1c";"neu"
"Fehlen von Extrempunkten einer Schar über die Diskriminante nachweisen";"Analysis";"Kurvenuntersuchung";"Über die notwendige Bedingung und das Vorzeichen des Radikanden nachweisen, dass eine Schar für einen Parameterbereich keine Extrempunkte hat.";"2018-bb-ea-B2.1d";"neu"
"Ableitung mit Produkt- und Kettenregel bilden";"Analysis";"Ableitungsregeln";"Die Ableitung eines Produkts aus Polynom und Exponentialfunktion bilden und zusammenfassen.";"2018-bb-ea-B2.1d";"neu"
"Zweite Ableitung nachweisen";"Analysis";"Ableitungsregeln";"Einen vorgegebenen Term als zweite Ableitung durch eigene Rechnung bestätigen.";"2018-bb-ea-B2.1e";"neu"
"Krümmungsverhalten aus der zweiten Ableitung deuten";"Analysis";"Kurvenuntersuchung";"Aus dem Vorzeichen der zweiten Ableitung Krümmung, Wendepunkte und Flachpunkte eines Graphen erschließen.";"2018-bb-ea-B2.1e";"neu"
"Tangentengleichung an einer Stelle ermitteln";"Analysis";"Tangente, Normale, Schnittwinkel";"Die Gleichung der Tangente an einen Graphen an einer gegebenen Stelle aus Funktionswert und Ableitung bestimmen.";"2018-bb-ea-B2.1f";"neu"
"Relative Abweichung zweier Funktionswerte prüfen";"Analysis";"Tangente, Normale, Schnittwinkel";"Die Abweichung eines Näherungswerts vom Funktionswert relativ berechnen und gegen eine Schranke prüfen.";"2018-bb-ea-B2.1f";"neu"
"Stellen mit maximalem Funktionswert einschließlich Rand bestimmen";"Analysis";"Kurvenuntersuchung";"Die Stellen des größten Funktionswerts auf einem Intervall bestimmen und dabei lokale Extrema und Randwerte vergleichen.";"2018-bb-ea-B2.1g";"neu"
"Integralfunktion im Sachzusammenhang deuten";"Analysis";"Rotationsvolumen";"Ein Integral mit variabler Grenze als Größe im Sachkontext deuten.";"2018-bb-ea-B2.1h";"neu"
"Umbeschriebenes Prisma zu einem Rotationskörper bestimmen";"Analysis";"Rotationsvolumen";"Aus dem maximalen Radius eines Rotationskörpers die Grundfläche und das Mindestvolumen eines umbeschriebenen Prismas bestimmen.";"2018-bb-ea-B2.1i";"neu"
"Flächeninhalt eines regelmäßigen Sechsecks aus dem Inkreisradius berechnen";"Analysis";"Rotationsvolumen";"Den Flächeninhalt eines regelmäßigen Sechsecks über die Zerlegung in Dreiecke aus dem Inkreisradius berechnen.";"2018-bb-ea-B2.1i";"neu"
"Sachzusammenhang durch Skizze und Gleichung darstellen";"Analysis";"Rotationsvolumen";"Einen geometrischen Zusammenhang durch eine eigene Skizze und eine Gleichung darstellen.";"2018-bb-ea-B2.1i";"neu"
"Parameter einer Parallelen zur x-Achse aus einer Abstandsbedingung berechnen";"Analysis";"Funktionsklassen und Eigenschaften";"Aus dem vorgegebenen Abstand der beiden Schnittpunkte einer Parallelen zur x-Achse mit einem achsensymmetrischen Graphen die Höhe dieser Parallelen bestimmen.";"2018-bb-ea-A1.1a";"neu"
"Tangente aus einer Bedingung an das Achsenabschnittsdreieck bestimmen";"Analysis";"Tangente, Normale, Schnittwinkel";"Die Berührstelle einer Tangente so bestimmen, dass das von Tangente und Koordinatenachsen gebildete Dreieck eine vorgegebene Eigenschaft hat, hier Gleichschenkligkeit.";"2018-bb-ea-A1.1b";"neu"
"Sektorenzahlen eines Glücksrads aus Wahrscheinlichkeiten ermitteln";"Stochastik";"Zufallsexperimente und Urnenmodelle";"Aus dem Sektorenwinkel die Gesamtzahl der Sektoren bestimmen und die geforderten Wahrscheinlichkeiten in Anzahlen der einzelnen Farben umrechnen.";"2018-bb-ea-A1.3a";"neu"
"Erwartungswert einer Zufallsgröße im Sachzusammenhang berechnen";"Stochastik";"Kenngrößen von Verteilungen";"Die Werte einer Zufallsgröße aus einem Sachtext ablesen und den Erwartungswert als Summe der mit ihren Wahrscheinlichkeiten gewichteten Werte bilden.";"2018-bb-ea-A1.3b";"neu"
"Punktsymmetrie am Funktionsterm begründen";"Analysis";"Funktionsklassen und Eigenschaften";"Anhand von f(−x) = −f(x) oder anhand ausschließlich ungerader Exponenten begründen, dass ein Graph punktsymmetrisch zum Ursprung ist.";"2018-bb-ea-B2.2a";"neu"
"Grenzverhalten einer Potenzfunktion untersuchen";"Analysis";"Grenzwerte und Verhalten im Unendlichen";"Das Verhalten der Funktionswerte einer Potenzfunktion mit negativem Exponenten für x gegen unendlich bestimmen, einschließlich der Annäherungsrichtung.";"2018-bb-ea-B2.2a";"neu"
"Ausschluss eines Parameterwerts über das Grenzverhalten begründen";"Analysis";"Grenzwerte und Verhalten im Unendlichen";"Begründen, dass kein Parameterwert eine geforderte Gleichheit von Grenzwerten erfüllt, indem die möglichen Grenzwerte der Schar mit dem festen Grenzwert der Vergleichsfunktion verglichen werden.";"2018-bb-ea-B2.2a";"neu"
"Flächeninhalt des Achsenabschnittsdreiecks einer Tangente berechnen";"Analysis";"Tangente, Normale, Schnittwinkel";"Die Tangente in einem gegebenen Punkt aufstellen, ihre beiden Achsenabschnitte bestimmen und daraus den Flächeninhalt des von Tangente und Koordinatenachsen begrenzten Dreiecks bilden.";"2018-bb-ea-B2.2b";"neu"
"Fehlen von Extrempunkten über das Vorzeichen der Ableitung begründen";"Analysis";"Kurvenuntersuchung";"Begründen, dass ein Graph keine lokalen Extrempunkte hat, indem gezeigt wird, dass die erste Ableitung im ganzen Definitionsbereich dasselbe Vorzeichen hat.";"2018-bb-ea-B2.2c";"neu"
"Stellen mit vorgegebenem Tangentenanstieg nachweisen";"Analysis";"Tangente, Normale, Schnittwinkel";"Die erste Ableitung einem vorgegebenen Anstieg gleichsetzen und über die Diskriminante der entstehenden Gleichung die Anzahl der Lösungen nachweisen.";"2018-bb-ea-B2.2d";"neu"
"Parameterwert für genau eine waagerechte Tangente bestimmen";"Analysis";"Funktionsscharen und Ortskurven";"Den Parameter einer Schar so bestimmen, dass die quadratische Gleichung f_a′(x) = 0 genau eine Lösung hat, also die Diskriminante null wird.";"2018-bb-ea-B2.2e";"neu"
"Nachweisverfahren für einen Sattelpunkt erläutern";"Analysis";"Kurvenuntersuchung";"In Worten beschreiben, mit welchen Bedingungen an zweite und dritte Ableitung oder über einen Vorzeichenwechsel sich ein Sattelpunkt nachweisen lässt, ohne die Rechnung auszuführen.";"2018-bb-ea-B2.2e";"neu"
"Punktprobe mit gerundeten Koordinaten durchführen";"Analysis";"Funktionsklassen und Eigenschaften";"Prüfen, ob gegebene Punkte auf einem Graphen liegen, wenn die Koordinaten nur gerundet angegeben sind, durch Einsetzen und Runden des Funktionswerts.";"2018-bb-ea-B2.2f";"neu"
"Umschließendes achsenparalleles Rechteck zu einer krummlinig begrenzten Fläche bestimmen";"Analysis";"Kurvenuntersuchung";"Die Seitenlängen des kleinsten achsenparallelen Rechtecks bestimmen, das eine von Funktionsgraphen begrenzte Fläche enthält, über die Randpunkte und die Extremstellen der Randkurven.";"2018-bb-ea-B2.2f";"neu"
"Ganzrationale Funktion aus Symmetrie und Randbedingungen rekonstruieren";"Analysis";"Rekonstruktion von Funktionsgleichungen";"Aus einer geforderten Symmetrie den Ansatz verkürzen und die verbliebenen Koeffizienten aus Funktions- und Ableitungswerten über ein lineares Gleichungssystem bestimmen.";"2018-bb-ea-B2.2h";"neu"
"Steigungswinkel in einen Anstieg umrechnen";"Analysis";"Tangente, Normale, Schnittwinkel";"Einen in Grad gegebenen Steigungswinkel über den Tangens in den Anstieg umrechnen und dabei das Vorzeichen aus der Lage im Sachzusammenhang bestimmen.";"2018-bb-ea-B2.2h";"neu"
"Gegebene Rechnung zum Geradenschnittpunkt erläutern";"Analytische Geometrie";"Schnittmengen";"Eine abgedruckte Rechnung als Gleichsetzen zweier Geraden in Parameterform deuten und benennen, welche Geraden und welcher Punkt damit bestimmt werden.";"2018-bb-ea-B3.1a";"neu"
"Rechtwinkligkeit eines Dreiecks über Skalarprodukte ausschließen";"Analytische Geometrie";"Orthogonalität";"Für alle drei Ecken eines Dreiecks im Raum das Skalarprodukt der anliegenden Seitenvektoren bilden und aus lauter Werten ungleich null schließen, dass kein rechter Winkel vorliegt.";"2018-bb-ea-B3.1b";"neu"
"Innenwinkel eines Dreiecks über das Skalarprodukt berechnen";"Analytische Geometrie";"Skalarprodukt und Winkel";"Den Winkel an einer Ecke eines Dreiecks im Raum aus dem Skalarprodukt der beiden anliegenden Seitenvektoren und ihren Beträgen bestimmen.";"2018-bb-ea-B3.1c";"neu"
"Höhe eines Dreiecks im Raum über den Flächeninhalt berechnen";"Analytische Geometrie";"Flächeninhalt und Volumen im Raum";"Den Flächeninhalt eines Dreiecks im Raum bestimmen und daraus die Höhe auf einer vorgegebenen Seite als doppelten Flächeninhalt geteilt durch die Seitenlänge gewinnen.";"2018-bb-ea-B3.1c";"neu"
"Pyramidenvolumen aus Grundfläche und Höhe berechnen";"Analytische Geometrie";"Flächeninhalt und Volumen im Raum";"Das Volumen einer Pyramide im Koordinatensystem aus dem Flächeninhalt der Grundfläche und dem Abstand der Spitze zu deren Ebene bestimmen.";"2018-bb-ea-B3.1d";"neu"
"Bedarfsgröße aus einem Volumen im Sachzusammenhang nachweisen";"Analytische Geometrie";"Flächeninhalt und Volumen im Raum";"Aus einem berechneten Volumen über einen Dreisatz eine Bedarfsgröße wie Leistung oder Menge bestimmen und gegen einen vorgegebenen Wert prüfen.";"2018-bb-ea-B3.1d";"neu"
"Punkt auf einer Strecke mit vorgegebenem Abstand zu einer Ebene bestimmen";"Analytische Geometrie";"Abstände";"Den Parameter eines Punktes auf einer Strecke so bestimmen, dass sein über die Hessesche Normalform berechneter Abstand zu einer gegebenen Ebene einen vorgegebenen Wert annimmt.";"2018-bb-ea-B3.1f";"neu"
"Parametergleichung einer Ebene aus Punkten angeben";"Analytische Geometrie";"Ebenen";"Aus gegebenen Punkten einer Ebene einen Stützvektor und zwei nicht parallele Spannvektoren wählen und die Parameterform aufschreiben.";"2018-bb-ea-B3.2a";"neu"
"Parameter einer Geradenschar aus einem vorgegebenen Durchstoßpunkt bestimmen";"Analytische Geometrie";"Scharen von Geraden und Ebenen";"Den Scharparameter so bestimmen, dass eine Gerade der Schar einen vorgegebenen Punkt trifft, indem die Parameterform diesem Punkt gleichgesetzt wird.";"2018-bb-ea-B3.2b";"neu"
"Mittelpunkt eines Quadrates als Diagonalenmittelpunkt bestimmen";"Analytische Geometrie";"Punkte und Strecken im Koordinatensystem";"Den Mittelpunkt eines Vierecks im Raum als halbe Summe der Ortsvektoren zweier gegenüberliegender Eckpunkte berechnen.";"2018-bb-ea-B3.2b";"neu"
"Schnittwinkel zweier Geraden über das Skalarprodukt berechnen";"Analytische Geometrie";"Skalarprodukt und Winkel";"Den Winkel zwischen zwei Geraden aus dem Betrag des Skalarprodukts ihrer Richtungsvektoren und deren Beträgen bestimmen, sodass der spitze Winkel entsteht.";"2018-bb-ea-B3.2b";"neu"
"Lage eines durch eine Linearkombination gegebenen Punktes beschreiben";"Analytische Geometrie";"Linearkombination und lineare Abhängigkeit";"Eine als Linearkombination gegebene Punktdarstellung geometrisch deuten und die Lage des Punktes zu einer Figur in Worten beschreiben.";"2018-bb-ea-B3.2c";"neu"
"Baumdiagramm zu einer zweistufigen Situation erstellen";"Stochastik";"Baumdiagramm und Pfadregeln";"Aus einer Wahrscheinlichkeit und einer bedingten Wahrscheinlichkeit ein beschriftetes zweistufiges Baumdiagramm mit allen Ästen und Pfadwahrscheinlichkeiten aufbauen.";"2018-bb-ea-B4.1a";"neu"
"Wahrscheinlichkeit einer Binomialverteilung für genau k Treffer berechnen";"Stochastik";"Binomialverteilung";"Eine Situation als Bernoulli-Kette erkennen und die Wahrscheinlichkeit für eine vorgegebene Trefferzahl mit der Binomialformel berechnen.";"2018-bb-ea-B4.1b";"neu"
"Ereignis zu einem gegebenen Wahrscheinlichkeitsterm beschreiben";"Stochastik";"Binomialverteilung";"Einen abgedruckten Term aus Binomialformeln und Gegenwahrscheinlichkeit lesen und das zugehörige Ereignis in Worten beschreiben.";"2018-bb-ea-B4.1c";"neu"
"Wahrscheinlichkeit beim Ziehen ohne Zurücklegen über das Gegenereignis berechnen";"Stochastik";"Hypergeometrische Verteilung";"Eine Auswahl ohne Zurücklegen als hypergeometrische Situation erkennen und die Wahrscheinlichkeit für höchstens oder mindestens eine Trefferzahl über das Gegenereignis bestimmen.";"2018-bb-ea-B4.1d";"neu"
"Vierfeldertafel aus Anteilen aufstellen";"Stochastik";"Vierfeldertafel";"Aus Randanteilen und einem Anteil innerhalb einer Teilgruppe die vier Felder einer Vierfeldertafel vollständig berechnen.";"2018-bb-ea-B4.2a";"neu"
"Bedingte Wahrscheinlichkeit aus der Vierfeldertafel berechnen";"Stochastik";"Bedingte Wahrscheinlichkeit und Bayes";"Eine bedingte Wahrscheinlichkeit als Quotient aus einem Feld der Vierfeldertafel und dem zugehörigen Randwert bestimmen.";"2018-bb-ea-B4.2a";"neu"
"Trefferwahrscheinlichkeit beim Wechsel der Trefferdefinition anpassen";"Stochastik";"Binomialverteilung";"Bei einer nach dem Gegenmerkmal gefragten Anzahl die Trefferwahrscheinlichkeit auf die Gegenwahrscheinlichkeit umstellen oder gleichwertig die Trefferzahl umrechnen.";"2018-bb-ea-B4.2b";"neu"
"Wahrscheinlichkeiten über den Erwartungswert vergleichen";"Stochastik";"Kenngrößen von Verteilungen";"Zwei Einzelwahrscheinlichkeiten einer Binomialverteilung ohne Rechnung vergleichen, indem ihre Abstände zum Erwartungswert betrachtet werden.";"2018-bb-ea-B4.2c";"neu"
"Entscheidungsregel für einen einseitigen Signifikanztest bestimmen";"Stochastik";"Hypothesentests";"Zu einer Nullhypothese, einem Stichprobenumfang und einem Signifikanzniveau den Ablehnungsbereich eines einseitigen Tests aus der summierten Binomialverteilung ablesen.";"2018-bb-ea-B4.2d";"neu"
"Mindestanzahl beim Ziehen ohne Zurücklegen über das Gegenereignis bestimmen";"Stochastik";"Zufallsexperimente und Urnenmodelle";"Die kleinste Anzahl zu ziehender Elemente bestimmen, für die eine geforderte Mindestwahrscheinlichkeit erreicht wird, über das Gegenereignis und eine Ungleichung.";"2018-bb-ea-B4.2e";"neu"
"Nullstelle einer Exponentialfunktion durch Logarithmieren bestimmen";"Analysis";"Gleichungen lösen";"Eine Gleichung der Form c · e^(kx) + d = 0 nach der Exponentialfunktion auflösen und durch Logarithmieren die Nullstelle exakt angeben.";"2017-bb-ea-A1.1a";"neu"
"Gleichschenkligkeit des Achsenabschnittsdreiecks einer Tangente nachweisen";"Analysis";"Tangente, Normale, Schnittwinkel";"Die Achsenschnittpunkte einer Tangente berechnen und aus dem Vergleich der beiden Achsenabschnitte eine Eigenschaft des entstehenden Dreiecks nachweisen.";"2017-bb-ea-A1.1b";"neu"
"Flächeninhalt eines Dreiecks aus den Spurpunkten einer Ebene berechnen";"Analytische Geometrie";"Flächeninhalt und Volumen im Raum";"Aus den Spurpunkten einer Ebene auf zwei Koordinatenachsen und dem Koordinatenursprung ein rechtwinkliges Dreieck bilden und seinen Flächeninhalt aus den Achsenabschnitten bestimmen.";"2017-bb-ea-A1.2a";"neu"
"Spurpunkte einer Ebene auf den Koordinatenachsen bestimmen";"Analytische Geometrie";"Schnittmengen";"Aus der Koordinatengleichung einer Ebene die Schnittpunkte mit den Koordinatenachsen bestimmen, indem die jeweils anderen Koordinaten null gesetzt werden.";"2017-bb-ea-A1.2a";"neu"
"Normalenvektor als Ortsvektor eines Ebenenpunktes bestimmen";"Analytische Geometrie";"Ebenen";"Ein Vielfaches des Normalenvektors als Ortsvektor ansetzen, in die Koordinatengleichung der Ebene einsetzen und den Faktor bestimmen.";"2017-bb-ea-A1.2b";"neu"
"Wahrscheinlichkeit bei zweistufigem Umlegen zwischen Urnen berechnen";"Stochastik";"Baumdiagramm und Pfadregeln";"Ein zweistufiges Urnenexperiment mit Umlegen einer Kugel als Baum auffassen, die durch den ersten Zug veränderten Inhalte berücksichtigen und die Pfadwahrscheinlichkeiten zusammenfassen.";"2017-bb-ea-A1.3a";"neu"
"Auszahlung eines fairen Spiels aus der Fairnessbedingung bestimmen";"Stochastik";"Kenngrößen von Verteilungen";"Die unbekannte Auszahlung eines Glücksspiels so bestimmen, dass der erwartete Gewinn null ist, indem Erwartungswert und Einsatz gleichgesetzt werden.";"2017-bb-ea-A1.3b";"neu"
"Totale Wahrscheinlichkeit bei zufälliger Auswahl einer Urne berechnen";"Stochastik";"Baumdiagramm und Pfadregeln";"Die Wahrscheinlichkeit eines Ereignisses über mehrere gleich wahrscheinliche Teilversuche hinweg bestimmen, indem die bedingten Wahrscheinlichkeiten gewichtet addiert werden.";"2017-bb-ea-A1.3b";"neu"
"Definitionsbereich einer Logarithmusfunktion angeben";"Analysis";"Funktionsklassen und Eigenschaften";"Den größtmöglichen Definitionsbereich einer Logarithmusfunktion aus der Bedingung bestimmen, dass das Argument positiv sein muss, gegebenenfalls in Abhängigkeit von einem Parameter.";"2017-bb-ea-B2.1a";"neu"
"Gemeinsamen Punkt aller Graphen einer Schar nachweisen";"Analysis";"Funktionsscharen und Ortskurven";"Zeigen, dass ein Punkt auf allen Graphen einer Schar liegt, indem der Funktionswert an dieser Stelle vom Parameter unabhängig ist.";"2017-bb-ea-B2.1a";"neu"
"Parameterwert einer Schar aus einer Funktionswertbedingung exakt bestimmen";"Analysis";"Funktionsscharen und Ortskurven";"Den Scharparameter aus einer Bedingung an einen Funktionswert bestimmen, indem die entstehende Gleichung exakt, also ohne Rundung, nach dem Parameter aufgelöst wird.";"2017-bb-ea-B2.1a";"neu"
"Gemeinsamen Extrempunkt einer Funktionenschar nachweisen";"Analysis";"Funktionsscharen und Ortskurven";"Die Ableitung der Schar bilden, ihre Nullstelle als parameterunabhängig nachweisen und aus dem zugehörigen Funktionswert den für alle Graphen gemeinsamen Extrempunkt angeben.";"2017-bb-ea-B2.1b";"neu"
"Art eines Extrempunktes über den Vorzeichenwechsel der ersten Ableitung begründen";"Analysis";"Kurvenuntersuchung";"Ohne zweite Ableitung begründen, ob an einer Stelle ein Hoch- oder Tiefpunkt vorliegt, indem das Vorzeichen der ersten Ableitung links und rechts der Stelle bestimmt wird.";"2017-bb-ea-B2.1b";"neu"
"Schranke für den Anstieg der Tangenten einer Schar begründen";"Analysis";"Tangente, Normale, Schnittwinkel";"Den Tangentenanstieg an einer festen Stelle als Term im Scharparameter aufstellen und durch Umformen oder Grenzwertbetrachtung zeigen, dass er eine Schranke nicht überschreitet.";"2017-bb-ea-B2.1c";"neu"
"Normalengleichung an einer Stelle ermitteln";"Analysis";"Tangente, Normale, Schnittwinkel";"Die Gleichung der Normalen an einen Graphen an einer gegebenen Stelle aus Funktionswert und negativem Kehrwert der Ableitung bestimmen.";"2017-bb-ea-B2.1c";"neu"
"Flächeninhalt des von Tangente, Normale und y-Achse begrenzten Dreiecks berechnen";"Analysis";"Tangente, Normale, Schnittwinkel";"Die Achsenschnittpunkte von Tangente und Normale bestimmen und aus der Strecke auf der Achse als Grundseite und dem Abstand des Berührpunktes als Höhe den Flächeninhalt berechnen.";"2017-bb-ea-B2.1c";"neu"
"Parabelgleichung aus Symmetrie und einer Flächenbedingung rekonstruieren";"Analysis";"Rekonstruktion von Funktionsgleichungen";"Den Ansatz einer achsensymmetrischen Parabel über eine Nullstelle verkürzen und den verbliebenen Koeffizienten aus einer vorgegebenen Flächengröße über das Integral bestimmen.";"2017-bb-ea-B2.1e";"neu"
"Fehlerhaftes Verfahren zur Volumenberechnung beurteilen und berichtigen";"Analysis";"Rotationsvolumen";"Die Teilschritte einer vorgelegten fremden Rechnung einzeln auf Richtigkeit prüfen, die fehlerhaften benennen und die richtige Vorgehensweise beschreiben.";"2017-bb-ea-B2.1f";"neu"
"Rotationsvolumen um die y-Achse über die Umkehrfunktion aufstellen";"Analysis";"Rotationsvolumen";"Für die Rotation einer Fläche um die y-Achse den Funktionsterm nach x² auflösen und das Volumenintegral über y aufstellen und auswerten.";"2017-bb-ea-B2.1f";"neu"
"Volumenmaßstab zwischen Modell und Wirklichkeit umrechnen";"Analysis";"Rotationsvolumen";"Aus dem Längenmaßstab eines Modells den Volumenmaßstab als dritte Potenz bilden und ein in Volumeneinheiten berechnetes Volumen in Realmaße umrechnen.";"2017-bb-ea-B2.1f";"neu"
"Nullstellenfreiheit über das Vorzeichen des Funktionsterms begründen";"Analysis";"Funktionsklassen und Eigenschaften";"Begründen, dass eine Funktion keine Nullstelle hat, indem der Funktionsterm als Summe oder Produkt stets positiver Bestandteile erkannt wird.";"2017-bb-ea-B2.2a";"neu"
"Achsensymmetrie am Funktionsterm nachweisen";"Analysis";"Funktionsklassen und Eigenschaften";"Die Symmetrie eines Graphen zur y-Achse nachweisen, indem f(−x) gebildet und mit f(x) verglichen wird.";"2017-bb-ea-B2.2a";"neu"
"Art eines Extrempunktes über die zweite Ableitung bestimmen";"Analysis";"Kurvenuntersuchung";"Mit dem Vorzeichen der zweiten Ableitung an einer Stelle mit waagerechter Tangente entscheiden, ob ein Hoch- oder ein Tiefpunkt vorliegt.";"2017-bb-ea-B2.2b";"neu"
"Fehlen von Wendepunkten über die zweite Ableitung nachweisen";"Analysis";"Kurvenuntersuchung";"Zeigen, dass ein Graph keine Wendepunkte besitzt, indem die zweite Ableitung als nirgends null nachgewiesen wird.";"2017-bb-ea-B2.2b";"neu"
"Dreieck zu Schnittpunkten mit einer Parallelen zur x-Achse einzeichnen";"Analysis";"Extremalprobleme";"In ein vorgegebenes Koordinatensystem mit Graph eine Parallele zur x-Achse, ihre beiden Schnittpunkte mit dem Graphen und das daraus mit einem festen Punkt gebildete Dreieck eintragen.";"2017-bb-ea-B2.2c";"neu"
"Existenz eines Flächenmaximums ohne Rechnung begründen";"Analysis";"Extremalprobleme";"Aus dem Verhalten einer Flächenfunktion an den offenen Rändern des zulässigen Bereichs begründen, dass ein größter Wert angenommen wird, ein kleinster dagegen nicht.";"2017-bb-ea-B2.2c";"neu"
"Zielfunktion für den Flächeninhalt eines Dreiecks aufstellen";"Analysis";"Extremalprobleme";"Grundseite und Höhe eines Dreiecks durch eine gemeinsame Variable ausdrücken und daraus die Flächeninhaltsfunktion als Gleichung aufstellen.";"2017-bb-ea-B2.2c";"neu"
"Näherungsweise tangentiale Einmündung einer Geraden nachweisen";"Analysis";"Tangente, Normale, Schnittwinkel";"Zeigen, dass eine Gerade an einer Anschlussstelle näherungsweise Tangente eines Graphen ist, indem Funktionswert und Anstieg mit den Werten der Geraden verglichen werden.";"2017-bb-ea-B2.2d";"neu"
"Punkt in vorgegebener Entfernung auf einer Geraden bestimmen";"Analysis";"Gleichungen lösen";"Von einem Ausgangspunkt aus einen Punkt auf einer Geraden bestimmen, dessen Entfernung vorgegeben ist, indem die Länge über den Satz des Pythagoras auf die Koordinatenzuwächse verteilt wird.";"2017-bb-ea-B2.2e";"neu"
"Gleichungssystem zur Bestimmung einer Parabelgleichung aufstellen";"Analysis";"Lineare Gleichungssysteme";"Aus Punktbedingungen und einer Anstiegsbedingung ein lineares Gleichungssystem für die Koeffizienten einer quadratischen Funktion aufstellen, ohne es zu lösen.";"2017-bb-ea-B2.2e";"neu"
"Abschnittsweise begrenzte Fläche durch Integration berechnen";"Analysis";"Flächeninhalt durch Integration";"Eine Fläche, deren oberer Rand abschnittsweise durch verschiedene Funktionen gegeben ist, in Teilintegrale zerlegen und die Teilflächen addieren.";"2017-bb-ea-B2.2f";"neu"
"Flächenmaßstab eines Modells auf eine Realfläche anwenden";"Analysis";"Flächeninhalt durch Integration";"Aus dem Längenmaßstab eines Modells den Flächenmaßstab als zweite Potenz bilden und eine in Flächeneinheiten berechnete Fläche in Realmaße umrechnen.";"2017-bb-ea-B2.2f";"neu"
"Koordinaten der Eckpunkte einer Pyramide aus der Beschreibung angeben";"Analytische Geometrie";"Punkte und Strecken im Koordinatensystem";"Aus Angaben zu Lage, Seitenlänge und Höhe eines Körpers die Koordinaten seiner Eckpunkte und der Spitze bestimmen.";"2017-bb-ea-B3.1a";"neu"
"Körper in ein räumliches Koordinatensystem einzeichnen";"Analytische Geometrie";"Punkte und Strecken im Koordinatensystem";"Einen durch Koordinaten gegebenen Körper als Schrägbild in ein vorgegebenes räumliches Koordinatensystem eintragen.";"2017-bb-ea-B3.1a";"neu"
"Schnittwinkel zweier Ebenen über die Normalenvektoren berechnen";"Analytische Geometrie";"Skalarprodukt und Winkel";"Den Winkel zwischen zwei Ebenen aus dem Skalarprodukt ihrer Normalenvektoren bestimmen und je nach Fragestellung den spitzen Winkel oder seinen Nebenwinkel angeben.";"2017-bb-ea-B3.1b";"neu"
"Koordinatengleichung einer Ebene aus drei Punkten aufstellen";"Analytische Geometrie";"Ebenen";"Aus drei Punkten einer Ebene einen Normalenvektor gewinnen und die Koordinatengleichung aufstellen.";"2017-bb-ea-B3.1b";"neu"
"Punkt mit gleichem Abstand zu allen Seitenflächen über die Symmetrieachse bestimmen";"Analytische Geometrie";"Abstände";"Aus der Symmetrie eines Körpers schließen, dass der gesuchte Punkt auf der Mittelsenkrechten liegt, und seine verbleibende Koordinate aus einer Abstandsbedingung zu einer Seitenfläche bestimmen.";"2017-bb-ea-B3.1c";"neu"
"Abstand eines Punktes von einer Ebene mit der Hesseschen Normalform berechnen";"Analytische Geometrie";"Abstände";"Die Koordinatengleichung einer Ebene normieren und den Abstand eines Punktes durch Einsetzen seiner Koordinaten bestimmen.";"2017-bb-ea-B3.1c";"neu"
"Lage eines Punktes auf einer Strecke über eine Linearkombination nachweisen";"Analytische Geometrie";"Linearkombination und lineare Abhängigkeit";"Eine Linearkombination zweier Ortsvektoren mit der Nebenbedingung, dass die Koeffizienten zusammen eins ergeben, in die Parameterform einer Strecke umformen und so die Lage des Punktes nachweisen.";"2017-bb-ea-B3.1d";"neu"
"Strecke in einer geneigten Ebene über einen Höhenschnitt bestimmen";"Analytische Geometrie";"Abstände";"Zu einer vorgegebenen Höhe den zugehörigen Punkt einer geneigten Ebene bestimmen und die Länge der Strecke von einer Grundkante dorthin in der Ebene berechnen.";"2017-bb-ea-B3.1e";"neu"
"Ganzzahligen Scharparameter aus einer Bereichsbedingung an den Durchstoßpunkt bestimmen";"Analytische Geometrie";"Scharen von Geraden und Ebenen";"Den Parameter im Richtungsvektor einer Geradenschar so bestimmen, dass der Durchstoßpunkt durch eine Ebene in einem vorgegebenen Bereich liegt, und daraus zulässige ganzzahlige Werte angeben.";"2017-bb-ea-B3.1f";"neu"
"Schnittwinkel zwischen Gerade und Ebene berechnen";"Analytische Geometrie";"Skalarprodukt und Winkel";"Den Neigungswinkel einer Geraden gegenüber einer Ebene über den Sinus aus Richtungs- und Normalenvektor bestimmen.";"2017-bb-ea-B3.2a";"neu"
"Gesamthöhe eines zusammengesetzten Körpers über die Spitze bestimmen";"Analytische Geometrie";"Schnittmengen";"Die Spitze eines Körpers als Punkt einer Kantengeraden über der Symmetrieachse bestimmen und ihre Höhe als Gesamthöhe angeben.";"2017-bb-ea-B3.2b";"neu"
"Koordinatengleichung einer Ebene aus Gerade und Punkt nachweisen";"Analytische Geometrie";"Ebenen";"Eine vorgegebene Koordinatengleichung als Ebene durch eine Gerade und einen Punkt bestätigen, indem Punktproben durchgeführt und Richtungsvektor und Normalenvektor als orthogonal nachgewiesen werden.";"2017-bb-ea-B3.2c";"neu"
"Lotgerade von einem Punkt auf eine Ebene angeben";"Analytische Geometrie";"Abstände";"Die Gerade durch einen Punkt mit dem Normalenvektor einer Ebene als Richtungsvektor aufstellen, auf der der Punkt kleinsten Abstands liegt.";"2017-bb-ea-B3.2d";"neu"
"Wahrscheinlichkeit aus den Sektorwinkeln eines Glücksrads bestimmen";"Stochastik";"Zufallsexperimente und Urnenmodelle";"Die Wahrscheinlichkeit eines Ergebnisses beim Glücksrad als Anteil des zugehörigen Mittelpunktswinkels am Vollwinkel bestimmen.";"2017-bb-ea-B4.1c";"neu"
"Wahrscheinlichkeit für den ersten Treffer bei der k-ten Wiederholung berechnen";"Stochastik";"Zufallsgrößen und Verteilungen";"Die Wahrscheinlichkeit dafür berechnen, dass bei unabhängigen Wiederholungen erst der k-te Versuch ein Treffer ist, als Produkt aus Nichttreffern und einem Treffer.";"2017-bb-ea-B4.2a";"neu"
"Wahrscheinlichkeit einer festgelegten Trefferfolge berechnen";"Stochastik";"Baumdiagramm und Pfadregeln";"Die Wahrscheinlichkeit einer Bernoulli-Kette mit festgelegten Trefferpositionen über die Pfadregel ohne Binomialkoeffizient bestimmen.";"2017-bb-ea-B4.2a";"neu"
"Kumulierte Wahrscheinlichkeit einer Binomialverteilung berechnen";"Stochastik";"Binomialverteilung";"Ein Ereignis wie mindestens oder mehr als k Treffer in Einzelfälle zerlegen und die Wahrscheinlichkeiten summieren oder über das Gegenereignis bestimmen.";"2017-bb-ea-B4.2a";"neu"
"Mindestanzahl von Versuchen einer Bernoulli-Kette über das Gegenereignis bestimmen";"Stochastik";"Binomialverteilung";"Die kleinste Zahl unabhängiger Wiederholungen bestimmen, für die mindestens ein Treffer mit vorgegebener Mindestwahrscheinlichkeit auftritt, über das Gegenereignis und Logarithmieren.";"2017-bb-ea-B4.2b";"neu"
"Anteil einer Teilgruppe aus der totalen Wahrscheinlichkeit berechnen";"Stochastik";"Bedingte Wahrscheinlichkeit und Bayes";"Den unbekannten Anteil einer Teilgruppe bestimmen, indem die Gesamtwahrscheinlichkeit als gewichtete Summe der bedingten Wahrscheinlichkeiten angesetzt und die Gleichung gelöst wird.";"2017-bb-ea-B4.2c";"neu"
"Modalwert einer Binomialverteilung bestimmen";"Stochastik";"Binomialverteilung";"Die Trefferzahl mit der größten Einzelwahrscheinlichkeit bestimmen, indem die Werte in der Umgebung des Erwartungswerts verglichen werden.";"2017-bb-ea-B4.2d";"neu"
"Ungeeignetheit des Binomialmodells begründen";"Stochastik";"Binomialverteilung";"Begründen, dass eine Situation nicht binomialverteilt ist, weil ohne Zurücklegen gezogen wird und die Trefferwahrscheinlichkeit deshalb nicht gleich bleibt.";"2017-bb-ea-B4.2e";"neu"
"Vertikalen Abstand zweier Punkte als Differenz von Funktionswerten berechnen";"Analysis";"Funktionsklassen und Eigenschaften";"Den senkrechten Abstand zweier Punkte, die dieselbe x-Koordinate haben, als Differenz der zugehörigen Funktionswerte berechnen.";"2018-be-gk-B1.1a";"neu"
"Lage und Art aller lokalen Extrempunkte bestimmen";"Analysis";"Kurvenuntersuchung";"Alle Stellen mit waagerechter Tangente über die erste Ableitung bestimmen, ihre Art mit der zweiten Ableitung entscheiden und die Extrempunkte mit beiden Koordinaten angeben.";"2018-be-gk-B1.1c";"neu"
"Extrempunkt einem Punkt im Sachzusammenhang zuordnen";"Analysis";"Kurvenuntersuchung";"Aus mehreren berechneten Extrempunkten denjenigen auswählen, der einem im Sachtext benannten Punkt entspricht, und die Auswahl begründen.";"2018-be-gk-B1.1c";"neu"
"Stelle des stärksten Gefälles über die zweite Ableitung bestimmen";"Analysis";"Kurvenuntersuchung";"Die Stelle mit dem stärksten Anstieg oder Gefälle als Extremstelle der ersten Ableitung bestimmen, indem die zweite Ableitung null gesetzt wird.";"2018-be-gk-B1.1d";"neu"
"Quadratische Funktion aus knickfreiem Übergang und einer Wertbedingung rekonstruieren";"Analysis";"Rekonstruktion von Funktionsgleichungen";"Aus der Forderung, dass zwei Graphen an einer Stelle ohne Knick ineinander übergehen, die Bedingungen gleicher Funktionswert und gleicher Anstieg gewinnen und mit einer weiteren Bedingung die Gleichung einer quadratischen Funktion bestimmen.";"2018-be-gk-B1.1e";"neu"
"Schnittpunkt zweier Graphen über eine biquadratische Gleichung berechnen";"Analysis";"Gleichungen lösen";"Zwei Funktionsterme gleichsetzen, die entstehende Gleichung vierten Grades mit der Substitution u = x² auf eine quadratische zurückführen und die brauchbare Lösung zurücksubstituieren.";"2018-be-gk-B1.1f";"neu"
"Graphen einer Funktion in ein vorgegebenes Koordinatensystem einzeichnen";"Analysis";"Funktionsklassen und Eigenschaften";"Den Verlauf einer Funktion mit Hilfe einiger berechneter Punkte in ein vorgegebenes Koordinatensystem eintragen, das bereits andere Graphen enthält.";"2018-be-gk-B1.1f";"neu"
"Maximalen vertikalen Abstand zweier Graphen über die Differenzfunktion nachweisen";"Analysis";"Extremalprobleme";"Die Differenz zweier Funktionen als Zielfunktion aufstellen, ihre Extremstelle bestimmen und den größten vertikalen Abstand gegen eine vorgegebene Schranke prüfen.";"2018-be-gk-B1.1g";"neu"
"Schnittwinkel zwischen Tangente und Gerade über die Anstiege berechnen";"Analysis";"Tangente, Normale, Schnittwinkel";"Den Anstieg der Tangente über die Ableitung bestimmen und den Winkel zur gegebenen Geraden aus beiden Anstiegen berechnen, über die Differenz der Steigungswinkel oder über die Tangensformel.";"2018-be-gk-B1.2b";"neu"
"Stammfunktion durch Ableiten nachweisen";"Analysis";"Stammfunktion und Hauptsatz";"Eine vorgegebene Funktion ableiten und zeigen, dass die Ableitung mit dem gegebenen Integranden übereinstimmt.";"2018-be-gk-B1.2c";"neu"
"Einzige Nullstelle über den positiven Exponentialfaktor nachweisen";"Analysis";"Funktionsklassen und Eigenschaften";"Bei einem Produkt aus Polynom und Exponentialfunktion begründen, dass nur der Polynomfaktor null werden kann, und daraus die vollständige Nullstellenmenge angeben.";"2018-be-gk-B1.2c";"neu"
"Hochpunkt über die notwendige Bedingung bestimmen";"Analysis";"Kurvenuntersuchung";"Die erste Ableitung null setzen, die Extremstelle bestimmen und den zugehörigen Funktionswert angeben, ohne die hinreichende Bedingung zu prüfen.";"2018-be-gk-B1.2d";"neu"
"Sekantengleichung durch zwei Punkte eines Graphen ermitteln";"Analysis";"Ableitung und Änderungsrate";"Zu zwei Stellen die Funktionswerte berechnen, daraus den Anstieg der Sekante als Differenzenquotient bilden und die Geradengleichung aufstellen.";"2018-be-gk-B1.2e";"neu"
"Unterschreiten einer Steigungsschranke über das Minimum der Ableitung nachweisen";"Analysis";"Ableitung und Änderungsrate";"Die Existenz einer Stelle mit einer Steigung unterhalb einer vorgegebenen Schranke zeigen, indem die Extremstelle der ersten Ableitung bestimmt und der dortige Wert mit der Schranke verglichen wird.";"2018-be-gk-B1.2f";"neu"
"Mittlere Änderungsraten zweier Modelle vergleichen";"Analysis";"Ableitung und Änderungsrate";"Für zwei Funktionen auf demselben Intervall den Differenzenquotienten bilden und die Beträge der mittleren Änderungsraten vergleichen.";"2018-be-gk-B1.2g";"neu"
"Parameter einer Exponentialfunktion aus zwei Wertepaaren bestimmen";"Analysis";"Rekonstruktion von Funktionsgleichungen";"Aus zwei gegebenen Funktionswerten die Parameter eines Terms der Form (x + a) · e^(b · x) bestimmen, wobei der zweite Parameter durch Logarithmieren gewonnen wird.";"2018-be-gk-B1.2g";"neu"
"Punktprobe an einer Ebenengleichung durchführen";"Analytische Geometrie";"Lagebeziehungen";"Die Koordinaten eines Punktes in die Koordinatengleichung einer Ebene einsetzen und aus dem Erfülltsein der Gleichung auf die Lage in der Ebene schließen.";"2018-be-gk-B2.1b";"neu"
"Orthogonalität zweier Ebenen über die Normalenvektoren nachweisen";"Analytische Geometrie";"Orthogonalität";"Zeigen, dass zwei Ebenen senkrecht aufeinander stehen, indem das Skalarprodukt ihrer Normalenvektoren null ergibt.";"2018-be-gk-B2.1b";"neu"
"Existenz eines Geradenschnittpunkts über die gemeinsame Ebene begründen";"Analytische Geometrie";"Lagebeziehungen";"Begründen, dass zwei Geraden sich schneiden müssen, weil sie in einer gemeinsamen Ebene liegen und ihre Richtungsvektoren keine Vielfachen voneinander sind.";"2018-be-gk-B2.1c";"neu"
"Geschwindigkeit aus Weg und Zeit berechnen und in Kilometer pro Stunde umrechnen";"Analytische Geometrie";"Punkte und Strecken im Koordinatensystem";"Aus einer im Koordinatensystem bestimmten Streckenlänge und der zugehörigen Zeitspanne die Geschwindigkeit berechnen und die Einheit von Metern je Sekunde in Kilometer je Stunde umrechnen.";"2018-be-gk-B2.1d";"neu"
"Zeit bis zum Erreichen einer Ebene aus dem Geradenparameter bestimmen";"Analytische Geometrie";"Schnittmengen";"Eine geradlinige und gleichförmige Bewegung als Gerade beschreiben, den Parameter des Durchstoßpunkts mit einer Ebene bestimmen und ihn als Vielfaches der bekannten Zeitspanne in eine Zeit umrechnen.";"2018-be-gk-B2.1e";"neu"
"Mittelpunkt einer Strecke im Raum bestimmen";"Analytische Geometrie";"Punkte und Strecken im Koordinatensystem";"Den Mittelpunkt einer Strecke als halbe Summe der Ortsvektoren ihrer Endpunkte berechnen.";"2018-be-gk-B2.2a";"neu"
"Trapezform eines Vierecks im Raum nachweisen";"Analytische Geometrie";"Punkte und Strecken im Koordinatensystem";"Aus den Koordinaten der vier Eckpunkte nachweisen, dass ein Viereck ein Trapez ist, indem zwei Seitenvektoren als Vielfache voneinander erkannt und die Längen der übrigen Seiten verglichen werden.";"2018-be-gk-B2.2b";"neu"
"Lage eines Punktes auf einer Strecke über die Parameterform nachweisen";"Analytische Geometrie";"Geraden";"Einen durch Koordinaten gegebenen Punkt in die Parameterform einer Strecke einsetzen, den Parameter bestimmen und prüfen, ob er zwischen null und eins liegt.";"2018-be-gk-B2.2d";"neu"
"Schattenpunkt bei paralleler Projektion bestimmen";"Analytische Geometrie";"Schnittmengen";"Aus einem Punkt und seinem bekannten Schattenpunkt die Richtung der parallelen Lichtstrahlen gewinnen und damit den Schattenpunkt eines weiteren Punktes als Durchstoßpunkt mit der Grundebene berechnen.";"2018-be-gk-B2.2d";"neu"
"Schatten einer Fläche in eine Abbildung einzeichnen";"Analytische Geometrie";"Punkte und Strecken im Koordinatensystem";"Die berechneten Schattenpunkte in ein vorgegebenes Schrägbild eintragen und zur Schattenfläche verbinden.";"2018-be-gk-B2.2d";"neu"
"Lösungsweg zur Bestimmung eines Punktes auf einer Geraden beschreiben";"Analytische Geometrie";"Geraden";"Ohne Zahlenrechnung beschreiben, wie ein gesuchter Punkt über einen Teilpunkt, eine Gerade durch zwei Punkte und deren Schnitt mit einer weiteren Geraden bestimmt und daraus eine Länge gewonnen wird.";"2018-be-gk-B2.2e";"neu"
"Wahrscheinlichkeit beim Ziehen ohne Zurücklegen mit der Pfadregel nachweisen";"Stochastik";"Zufallsexperimente und Urnenmodelle";"Das zweifache Ziehen ohne Zurücklegen als zweistufiges Experiment beschreiben und die Wahrscheinlichkeit eines Ergebnisses mit der Pfadmultiplikationsregel oder über Binomialkoeffizienten bestimmen.";"2018-be-gk-B3.1a";"neu"
"Behauptung zur Monotonie einer Wahrscheinlichkeit an Beispielwerten prüfen";"Stochastik";"Binomialverteilung";"Eine Behauptung über das Wachsen oder Fallen einer von der Versuchszahl abhängigen Wahrscheinlichkeit prüfen, indem zwei Werte berechnet und verglichen werden.";"2018-be-gk-B3.1c";"neu"
"Wahrscheinlichkeit für wenigstens einen Treffer über das Gegenereignis berechnen";"Stochastik";"Binomialverteilung";"Die Wahrscheinlichkeit für mindestens einen Treffer in einer Bernoulli-Kette als Gegenwahrscheinlichkeit zu keinem Treffer angeben.";"2018-be-gk-B3.1c";"neu"
"Anzahl der Kugeln aus einer Fairnessbedingung bestimmen";"Stochastik";"Zufallsexperimente und Urnenmodelle";"Die Gewinnwahrscheinlichkeit eines Urnenspiels in Abhängigkeit von der Zahl zugegebener Kugeln aufstellen, sie der Fairnessbedingung gleichsetzen und die entstehende quadratische Gleichung lösen.";"2018-be-gk-B3.1e";"neu"
"Wahrscheinlichkeit eines Intervalls als Differenz kumulierter Werte berechnen";"Stochastik";"Binomialverteilung";"Ein Ereignis der Form mehr als a und weniger als b Treffer in die Differenz zweier kumulierter Wahrscheinlichkeiten übersetzen und die Grenzen dabei richtig einschließen.";"2018-be-gk-B3.2a";"neu"
"Aussage zur Änderung einer Wahrscheinlichkeit bei größerer Stichprobe beurteilen";"Stochastik";"Binomialverteilung";"Beurteilen, wie sich eine Wahrscheinlichkeit ändert, wenn der Stichprobenumfang um eins wächst, und die Antwort allgemein über den Faktor der Potenz begründen.";"2018-be-gk-B3.2c";"neu"
"Trefferwahrscheinlichkeit aus einer Bedingung an die Wahrscheinlichkeit für null Treffer bestimmen";"Stochastik";"Binomialverteilung";"Aus einer Mindestwahrscheinlichkeit für das Ausbleiben jedes Treffers die zulässige Trefferwahrscheinlichkeit bestimmen, indem der Ansatz (1 − p)ⁿ nach p aufgelöst wird.";"2018-be-gk-B3.2d";"neu"
