"kennung";"jahr";"niveau";"teil";"sachgebiet";"gruppe";"hilfsmittel";"nr";"papier";"stapel";"seiten";"dublette_von"
"2026MgrundlegendAAnalysis11";"2026";"grundlegend";"A";"Analysis";"1";"";"1";"2026-iqb-ga";"2026-ga-A";"2";""
"2026MgrundlegendAAnalysis12";"2026";"grundlegend";"A";"Analysis";"1";"";"2";"2026-iqb-ga";"2026-ga-A";"2";""
"2026MgrundlegendAAnalysis13";"2026";"grundlegend";"A";"Analysis";"1";"";"3";"2026-iqb-ga";"2026-ga-A";"2";""
"2026MgrundlegendAAnalysis14";"2026";"grundlegend";"A";"Analysis";"1";"";"4";"2026-iqb-ga";"2026-ga-A";"2";""
"2026MgrundlegendAAnalysis21";"2026";"grundlegend";"A";"Analysis";"2";"";"1";"2026-iqb-ga";"2026-ga-A";"2";""
"2026MgrundlegendAAnalysis22";"2026";"grundlegend";"A";"Analysis";"2";"";"2";"2026-iqb-ga";"2026-ga-A";"2";""
"2026MgrundlegendAAGLAA111";"2026";"grundlegend";"A";"AG/LA (A1)";"1";"";"1";"2026-iqb-ga";"2026-ga-A";"2";""
"2026MgrundlegendAAGLAA112";"2026";"grundlegend";"A";"AG/LA (A1)";"1";"";"2";"2026-iqb-ga";"2026-ga-A";"2";""
"2026MgrundlegendAAGLAA12";"2026";"grundlegend";"A";"AG/LA (A1)";"2";"";"";"2026-iqb-ga";"2026-ga-A";"2";""
"2026MgrundlegendAAGLAA211";"2026";"grundlegend";"A";"AG/LA (A2)";"1";"";"1";"2026-iqb-ga";"2026-ga-A";"2";""
"2026MgrundlegendAAGLAA212";"2026";"grundlegend";"A";"AG/LA (A2)";"1";"";"2";"2026-iqb-ga";"2026-ga-A";"2";"2026MgrundlegendAAGLAA112"
"2026MgrundlegendAAGLAA213";"2026";"grundlegend";"A";"AG/LA (A2)";"1";"";"3";"2026-iqb-ga";"2026-ga-A";"3";""
"2026MgrundlegendAAGLAA221";"2026";"grundlegend";"A";"AG/LA (A2)";"2";"";"1";"2026-iqb-ga";"2026-ga-A";"2";""
"2026MgrundlegendAAGLAA222";"2026";"grundlegend";"A";"AG/LA (A2)";"2";"";"2";"2026-iqb-ga";"2026-ga-A";"2";""
"2026MgrundlegendAStochastik11";"2026";"grundlegend";"A";"Stochastik";"1";"";"1";"2026-iqb-ga";"2026-ga-A";"2";""
"2026MgrundlegendAStochastik12";"2026";"grundlegend";"A";"Stochastik";"1";"";"2";"2026-iqb-ga";"2026-ga-A";"2";""
"2026MgrundlegendAStochastik13";"2026";"grundlegend";"A";"Stochastik";"1";"";"3";"2026-iqb-ga";"2026-ga-A";"2";""
"2026MgrundlegendAStochastik21";"2026";"grundlegend";"A";"Stochastik";"2";"";"1";"2026-iqb-ga";"2026-ga-A";"2";""
"2026MgrundlegendAStochastik22";"2026";"grundlegend";"A";"Stochastik";"2";"";"2";"2026-iqb-ga";"2026-ga-A";"2";""
"2026MgrundlegendBAnalysisWTR1";"2026";"grundlegend";"B";"Analysis";"";"WTR";"1";"2026-iqb-ga";"2026-ga-B";"4";""
"2026MgrundlegendBAnalysisWTR2";"2026";"grundlegend";"B";"Analysis";"";"WTR";"2";"2026-iqb-ga";"2026-ga-B";"4";""
"2026MgrundlegendBAnalysisMMS1";"2026";"grundlegend";"B";"Analysis";"";"MMS";"1";"2026-iqb-ga-mms";"2026-ga-B";"4";""
"2026MgrundlegendBAnalysisMMS2";"2026";"grundlegend";"B";"Analysis";"";"MMS";"2";"2026-iqb-ga-mms";"2026-ga-B";"4";""
"2026MgrundlegendBAGLAA1WTR";"2026";"grundlegend";"B";"AG/LA (A1)";"";"WTR";"";"2026-iqb-ga";"2026-ga-B";"4";""
"2026MgrundlegendBAGLAA1MMS";"2026";"grundlegend";"B";"AG/LA (A1)";"";"MMS";"";"2026-iqb-ga-mms";"2026-ga-B";"3";""
"2026MgrundlegendBAGLAA2WTR1";"2026";"grundlegend";"B";"AG/LA (A2)";"";"WTR";"1";"2026-iqb-ga";"2026-ga-B";"4";""
"2026MgrundlegendBAGLAA2WTR2";"2026";"grundlegend";"B";"AG/LA (A2)";"";"WTR";"2";"2026-iqb-ga";"2026-ga-B";"3";""
"2026MgrundlegendBAGLAA2MMS1";"2026";"grundlegend";"B";"AG/LA (A2)";"";"MMS";"1";"2026-iqb-ga-mms";"2026-ga-B";"4";"2026MgrundlegendBAGLAA2WTR1"
"2026MgrundlegendBAGLAA2MMS2";"2026";"grundlegend";"B";"AG/LA (A2)";"";"MMS";"2";"2026-iqb-ga-mms";"2026-ga-B";"3";""
"2026MgrundlegendBStochastikWTR1";"2026";"grundlegend";"B";"Stochastik";"";"WTR";"1";"2026-iqb-ga";"2026-ga-B";"4";""
"2026MgrundlegendBStochastikWTR2";"2026";"grundlegend";"B";"Stochastik";"";"WTR";"2";"2026-iqb-ga";"2026-ga-B";"3";""
"2026MgrundlegendBStochastikMMS1";"2026";"grundlegend";"B";"Stochastik";"";"MMS";"1";"2026-iqb-ga-mms";"2026-ga-B";"4";"2026MgrundlegendBStochastikWTR1"
"2026MgrundlegendBStochastikMMS2";"2026";"grundlegend";"B";"Stochastik";"";"MMS";"2";"2026-iqb-ga-mms";"2026-ga-B";"3";"2026MgrundlegendBStochastikWTR2"
"2026MerhoehtAAnalysis11";"2026";"erhoeht";"A";"Analysis";"1";"";"1";"2026-iqb-ea";"2026-ea-A";"2";""
"2026MerhoehtAAnalysis12";"2026";"erhoeht";"A";"Analysis";"1";"";"2";"2026-iqb-ea";"2026-ea-A";"3";""
"2026MerhoehtAAnalysis13";"2026";"erhoeht";"A";"Analysis";"1";"";"3";"2026-iqb-ea";"2026-ea-A";"2";""
"2026MerhoehtAAnalysis14";"2026";"erhoeht";"A";"Analysis";"1";"";"4";"2026-iqb-ea";"2026-ea-A";"2";""
"2026MerhoehtAAnalysis21";"2026";"erhoeht";"A";"Analysis";"2";"";"1";"2026-iqb-ea";"2026-ea-A";"2";""
"2026MerhoehtAAnalysis22";"2026";"erhoeht";"A";"Analysis";"2";"";"2";"2026-iqb-ea";"2026-ea-A";"2";""
"2026MerhoehtAAnalysis23";"2026";"erhoeht";"A";"Analysis";"2";"";"3";"2026-iqb-ea";"2026-ea-A";"2";""
"2026MerhoehtAAGLAA11";"2026";"erhoeht";"A";"AG/LA (A1)";"1";"";"";"2026-iqb-ea";"2026-ea-A";"3";""
"2026MerhoehtAAGLAA121";"2026";"erhoeht";"A";"AG/LA (A1)";"2";"";"1";"2026-iqb-ea";"2026-ea-A";"2";""
"2026MerhoehtAAGLAA122";"2026";"erhoeht";"A";"AG/LA (A1)";"2";"";"2";"2026-iqb-ea";"2026-ea-A";"2";""
"2026MerhoehtAAGLAA211";"2026";"erhoeht";"A";"AG/LA (A2)";"1";"";"1";"2026-iqb-ea";"2026-ea-A";"2";""
"2026MerhoehtAAGLAA212";"2026";"erhoeht";"A";"AG/LA (A2)";"1";"";"2";"2026-iqb-ea";"2026-ea-A";"2";""
"2026MerhoehtAAGLAA221";"2026";"erhoeht";"A";"AG/LA (A2)";"2";"";"1";"2026-iqb-ea";"2026-ea-A";"2";""
"2026MerhoehtAAGLAA222";"2026";"erhoeht";"A";"AG/LA (A2)";"2";"";"2";"2026-iqb-ea";"2026-ea-A";"2";""
"2026MerhoehtAAGLAA223";"2026";"erhoeht";"A";"AG/LA (A2)";"2";"";"3";"2026-iqb-ea";"2026-ea-A";"2";""
"2026MerhoehtAStochastik11";"2026";"erhoeht";"A";"Stochastik";"1";"";"1";"2026-iqb-ea";"2026-ea-A";"2";""
"2026MerhoehtAStochastik12";"2026";"erhoeht";"A";"Stochastik";"1";"";"2";"2026-iqb-ea";"2026-ea-A";"2";""
"2026MerhoehtAStochastik21";"2026";"erhoeht";"A";"Stochastik";"2";"";"1";"2026-iqb-ea";"2026-ea-A";"2";""
"2026MerhoehtAStochastik22";"2026";"erhoeht";"A";"Stochastik";"2";"";"2";"2026-iqb-ea";"2026-ea-A";"2";""
"2026MerhoehtAStochastik23";"2026";"erhoeht";"A";"Stochastik";"2";"";"3";"2026-iqb-ea";"2026-ea-A";"2";""
"2026MerhoehtBAnalysisWTR1";"2026";"erhoeht";"B";"Analysis";"";"WTR";"1";"2026-iqb-ea";"2026-ea-B";"4";""
"2026MerhoehtBAnalysisWTR2";"2026";"erhoeht";"B";"Analysis";"";"WTR";"2";"2026-iqb-ea";"2026-ea-B";"4";""
"2026MerhoehtBAnalysisWTR3";"2026";"erhoeht";"B";"Analysis";"";"WTR";"3";"2026-iqb-ea";"2026-ea-B";"4";""
"2026MerhoehtBAnalysisMMS1";"2026";"erhoeht";"B";"Analysis";"";"MMS";"1";"2026-iqb-ea-mms";"2026-ea-B";"4";""
"2026MerhoehtBAnalysisMMS2";"2026";"erhoeht";"B";"Analysis";"";"MMS";"2";"2026-iqb-ea-mms";"2026-ea-B";"4";""
"2026MerhoehtBAGLAA1WTR";"2026";"erhoeht";"B";"AG/LA (A1)";"";"WTR";"";"2026-iqb-ea";"2026-ea-B";"4";""
"2026MerhoehtBAGLAA1MMS";"2026";"erhoeht";"B";"AG/LA (A1)";"";"MMS";"";"2026-iqb-ea-mms";"2026-ea-B";"4";""
"2026MerhoehtBAGLAA2WTR1";"2026";"erhoeht";"B";"AG/LA (A2)";"";"WTR";"1";"2026-iqb-ea";"2026-ea-B";"4";""
"2026MerhoehtBAGLAA2WTR2";"2026";"erhoeht";"B";"AG/LA (A2)";"";"WTR";"2";"2026-iqb-ea";"2026-ea-B";"3";""
"2026MerhoehtBAGLAA2MMS1";"2026";"erhoeht";"B";"AG/LA (A2)";"";"MMS";"1";"2026-iqb-ea-mms";"2026-ea-B";"4";"2026MerhoehtBAGLAA2WTR1"
"2026MerhoehtBAGLAA2MMS2";"2026";"erhoeht";"B";"AG/LA (A2)";"";"MMS";"2";"2026-iqb-ea-mms";"2026-ea-B";"4";""
"2026MerhoehtBStochastikWTR1";"2026";"erhoeht";"B";"Stochastik";"";"WTR";"1";"2026-iqb-ea";"2026-ea-B";"4";""
"2026MerhoehtBStochastikWTR2";"2026";"erhoeht";"B";"Stochastik";"";"WTR";"2";"2026-iqb-ea";"2026-ea-B";"4";""
"2026MerhoehtBStochastikWTR3";"2026";"erhoeht";"B";"Stochastik";"";"WTR";"3";"2026-iqb-ea";"2026-ea-B";"4";""
"2026MerhoehtBStochastikMMS1";"2026";"erhoeht";"B";"Stochastik";"";"MMS";"1";"2026-iqb-ea-mms";"2026-ea-B";"4";"2026MerhoehtBStochastikWTR1"
"2026MerhoehtBStochastikMMS2";"2026";"erhoeht";"B";"Stochastik";"";"MMS";"2";"2026-iqb-ea-mms";"2026-ea-B";"4";"2026MerhoehtBStochastikWTR2"
"2026MerhoehtBStochastikMMS3";"2026";"erhoeht";"B";"Stochastik";"";"MMS";"3";"2026-iqb-ea-mms";"2026-ea-B";"4";""
"2025MgrundlegendAAnalysis11";"2025";"grundlegend";"A";"Analysis";"1";"";"1";"2025-iqb-ga";"2025-ga-A";"3";""
"2025MgrundlegendAAnalysis12";"2025";"grundlegend";"A";"Analysis";"1";"";"2";"2025-iqb-ga";"2025-ga-A";"2";""
"2025MgrundlegendAAnalysis13";"2025";"grundlegend";"A";"Analysis";"1";"";"3";"2025-iqb-ga";"2025-ga-A";"2";""
"2025MgrundlegendAAnalysis21";"2025";"grundlegend";"A";"Analysis";"2";"";"1";"2025-iqb-ga";"2025-ga-A";"2";""
"2025MgrundlegendAAnalysis22";"2025";"grundlegend";"A";"Analysis";"2";"";"2";"2025-iqb-ga";"2025-ga-A";"2";""
"2025MgrundlegendAAGLAA11";"2025";"grundlegend";"A";"AG/LA (A1)";"1";"";"";"2025-iqb-ga";"2025-ga-A";"2";""
"2025MgrundlegendAAGLAA12";"2025";"grundlegend";"A";"AG/LA (A1)";"2";"";"";"2025-iqb-ga";"2025-ga-A";"2";""
"2025MgrundlegendAAGLAA211";"2025";"grundlegend";"A";"AG/LA (A2)";"1";"";"1";"2025-iqb-ga";"2025-ga-A";"2";""
"2025MgrundlegendAAGLAA212";"2025";"grundlegend";"A";"AG/LA (A2)";"1";"";"2";"2025-iqb-ga";"2025-ga-A";"2";""
"2025MgrundlegendAAGLAA213";"2025";"grundlegend";"A";"AG/LA (A2)";"1";"";"3";"2025-iqb-ga";"2025-ga-A";"2";""
"2025MgrundlegendAAGLAA221";"2025";"grundlegend";"A";"AG/LA (A2)";"2";"";"1";"2025-iqb-ga";"2025-ga-A";"2";""
"2025MgrundlegendAAGLAA222";"2025";"grundlegend";"A";"AG/LA (A2)";"2";"";"2";"2025-iqb-ga";"2025-ga-A";"2";"2025MgrundlegendAAGLAA12"
"2025MgrundlegendAStochastik11";"2025";"grundlegend";"A";"Stochastik";"1";"";"1";"2025-iqb-ga";"2025-ga-A";"2";""
"2025MgrundlegendAStochastik12";"2025";"grundlegend";"A";"Stochastik";"1";"";"2";"2025-iqb-ga";"2025-ga-A";"2";""
"2025MgrundlegendAStochastik13";"2025";"grundlegend";"A";"Stochastik";"1";"";"3";"2025-iqb-ga";"2025-ga-A";"2";""
"2025MgrundlegendAStochastik21";"2025";"grundlegend";"A";"Stochastik";"2";"";"1";"2025-iqb-ga";"2025-ga-A";"2";""
"2025MgrundlegendAStochastik22";"2025";"grundlegend";"A";"Stochastik";"2";"";"2";"2025-iqb-ga";"2025-ga-A";"2";""
"2025MgrundlegendBAnalysisWTR1";"2025";"grundlegend";"B";"Analysis";"";"WTR";"1";"2025-iqb-ga";"2025-ga-B";"4";""
"2025MgrundlegendBAnalysisWTR2";"2025";"grundlegend";"B";"Analysis";"";"WTR";"2";"2025-iqb-ga";"2025-ga-B";"4";""
"2025MgrundlegendBAnalysisMMS1";"2025";"grundlegend";"B";"Analysis";"";"MMS";"1";"2025-iqb-ga-mms";"2025-ga-B";"4";""
"2025MgrundlegendBAnalysisMMS2";"2025";"grundlegend";"B";"Analysis";"";"MMS";"2";"2025-iqb-ga-mms";"2025-ga-B";"4";""
"2025MgrundlegendBAGLAA1WTR";"2025";"grundlegend";"B";"AG/LA (A1)";"";"WTR";"";"2025-iqb-ga";"2025-ga-B";"3";""
"2025MgrundlegendBAGLAA2WTR1";"2025";"grundlegend";"B";"AG/LA (A2)";"";"WTR";"1";"2025-iqb-ga";"2025-ga-B";"4";""
"2025MgrundlegendBAGLAA2WTR2";"2025";"grundlegend";"B";"AG/LA (A2)";"";"WTR";"2";"2025-iqb-ga";"2025-ga-B";"3";""
"2025MgrundlegendBAGLAA2MMS1";"2025";"grundlegend";"B";"AG/LA (A2)";"";"MMS";"1";"2025-iqb-ga-mms";"2025-ga-B";"4";""
"2025MgrundlegendBAGLAA2MMS2";"2025";"grundlegend";"B";"AG/LA (A2)";"";"MMS";"2";"2025-iqb-ga-mms";"2025-ga-B";"3";""
"2025MgrundlegendBStochastikWTR1";"2025";"grundlegend";"B";"Stochastik";"";"WTR";"1";"2025-iqb-ga";"2025-ga-B";"3";""
"2025MgrundlegendBStochastikWTR2";"2025";"grundlegend";"B";"Stochastik";"";"WTR";"2";"2025-iqb-ga";"2025-ga-B";"3";""
"2025MgrundlegendBStochastikWTR3";"2025";"grundlegend";"B";"Stochastik";"";"WTR";"3";"2025-iqb-ga";"2025-ga-B";"3";""
"2025MgrundlegendBStochastikMMS1";"2025";"grundlegend";"B";"Stochastik";"";"MMS";"1";"2025-iqb-ga-mms";"2025-ga-B";"3";""
"2025MgrundlegendBStochastikMMS2";"2025";"grundlegend";"B";"Stochastik";"";"MMS";"2";"2025-iqb-ga-mms";"2025-ga-B";"3";"2025MgrundlegendBStochastikWTR2"
"2025MerhoehtAAnalysis11";"2025";"erhoeht";"A";"Analysis";"1";"";"1";"2025-iqb-ea";"2025-ea-A";"2";""
"2025MerhoehtAAnalysis12";"2025";"erhoeht";"A";"Analysis";"1";"";"2";"2025-iqb-ea";"2025-ea-A";"2";""
"2025MerhoehtAAnalysis13";"2025";"erhoeht";"A";"Analysis";"1";"";"3";"2025-iqb-ea";"2025-ea-A";"2";""
"2025MerhoehtAAnalysis21";"2025";"erhoeht";"A";"Analysis";"2";"";"1";"2025-iqb-ea";"2025-ea-A";"2";""
"2025MerhoehtAAnalysis22";"2025";"erhoeht";"A";"Analysis";"2";"";"2";"2025-iqb-ea";"2025-ea-A";"2";""
"2025MerhoehtAAnalysis23";"2025";"erhoeht";"A";"Analysis";"2";"";"3";"2025-iqb-ea";"2025-ea-A";"2";""
"2025MerhoehtAAGLAA11";"2025";"erhoeht";"A";"AG/LA (A1)";"1";"";"";"2025-iqb-ea";"2025-ea-A";"2";""
"2025MerhoehtAAGLAA121";"2025";"erhoeht";"A";"AG/LA (A1)";"2";"";"1";"2025-iqb-ea";"2025-ea-A";"2";""
"2025MerhoehtAAGLAA122";"2025";"erhoeht";"A";"AG/LA (A1)";"2";"";"2";"2025-iqb-ea";"2025-ea-A";"2";""
"2025MerhoehtAAGLAA211";"2025";"erhoeht";"A";"AG/LA (A2)";"1";"";"1";"2025-iqb-ea";"2025-ea-A";"2";""
"2025MerhoehtAAGLAA212";"2025";"erhoeht";"A";"AG/LA (A2)";"1";"";"2";"2025-iqb-ea";"2025-ea-A";"3";""
"2025MerhoehtAAGLAA221";"2025";"erhoeht";"A";"AG/LA (A2)";"2";"";"1";"2025-iqb-ea";"2025-ea-A";"2";""
"2025MerhoehtAAGLAA222";"2025";"erhoeht";"A";"AG/LA (A2)";"2";"";"2";"2025-iqb-ea";"2025-ea-A";"2";""
"2025MerhoehtAAGLAA223";"2025";"erhoeht";"A";"AG/LA (A2)";"2";"";"3";"2025-iqb-ea";"2025-ea-A";"2";""
"2025MerhoehtAAGLAA224";"2025";"erhoeht";"A";"AG/LA (A2)";"2";"";"4";"2025-iqb-ea";"2025-ea-A";"2";"2025MerhoehtAAGLAA121"
"2025MerhoehtAStochastik11";"2025";"erhoeht";"A";"Stochastik";"1";"";"1";"2025-iqb-ea";"2025-ea-A";"2";""
"2025MerhoehtAStochastik12";"2025";"erhoeht";"A";"Stochastik";"1";"";"2";"2025-iqb-ea";"2025-ea-A";"2";""
"2025MerhoehtAStochastik21";"2025";"erhoeht";"A";"Stochastik";"2";"";"1";"2025-iqb-ea";"2025-ea-A";"2";""
"2025MerhoehtAStochastik22";"2025";"erhoeht";"A";"Stochastik";"2";"";"2";"2025-iqb-ea";"2025-ea-A";"2";""
"2025MerhoehtAStochastik23";"2025";"erhoeht";"A";"Stochastik";"2";"";"3";"2025-iqb-ea";"2025-ea-A";"2";""
"2025MerhoehtBAnalysisWTR1";"2025";"erhoeht";"B";"Analysis";"";"WTR";"1";"2025-iqb-ea";"2025-ea-B";"4";""
"2025MerhoehtBAnalysisWTR2";"2025";"erhoeht";"B";"Analysis";"";"WTR";"2";"2025-iqb-ea";"2025-ea-B";"4";""
"2025MerhoehtBAnalysisWTR3";"2025";"erhoeht";"B";"Analysis";"";"WTR";"3";"2025-iqb-ea";"2025-ea-B";"4";""
"2025MerhoehtBAnalysisMMS1";"2025";"erhoeht";"B";"Analysis";"";"MMS";"1";"2025-iqb-ea-mms";"2025-ea-B";"4";""
"2025MerhoehtBAnalysisMMS2";"2025";"erhoeht";"B";"Analysis";"";"MMS";"2";"2025-iqb-ea-mms";"2025-ea-B";"4";""
"2025MerhoehtBAGLAA1WTR";"2025";"erhoeht";"B";"AG/LA (A1)";"";"WTR";"";"2025-iqb-ea";"2025-ea-B";"4";""
"2025MerhoehtBAGLAA1MMS";"2025";"erhoeht";"B";"AG/LA (A1)";"";"MMS";"";"2025-iqb-ea-mms";"2025-ea-B";"4";""
"2025MerhoehtBAGLAA2WTR";"2025";"erhoeht";"B";"AG/LA (A2)";"";"WTR";"";"2025-iqb-ea";"2025-ea-B";"4";""
"2025MerhoehtBAGLAA2MMS";"2025";"erhoeht";"B";"AG/LA (A2)";"";"MMS";"";"2025-iqb-ea-mms";"2025-ea-B";"3";""
"2025MerhoehtBStochastikWTR1";"2025";"erhoeht";"B";"Stochastik";"";"WTR";"1";"2025-iqb-ea";"2025-ea-B";"4";""
"2025MerhoehtBStochastikWTR2";"2025";"erhoeht";"B";"Stochastik";"";"WTR";"2";"2025-iqb-ea";"2025-ea-B";"3";""
"2025MerhoehtBStochastikWTR3";"2025";"erhoeht";"B";"Stochastik";"";"WTR";"3";"2025-iqb-ea";"2025-ea-B";"4";""
"2025MerhoehtBStochastikMMS1";"2025";"erhoeht";"B";"Stochastik";"";"MMS";"1";"2025-iqb-ea-mms";"2025-ea-B";"4";"2025MerhoehtBStochastikWTR1"
"2025MerhoehtBStochastikMMS2";"2025";"erhoeht";"B";"Stochastik";"";"MMS";"2";"2025-iqb-ea-mms";"2025-ea-B";"3";"2025MerhoehtBStochastikWTR2"
"2025MerhoehtBStochastikMMS3";"2025";"erhoeht";"B";"Stochastik";"";"MMS";"3";"2025-iqb-ea-mms";"2025-ea-B";"4";"2025MerhoehtBStochastikWTR3"
"2024MgrundlegendAAnalysis11";"2024";"grundlegend";"A";"Analysis";"1";"";"1";"2024-iqb-ga";"2024-ga-A";"2";""
"2024MgrundlegendAAnalysis12";"2024";"grundlegend";"A";"Analysis";"1";"";"2";"2024-iqb-ga";"2024-ga-A";"2";""
"2024MgrundlegendAAnalysis13";"2024";"grundlegend";"A";"Analysis";"1";"";"3";"2024-iqb-ga";"2024-ga-A";"2";""
"2024MgrundlegendAAnalysis21";"2024";"grundlegend";"A";"Analysis";"2";"";"1";"2024-iqb-ga";"2024-ga-A";"2";""
"2024MgrundlegendAAnalysis22";"2024";"grundlegend";"A";"Analysis";"2";"";"2";"2024-iqb-ga";"2024-ga-A";"2";""
"2024MgrundlegendAAGLAA111";"2024";"grundlegend";"A";"AG/LA (A1)";"1";"";"1";"2024-iqb-ga";"2024-ga-A";"2";""
"2024MgrundlegendAAGLAA112";"2024";"grundlegend";"A";"AG/LA (A1)";"1";"";"2";"2024-iqb-ga";"2024-ga-A";"2";""
"2024MgrundlegendAAGLAA12";"2024";"grundlegend";"A";"AG/LA (A1)";"2";"";"";"2024-iqb-ga";"2024-ga-A";"2";""
"2024MgrundlegendAAGLAA211";"2024";"grundlegend";"A";"AG/LA (A2)";"1";"";"1";"2024-iqb-ga";"2024-ga-A";"2";""
"2024MgrundlegendAAGLAA212";"2024";"grundlegend";"A";"AG/LA (A2)";"1";"";"2";"2024-iqb-ga";"2024-ga-A";"2";"2024MgrundlegendAAGLAA112"
"2024MgrundlegendAAGLAA213";"2024";"grundlegend";"A";"AG/LA (A2)";"1";"";"3";"2024-iqb-ga";"2024-ga-A";"2";""
"2024MgrundlegendAAGLAA221";"2024";"grundlegend";"A";"AG/LA (A2)";"2";"";"1";"2024-iqb-ga";"2024-ga-A";"2";""
"2024MgrundlegendAStochastik11";"2024";"grundlegend";"A";"Stochastik";"1";"";"1";"2024-iqb-ga";"2024-ga-A";"2";""
"2024MgrundlegendAStochastik12";"2024";"grundlegend";"A";"Stochastik";"1";"";"2";"2024-iqb-ga";"2024-ga-A";"2";""
"2024MgrundlegendAStochastik13";"2024";"grundlegend";"A";"Stochastik";"1";"";"3";"2024-iqb-ga";"2024-ga-A";"2";""
"2024MgrundlegendAStochastik21";"2024";"grundlegend";"A";"Stochastik";"2";"";"1";"2024-iqb-ga";"2024-ga-A";"2";""
"2024MgrundlegendAStochastik22";"2024";"grundlegend";"A";"Stochastik";"2";"";"2";"2024-iqb-ga";"2024-ga-A";"3";""
"2024MgrundlegendBAnalysisWTR1";"2024";"grundlegend";"B";"Analysis";"";"WTR";"1";"2024-iqb-ga";"2024-ga-B";"5";""
"2024MgrundlegendBAnalysisWTR2";"2024";"grundlegend";"B";"Analysis";"";"WTR";"2";"2024-iqb-ga";"2024-ga-B";"5";""
"2024MgrundlegendBAnalysisMMS1";"2024";"grundlegend";"B";"Analysis";"";"MMS";"1";"2024-iqb-ga-mms";"2024-ga-B";"4";""
"2024MgrundlegendBAnalysisMMS2";"2024";"grundlegend";"B";"Analysis";"";"MMS";"2";"2024-iqb-ga-mms";"2024-ga-B";"5";""
"2024MgrundlegendBAGLAA1WTR";"2024";"grundlegend";"B";"AG/LA (A1)";"";"WTR";"";"2024-iqb-ga";"2024-ga-B";"4";""
"2024MgrundlegendBAGLAA1MMS";"2024";"grundlegend";"B";"AG/LA (A1)";"";"MMS";"";"2024-iqb-ga-mms";"2024-ga-B";"4";""
"2024MgrundlegendBAGLAA2WTR1";"2024";"grundlegend";"B";"AG/LA (A2)";"";"WTR";"1";"2024-iqb-ga";"2024-ga-B";"4";""
"2024MgrundlegendBAGLAA2WTR2";"2024";"grundlegend";"B";"AG/LA (A2)";"";"WTR";"2";"2024-iqb-ga";"2024-ga-B";"4";""
"2024MgrundlegendBAGLAA2MMS1";"2024";"grundlegend";"B";"AG/LA (A2)";"";"MMS";"1";"2024-iqb-ga-mms";"2024-ga-B";"4";"2024MgrundlegendBAGLAA2WTR1"
"2024MgrundlegendBAGLAA2MMS2";"2024";"grundlegend";"B";"AG/LA (A2)";"";"MMS";"2";"2024-iqb-ga-mms";"2024-ga-B";"4";""
"2024MgrundlegendBStochastikWTR1";"2024";"grundlegend";"B";"Stochastik";"";"WTR";"1";"2024-iqb-ga";"2024-ga-B";"4";""
"2024MgrundlegendBStochastikWTR2";"2024";"grundlegend";"B";"Stochastik";"";"WTR";"2";"2024-iqb-ga";"2024-ga-B";"4";""
"2024MgrundlegendBStochastikMMS1";"2024";"grundlegend";"B";"Stochastik";"";"MMS";"1";"2024-iqb-ga-mms";"2024-ga-B";"4";""
"2024MerhoehtAAnalysis11";"2024";"erhoeht";"A";"Analysis";"1";"";"1";"2024-iqb-ea";"2024-ea-A";"2";""
"2024MerhoehtAAnalysis12";"2024";"erhoeht";"A";"Analysis";"1";"";"2";"2024-iqb-ea";"2024-ea-A";"2";""
"2024MerhoehtAAnalysis13";"2024";"erhoeht";"A";"Analysis";"1";"";"3";"2024-iqb-ea";"2024-ea-A";"2";""
"2024MerhoehtAAnalysis21";"2024";"erhoeht";"A";"Analysis";"2";"";"1";"2024-iqb-ea";"2024-ea-A";"2";""
"2024MerhoehtAAnalysis22";"2024";"erhoeht";"A";"Analysis";"2";"";"2";"2024-iqb-ea";"2024-ea-A";"2";""
"2024MerhoehtAAnalysis23";"2024";"erhoeht";"A";"Analysis";"2";"";"3";"2024-iqb-ea";"2024-ea-A";"2";""
"2024MerhoehtAAGLAA11";"2024";"erhoeht";"A";"AG/LA (A1)";"1";"";"";"2024-iqb-ea";"2024-ea-A";"3";""
"2024MerhoehtAAGLAA121";"2024";"erhoeht";"A";"AG/LA (A1)";"2";"";"1";"2024-iqb-ea";"2024-ea-A";"2";""
"2024MerhoehtAAGLAA122";"2024";"erhoeht";"A";"AG/LA (A1)";"2";"";"2";"2024-iqb-ea";"2024-ea-A";"2";""
"2024MerhoehtAAGLAA211";"2024";"erhoeht";"A";"AG/LA (A2)";"1";"";"1";"2024-iqb-ea";"2024-ea-A";"3";""
"2024MerhoehtAAGLAA212";"2024";"erhoeht";"A";"AG/LA (A2)";"1";"";"2";"2024-iqb-ea";"2024-ea-A";"2";""
"2024MerhoehtAAGLAA221";"2024";"erhoeht";"A";"AG/LA (A2)";"2";"";"1";"2024-iqb-ea";"2024-ea-A";"2";""
"2024MerhoehtAAGLAA222";"2024";"erhoeht";"A";"AG/LA (A2)";"2";"";"2";"2024-iqb-ea";"2024-ea-A";"2";""
"2024MerhoehtAAGLAA223";"2024";"erhoeht";"A";"AG/LA (A2)";"2";"";"3";"2024-iqb-ea";"2024-ea-A";"2";""
"2024MerhoehtAStochastik11";"2024";"erhoeht";"A";"Stochastik";"1";"";"1";"2024-iqb-ea";"2024-ea-A";"2";""
"2024MerhoehtAStochastik12";"2024";"erhoeht";"A";"Stochastik";"1";"";"2";"2024-iqb-ea";"2024-ea-A";"2";""
"2024MerhoehtAStochastik21";"2024";"erhoeht";"A";"Stochastik";"2";"";"1";"2024-iqb-ea";"2024-ea-A";"2";""
"2024MerhoehtAStochastik22";"2024";"erhoeht";"A";"Stochastik";"2";"";"2";"2024-iqb-ea";"2024-ea-A";"2";""
"2024MerhoehtAStochastik23";"2024";"erhoeht";"A";"Stochastik";"2";"";"3";"2024-iqb-ea";"2024-ea-A";"3";""
"2024MerhoehtBAnalysisWTR1";"2024";"erhoeht";"B";"Analysis";"";"WTR";"1";"2024-iqb-ea";"2024-ea-B";"5";""
"2024MerhoehtBAnalysisWTR2";"2024";"erhoeht";"B";"Analysis";"";"WTR";"2";"2024-iqb-ea";"2024-ea-B";"5";""
"2024MerhoehtBAnalysisWTR3";"2024";"erhoeht";"B";"Analysis";"";"WTR";"3";"2024-iqb-ea";"2024-ea-B";"5";""
"2024MerhoehtBAnalysisMMS1";"2024";"erhoeht";"B";"Analysis";"";"MMS";"1";"2024-iqb-ea-mms";"2024-ea-B";"5";""
"2024MerhoehtBAnalysisMMS2";"2024";"erhoeht";"B";"Analysis";"";"MMS";"2";"2024-iqb-ea-mms";"2024-ea-B";"5";""
"2024MerhoehtBAGLAA1WTR";"2024";"erhoeht";"B";"AG/LA (A1)";"";"WTR";"";"2024-iqb-ea";"2024-ea-B";"4";""
"2024MerhoehtBAGLAA2WTR1";"2024";"erhoeht";"B";"AG/LA (A2)";"";"WTR";"1";"2024-iqb-ea";"2024-ea-B";"4";""
"2024MerhoehtBAGLAA2MMS1";"2024";"erhoeht";"B";"AG/LA (A2)";"";"MMS";"1";"2024-iqb-ea-mms";"2024-ea-B";"4";""
"2024MerhoehtBAGLAA2MMS2";"2024";"erhoeht";"B";"AG/LA (A2)";"";"MMS";"2";"2024-iqb-ea-mms";"2024-ea-B";"4";""
"2024MerhoehtBStochastikWTR1";"2024";"erhoeht";"B";"Stochastik";"";"WTR";"1";"2024-iqb-ea";"2024-ea-B";"4";""
"2024MerhoehtBStochastikWTR2";"2024";"erhoeht";"B";"Stochastik";"";"WTR";"2";"2024-iqb-ea";"2024-ea-B";"4";""
"2024MerhoehtBStochastikMMS1";"2024";"erhoeht";"B";"Stochastik";"";"MMS";"1";"2024-iqb-ea-mms";"2024-ea-B";"4";""
"2024MerhoehtBStochastikMMS2";"2024";"erhoeht";"B";"Stochastik";"";"MMS";"2";"2024-iqb-ea-mms";"2024-ea-B";"4";""
"2023MgrundlegendAAnalysis11";"2023";"grundlegend";"A";"Analysis";"1";"";"1";"2023-iqb-ga";"2023-ga-A";"2";""
"2023MgrundlegendAAnalysis12";"2023";"grundlegend";"A";"Analysis";"1";"";"2";"2023-iqb-ga";"2023-ga-A";"2";""
"2023MgrundlegendAAnalysis13";"2023";"grundlegend";"A";"Analysis";"1";"";"3";"2023-iqb-ga";"2023-ga-A";"2";""
"2023MgrundlegendAAnalysis2";"2023";"grundlegend";"A";"Analysis";"2";"";"";"2023-iqb-ga";"2023-ga-A";"2";""
"2023MgrundlegendAAGLAA111";"2023";"grundlegend";"A";"AG/LA (A1)";"1";"";"1";"2023-iqb-ga";"2023-ga-A";"2";""
"2023MgrundlegendAAGLAA112";"2023";"grundlegend";"A";"AG/LA (A1)";"1";"";"2";"2023-iqb-ga";"2023-ga-A";"2";""
"2023MgrundlegendAAGLAA12";"2023";"grundlegend";"A";"AG/LA (A1)";"2";"";"";"2023-iqb-ga";"2023-ga-A";"2";""
"2023MgrundlegendAAGLAA211";"2023";"grundlegend";"A";"AG/LA (A2)";"1";"";"1";"2023-iqb-ga";"2023-ga-A";"2";"2023MgrundlegendAAGLAA111"
"2023MgrundlegendAAGLAA212";"2023";"grundlegend";"A";"AG/LA (A2)";"1";"";"2";"2023-iqb-ga";"2023-ga-A";"2";""
"2023MgrundlegendAAGLAA213";"2023";"grundlegend";"A";"AG/LA (A2)";"1";"";"3";"2023-iqb-ga";"2023-ga-A";"2";""
"2023MgrundlegendAAGLAA22";"2023";"grundlegend";"A";"AG/LA (A2)";"2";"";"";"2023-iqb-ga";"2023-ga-A";"2";""
"2023MgrundlegendAStochastik11";"2023";"grundlegend";"A";"Stochastik";"1";"";"1";"2023-iqb-ga";"2023-ga-A";"2";""
"2023MgrundlegendAStochastik12";"2023";"grundlegend";"A";"Stochastik";"1";"";"2";"2023-iqb-ga";"2023-ga-A";"2";""
"2023MgrundlegendAStochastik2";"2023";"grundlegend";"A";"Stochastik";"2";"";"";"2023-iqb-ga";"2023-ga-A";"2";""
"2023MgrundlegendBAnalysisWTR1";"2023";"grundlegend";"B";"Analysis";"";"WTR";"1";"2023-iqb-ga";"2023-ga-B";"4";""
"2023MgrundlegendBAnalysisWTR2";"2023";"grundlegend";"B";"Analysis";"";"WTR";"2";"2023-iqb-ga";"2023-ga-B";"4";""
"2023MgrundlegendBAnalysisMMS1";"2023";"grundlegend";"B";"Analysis";"";"MMS";"1";"2023-iqb-ga-mms";"2023-ga-B";"4";""
"2023MgrundlegendBAnalysisMMS2";"2023";"grundlegend";"B";"Analysis";"";"MMS";"2";"2023-iqb-ga-mms";"2023-ga-B";"5";""
"2023MgrundlegendBAGLAA1WTR";"2023";"grundlegend";"B";"AG/LA (A1)";"";"WTR";"";"2023-iqb-ga";"2023-ga-B";"4";""
"2023MgrundlegendBAGLAA1MMS";"2023";"grundlegend";"B";"AG/LA (A1)";"";"MMS";"";"2023-iqb-ga-mms";"2023-ga-B";"3";""
"2023MgrundlegendBAGLAA2WTR1";"2023";"grundlegend";"B";"AG/LA (A2)";"";"WTR";"1";"2023-iqb-ga";"2023-ga-B";"4";""
"2023MgrundlegendBAGLAA2WTR2";"2023";"grundlegend";"B";"AG/LA (A2)";"";"WTR";"2";"2023-iqb-ga";"2023-ga-B";"4";""
"2023MgrundlegendBAGLAA2MMS1";"2023";"grundlegend";"B";"AG/LA (A2)";"";"MMS";"1";"2023-iqb-ga-mms";"2023-ga-B";"3";""
"2023MgrundlegendBAGLAA2MMS2";"2023";"grundlegend";"B";"AG/LA (A2)";"";"MMS";"2";"2023-iqb-ga-mms";"2023-ga-B";"3";""
"2023MgrundlegendBStochastikWTR1";"2023";"grundlegend";"B";"Stochastik";"";"WTR";"1";"2023-iqb-ga";"2023-ga-B";"3";""
"2023MgrundlegendBStochastikWTR2";"2023";"grundlegend";"B";"Stochastik";"";"WTR";"2";"2023-iqb-ga";"2023-ga-B";"3";""
"2023MgrundlegendBStochastikWTR3";"2023";"grundlegend";"B";"Stochastik";"";"WTR";"3";"2023-iqb-ga";"2023-ga-B";"3";""
"2023MgrundlegendBStochastikMMS1";"2023";"grundlegend";"B";"Stochastik";"";"MMS";"1";"2023-iqb-ga-mms";"2023-ga-B";"3";"2023MgrundlegendBStochastikWTR1"
"2023MgrundlegendBStochastikMMS2";"2023";"grundlegend";"B";"Stochastik";"";"MMS";"2";"2023-iqb-ga-mms";"2023-ga-B";"3";"2023MgrundlegendBStochastikWTR2"
"2023MerhoehtAAnalysis11";"2023";"erhoeht";"A";"Analysis";"1";"";"1";"2023-iqb-ea";"2023-ea-A";"2";""
"2023MerhoehtAAnalysis12";"2023";"erhoeht";"A";"Analysis";"1";"";"2";"2023-iqb-ea";"2023-ea-A";"2";""
"2023MerhoehtAAnalysis13";"2023";"erhoeht";"A";"Analysis";"1";"";"3";"2023-iqb-ea";"2023-ea-A";"2";""
"2023MerhoehtAAnalysis21";"2023";"erhoeht";"A";"Analysis";"2";"";"1";"2023-iqb-ea";"2023-ea-A";"2";""
"2023MerhoehtAAnalysis22";"2023";"erhoeht";"A";"Analysis";"2";"";"2";"2023-iqb-ea";"2023-ea-A";"2";""
"2023MerhoehtAAGLAA111";"2023";"erhoeht";"A";"AG/LA (A1)";"1";"";"1";"2023-iqb-ea";"2023-ea-A";"2";""
"2023MerhoehtAAGLAA112";"2023";"erhoeht";"A";"AG/LA (A1)";"1";"";"2";"2023-iqb-ea";"2023-ea-A";"3";""
"2023MerhoehtAAGLAA12";"2023";"erhoeht";"A";"AG/LA (A1)";"2";"";"";"2023-iqb-ea";"2023-ea-A";"2";""
"2023MerhoehtAAGLAA211";"2023";"erhoeht";"A";"AG/LA (A2)";"1";"";"1";"2023-iqb-ea";"2023-ea-A";"2";"2023MerhoehtAAGLAA111"
"2023MerhoehtAAGLAA212";"2023";"erhoeht";"A";"AG/LA (A2)";"1";"";"2";"2023-iqb-ea";"2023-ea-A";"2";""
"2023MerhoehtAAGLAA213";"2023";"erhoeht";"A";"AG/LA (A2)";"1";"";"3";"2023-iqb-ea";"2023-ea-A";"2";""
"2023MerhoehtAAGLAA221";"2023";"erhoeht";"A";"AG/LA (A2)";"2";"";"1";"2023-iqb-ea";"2023-ea-A";"2";""
"2023MerhoehtAAGLAA222";"2023";"erhoeht";"A";"AG/LA (A2)";"2";"";"2";"2023-iqb-ea";"2023-ea-A";"2";""
"2023MerhoehtAStochastik11";"2023";"erhoeht";"A";"Stochastik";"1";"";"1";"2023-iqb-ea";"2023-ea-A";"2";""
"2023MerhoehtAStochastik12";"2023";"erhoeht";"A";"Stochastik";"1";"";"2";"2023-iqb-ea";"2023-ea-A";"2";""
"2023MerhoehtAStochastik13";"2023";"erhoeht";"A";"Stochastik";"1";"";"3";"2023-iqb-ea";"2023-ea-A";"2";""
"2023MerhoehtAStochastik21";"2023";"erhoeht";"A";"Stochastik";"2";"";"1";"2023-iqb-ea";"2023-ea-A";"2";""
"2023MerhoehtAStochastik22";"2023";"erhoeht";"A";"Stochastik";"2";"";"2";"2023-iqb-ea";"2023-ea-A";"2";""
"2023MerhoehtBAnalysisWTR1";"2023";"erhoeht";"B";"Analysis";"";"WTR";"1";"2023-iqb-ea";"2023-ea-B";"5";""
"2023MerhoehtBAnalysisWTR2";"2023";"erhoeht";"B";"Analysis";"";"WTR";"2";"2023-iqb-ea";"2023-ea-B";"4";""
"2023MerhoehtBAnalysisMMS1";"2023";"erhoeht";"B";"Analysis";"";"MMS";"1";"2023-iqb-ea-mms";"2023-ea-B";"5";""
"2023MerhoehtBAnalysisMMS2";"2023";"erhoeht";"B";"Analysis";"";"MMS";"2";"2023-iqb-ea-mms";"2023-ea-B";"4";""
"2023MerhoehtBAGLAA1WTR";"2023";"erhoeht";"B";"AG/LA (A1)";"";"WTR";"";"2023-iqb-ea";"2023-ea-B";"4";""
"2023MerhoehtBAGLAA1MMS";"2023";"erhoeht";"B";"AG/LA (A1)";"";"MMS";"";"2023-iqb-ea-mms";"2023-ea-B";"4";""
"2023MerhoehtBAGLAA2WTR1";"2023";"erhoeht";"B";"AG/LA (A2)";"";"WTR";"1";"2023-iqb-ea";"2023-ea-B";"4";""
"2023MerhoehtBAGLAA2WTR2";"2023";"erhoeht";"B";"AG/LA (A2)";"";"WTR";"2";"2023-iqb-ea";"2023-ea-B";"4";""
"2023MerhoehtBAGLAA2MMS1";"2023";"erhoeht";"B";"AG/LA (A2)";"";"MMS";"1";"2023-iqb-ea-mms";"2023-ea-B";"4";""
"2023MerhoehtBAGLAA2MMS2";"2023";"erhoeht";"B";"AG/LA (A2)";"";"MMS";"2";"2023-iqb-ea-mms";"2023-ea-B";"4";""
"2023MerhoehtBStochastikWTR1";"2023";"erhoeht";"B";"Stochastik";"";"WTR";"1";"2023-iqb-ea";"2023-ea-B";"4";""
"2023MerhoehtBStochastikWTR2";"2023";"erhoeht";"B";"Stochastik";"";"WTR";"2";"2023-iqb-ea";"2023-ea-B";"4";""
"2023MerhoehtBStochastikWTR3";"2023";"erhoeht";"B";"Stochastik";"";"WTR";"3";"2023-iqb-ea";"2023-ea-B";"4";""
"2023MerhoehtBStochastikMMS1";"2023";"erhoeht";"B";"Stochastik";"";"MMS";"1";"2023-iqb-ea-mms";"2023-ea-B";"4";"2023MerhoehtBStochastikWTR1"
"2023MerhoehtBStochastikMMS2";"2023";"erhoeht";"B";"Stochastik";"";"MMS";"2";"2023-iqb-ea-mms";"2023-ea-B";"4";"2023MerhoehtBStochastikWTR2"
"2022MgrundlegendAAnalysis11";"2022";"grundlegend";"A";"Analysis";"1";"";"1";"2022-iqb-ga";"2022-ga-A";"2";""
"2022MgrundlegendAAnalysis12";"2022";"grundlegend";"A";"Analysis";"1";"";"2";"2022-iqb-ga";"2022-ga-A";"2";""
"2022MgrundlegendAAnalysis13";"2022";"grundlegend";"A";"Analysis";"1";"";"3";"2022-iqb-ga";"2022-ga-A";"2";""
"2022MgrundlegendAAnalysis2";"2022";"grundlegend";"A";"Analysis";"2";"";"";"2022-iqb-ga";"2022-ga-A";"2";""
"2022MgrundlegendAAGLAA11";"2022";"grundlegend";"A";"AG/LA (A1)";"1";"";"";"2022-iqb-ga";"2022-ga-A";"2";""
"2022MgrundlegendAAGLAA12";"2022";"grundlegend";"A";"AG/LA (A1)";"2";"";"";"2022-iqb-ga";"2022-ga-A";"2";""
"2022MgrundlegendAAGLAA211";"2022";"grundlegend";"A";"AG/LA (A2)";"1";"";"1";"2022-iqb-ga";"2022-ga-A";"2";""
"2022MgrundlegendAAGLAA212";"2022";"grundlegend";"A";"AG/LA (A2)";"1";"";"2";"2022-iqb-ga";"2022-ga-A";"2";""
"2022MgrundlegendAAGLAA213";"2022";"grundlegend";"A";"AG/LA (A2)";"1";"";"3";"2022-iqb-ga";"2022-ga-A";"2";""
"2022MgrundlegendAAGLAA22";"2022";"grundlegend";"A";"AG/LA (A2)";"2";"";"";"2022-iqb-ga";"2022-ga-A";"2";""
"2022MgrundlegendAStochastik11";"2022";"grundlegend";"A";"Stochastik";"1";"";"1";"2022-iqb-ga";"2022-ga-A";"2";""
"2022MgrundlegendAStochastik12";"2022";"grundlegend";"A";"Stochastik";"1";"";"2";"2022-iqb-ga";"2022-ga-A";"2";""
"2022MgrundlegendAStochastik13";"2022";"grundlegend";"A";"Stochastik";"1";"";"3";"2022-iqb-ga";"2022-ga-A";"2";""
"2022MgrundlegendAStochastik2";"2022";"grundlegend";"A";"Stochastik";"2";"";"";"2022-iqb-ga";"2022-ga-A";"2";""
"2022MgrundlegendBAnalysisWTR1";"2022";"grundlegend";"B";"Analysis";"";"WTR";"1";"2022-iqb-ga";"2022-ga-B";"4";""
"2022MgrundlegendBAnalysisWTR2";"2022";"grundlegend";"B";"Analysis";"";"WTR";"2";"2022-iqb-ga";"2022-ga-B";"4";""
"2022MgrundlegendBAnalysisMMS1";"2022";"grundlegend";"B";"Analysis";"";"MMS";"1";"2022-iqb-ga-mms";"2022-ga-B";"4";""
"2022MgrundlegendBAnalysisMMS2";"2022";"grundlegend";"B";"Analysis";"";"MMS";"2";"2022-iqb-ga-mms";"2022-ga-B";"4";""
"2022MgrundlegendBAGLAA1WTR";"2022";"grundlegend";"B";"AG/LA (A1)";"";"WTR";"";"2022-iqb-ga";"2022-ga-B";"4";""
"2022MgrundlegendBAGLAA2WTR1";"2022";"grundlegend";"B";"AG/LA (A2)";"";"WTR";"1";"2022-iqb-ga";"2022-ga-B";"3";""
"2022MgrundlegendBAGLAA2WTR2";"2022";"grundlegend";"B";"AG/LA (A2)";"";"WTR";"2";"2022-iqb-ga";"2022-ga-B";"3";""
"2022MgrundlegendBAGLAA2MMS1";"2022";"grundlegend";"B";"AG/LA (A2)";"";"MMS";"1";"2022-iqb-ga-mms";"2022-ga-B";"3";""
"2022MgrundlegendBAGLAA2MMS2";"2022";"grundlegend";"B";"AG/LA (A2)";"";"MMS";"2";"2022-iqb-ga-mms";"2022-ga-B";"3";""
"2022MgrundlegendBStochastikWTR1";"2022";"grundlegend";"B";"Stochastik";"";"WTR";"1";"2022-iqb-ga";"2022-ga-B";"3";""
"2022MgrundlegendBStochastikWTR2";"2022";"grundlegend";"B";"Stochastik";"";"WTR";"2";"2022-iqb-ga";"2022-ga-B";"4";""
"2022MgrundlegendBStochastikMMS1";"2022";"grundlegend";"B";"Stochastik";"";"MMS";"1";"2022-iqb-ga-mms";"2022-ga-B";"3";"2022MgrundlegendBStochastikWTR1"
"2022MgrundlegendBStochastikMMS2";"2022";"grundlegend";"B";"Stochastik";"";"MMS";"2";"2022-iqb-ga-mms";"2022-ga-B";"3";""
"2022MerhoehtAAnalysis11";"2022";"erhoeht";"A";"Analysis";"1";"";"1";"2022-iqb-ea";"2022-ea-A";"2";""
"2022MerhoehtAAnalysis12";"2022";"erhoeht";"A";"Analysis";"1";"";"2";"2022-iqb-ea";"2022-ea-A";"2";""
"2022MerhoehtAAnalysis13";"2022";"erhoeht";"A";"Analysis";"1";"";"3";"2022-iqb-ea";"2022-ea-A";"2";""
"2022MerhoehtAAnalysis2";"2022";"erhoeht";"A";"Analysis";"2";"";"";"2022-iqb-ea";"2022-ea-A";"2";""
"2022MerhoehtAAGLAA111";"2022";"erhoeht";"A";"AG/LA (A1)";"1";"";"1";"2022-iqb-ea";"2022-ea-A";"3";""
"2022MerhoehtAAGLAA112";"2022";"erhoeht";"A";"AG/LA (A1)";"1";"";"2";"2022-iqb-ea";"2022-ea-A";"2";""
"2022MerhoehtAAGLAA12";"2022";"erhoeht";"A";"AG/LA (A1)";"2";"";"";"2022-iqb-ea";"2022-ea-A";"2";""
"2022MerhoehtAAGLAA211";"2022";"erhoeht";"A";"AG/LA (A2)";"1";"";"1";"2022-iqb-ea";"2022-ea-A";"2";""
"2022MerhoehtAAGLAA212";"2022";"erhoeht";"A";"AG/LA (A2)";"1";"";"2";"2022-iqb-ea";"2022-ea-A";"2";""
"2022MerhoehtAAGLAA213";"2022";"erhoeht";"A";"AG/LA (A2)";"1";"";"3";"2022-iqb-ea";"2022-ea-A";"2";""
"2022MerhoehtAAGLAA221";"2022";"erhoeht";"A";"AG/LA (A2)";"2";"";"1";"2022-iqb-ea";"2022-ea-A";"2";""
"2022MerhoehtAAGLAA222";"2022";"erhoeht";"A";"AG/LA (A2)";"2";"";"2";"2022-iqb-ea";"2022-ea-A";"2";""
"2022MerhoehtAStochastik11";"2022";"erhoeht";"A";"Stochastik";"1";"";"1";"2022-iqb-ea";"2022-ea-A";"2";""
"2022MerhoehtAStochastik12";"2022";"erhoeht";"A";"Stochastik";"1";"";"2";"2022-iqb-ea";"2022-ea-A";"3";""
"2022MerhoehtAStochastik13";"2022";"erhoeht";"A";"Stochastik";"1";"";"3";"2022-iqb-ea";"2022-ea-A";"2";""
"2022MerhoehtAStochastik21";"2022";"erhoeht";"A";"Stochastik";"2";"";"1";"2022-iqb-ea";"2022-ea-A";"2";""
"2022MerhoehtAStochastik22";"2022";"erhoeht";"A";"Stochastik";"2";"";"2";"2022-iqb-ea";"2022-ea-A";"2";""
"2022MerhoehtBAnalysisWTR1";"2022";"erhoeht";"B";"Analysis";"";"WTR";"1";"2022-iqb-ea";"2022-ea-B";"5";""
"2022MerhoehtBAnalysisWTR2";"2022";"erhoeht";"B";"Analysis";"";"WTR";"2";"2022-iqb-ea";"2022-ea-B";"5";""
"2022MerhoehtBAnalysisWTR3";"2022";"erhoeht";"B";"Analysis";"";"WTR";"3";"2022-iqb-ea";"2022-ea-B";"4";""
"2022MerhoehtBAnalysisMMS1";"2022";"erhoeht";"B";"Analysis";"";"MMS";"1";"2022-iqb-ea-mms";"2022-ea-B";"5";""
"2022MerhoehtBAnalysisMMS2";"2022";"erhoeht";"B";"Analysis";"";"MMS";"2";"2022-iqb-ea-mms";"2022-ea-B";"5";""
"2022MerhoehtBAGLAA1WTR";"2022";"erhoeht";"B";"AG/LA (A1)";"";"WTR";"";"2022-iqb-ea";"2022-ea-B";"4";""
"2022MerhoehtBAGLAA1MMS";"2022";"erhoeht";"B";"AG/LA (A1)";"";"MMS";"";"2022-iqb-ea-mms";"2022-ea-B";"4";""
"2022MerhoehtBAGLAA2WTR1";"2022";"erhoeht";"B";"AG/LA (A2)";"";"WTR";"1";"2022-iqb-ea";"2022-ea-B";"4";""
"2022MerhoehtBAGLAA2WTR2";"2022";"erhoeht";"B";"AG/LA (A2)";"";"WTR";"2";"2022-iqb-ea";"2022-ea-B";"4";""
"2022MerhoehtBAGLAA2MMS1";"2022";"erhoeht";"B";"AG/LA (A2)";"";"MMS";"1";"2022-iqb-ea-mms";"2022-ea-B";"4";""
"2022MerhoehtBAGLAA2MMS2";"2022";"erhoeht";"B";"AG/LA (A2)";"";"MMS";"2";"2022-iqb-ea-mms";"2022-ea-B";"4";""
"2022MerhoehtBStochastikWTR1";"2022";"erhoeht";"B";"Stochastik";"";"WTR";"1";"2022-iqb-ea";"2022-ea-B";"4";""
"2022MerhoehtBStochastikWTR2";"2022";"erhoeht";"B";"Stochastik";"";"WTR";"2";"2022-iqb-ea";"2022-ea-B";"4";""
"2022MerhoehtBStochastikMMS1";"2022";"erhoeht";"B";"Stochastik";"";"MMS";"1";"2022-iqb-ea-mms";"2022-ea-B";"4";"2022MerhoehtBStochastikWTR1"
"2022MerhoehtBStochastikMMS2";"2022";"erhoeht";"B";"Stochastik";"";"MMS";"2";"2022-iqb-ea-mms";"2022-ea-B";"4";"2022MerhoehtBStochastikWTR2"
"2022MerhoehtBStochastikMMS3";"2022";"erhoeht";"B";"Stochastik";"";"MMS";"3";"2022-iqb-ea-mms";"2022-ea-B";"4";""
"2021MgrundlegendAAnalysis11";"2021";"grundlegend";"A";"Analysis";"1";"";"1";"2021-iqb-ga";"2021-ga-A";"2";""
"2021MgrundlegendAAnalysis12";"2021";"grundlegend";"A";"Analysis";"1";"";"2";"2021-iqb-ga";"2021-ga-A";"2";""
"2021MgrundlegendAAnalysis13";"2021";"grundlegend";"A";"Analysis";"1";"";"3";"2021-iqb-ga";"2021-ga-A";"2";""
"2021MgrundlegendAAnalysis2";"2021";"grundlegend";"A";"Analysis";"2";"";"";"2021-iqb-ga";"2021-ga-A";"2";""
"2021MgrundlegendAAGLAA111";"2021";"grundlegend";"A";"AG/LA (A1)";"1";"";"1";"2021-iqb-ga";"2021-ga-A";"3";""
"2021MgrundlegendAAGLAA112";"2021";"grundlegend";"A";"AG/LA (A1)";"1";"";"2";"2021-iqb-ga";"2021-ga-A";"2";""
"2021MgrundlegendAAGLAA12";"2021";"grundlegend";"A";"AG/LA (A1)";"2";"";"";"2021-iqb-ga";"2021-ga-A";"2";""
"2021MgrundlegendAAGLAA211";"2021";"grundlegend";"A";"AG/LA (A2)";"1";"";"1";"2021-iqb-ga";"2021-ga-A";"2";""
"2021MgrundlegendAAGLAA212";"2021";"grundlegend";"A";"AG/LA (A2)";"1";"";"2";"2021-iqb-ga";"2021-ga-A";"2";"2021MgrundlegendAAGLAA112"
"2021MgrundlegendAAGLAA22";"2021";"grundlegend";"A";"AG/LA (A2)";"2";"";"";"2021-iqb-ga";"2021-ga-A";"2";"2021MgrundlegendAAGLAA12"
"2021MgrundlegendAStochastik11";"2021";"grundlegend";"A";"Stochastik";"1";"";"1";"2021-iqb-ga";"2021-ga-A";"2";""
"2021MgrundlegendAStochastik12";"2021";"grundlegend";"A";"Stochastik";"1";"";"2";"2021-iqb-ga";"2021-ga-A";"2";""
"2021MgrundlegendAStochastik2";"2021";"grundlegend";"A";"Stochastik";"2";"";"";"2021-iqb-ga";"2021-ga-A";"2";""
"2021MgrundlegendBAnalysisWTR";"2021";"grundlegend";"B";"Analysis";"";"WTR";"";"2021-iqb-ga";"2021-ga-B";"4";""
"2021MgrundlegendBAnalysisCAS";"2021";"grundlegend";"B";"Analysis";"";"CAS";"";"2021-iqb-ga-mms";"2021-ga-B";"4";""
"2021MgrundlegendBAGLAA1WTR";"2021";"grundlegend";"B";"AG/LA (A1)";"";"WTR";"";"2021-iqb-ga";"2021-ga-B";"3";""
"2021MgrundlegendBAGLAA2WTR1";"2021";"grundlegend";"B";"AG/LA (A2)";"";"WTR";"1";"2021-iqb-ga";"2021-ga-B";"3";""
"2021MgrundlegendBAGLAA2WTR2";"2021";"grundlegend";"B";"AG/LA (A2)";"";"WTR";"2";"2021-iqb-ga";"2021-ga-B";"3";""
"2021MgrundlegendBAGLAA2CAS1";"2021";"grundlegend";"B";"AG/LA (A2)";"";"CAS";"1";"2021-iqb-ga-mms";"2021-ga-B";"3";"2021MgrundlegendBAGLAA2WTR1"
"2021MgrundlegendBAGLAA2CAS2";"2021";"grundlegend";"B";"AG/LA (A2)";"";"CAS";"2";"2021-iqb-ga-mms";"2021-ga-B";"3";""
"2021MgrundlegendBStochastikWTR1";"2021";"grundlegend";"B";"Stochastik";"";"WTR";"1";"2021-iqb-ga";"2021-ga-B";"3";""
"2021MgrundlegendBStochastikWTR2";"2021";"grundlegend";"B";"Stochastik";"";"WTR";"2";"2021-iqb-ga";"2021-ga-B";"3";""
"2021MgrundlegendBStochastikWTR3";"2021";"grundlegend";"B";"Stochastik";"";"WTR";"3";"2021-iqb-ga";"2021-ga-B";"3";""
"2021MgrundlegendBStochastikCAS1";"2021";"grundlegend";"B";"Stochastik";"";"CAS";"1";"2021-iqb-ga-mms";"2021-ga-B";"3";""
"2021MgrundlegendBStochastikCAS2";"2021";"grundlegend";"B";"Stochastik";"";"CAS";"2";"2021-iqb-ga-mms";"2021-ga-B";"3";""
"2021MerhoehtAAnalysis11";"2021";"erhoeht";"A";"Analysis";"1";"";"1";"2021-iqb-ea";"2021-ea-A";"2";""
"2021MerhoehtAAnalysis12";"2021";"erhoeht";"A";"Analysis";"1";"";"2";"2021-iqb-ea";"2021-ea-A";"2";""
"2021MerhoehtAAnalysis13";"2021";"erhoeht";"A";"Analysis";"1";"";"3";"2021-iqb-ea";"2021-ea-A";"2";""
"2021MerhoehtAAnalysis21";"2021";"erhoeht";"A";"Analysis";"2";"";"1";"2021-iqb-ea";"2021-ea-A";"2";""
"2021MerhoehtAAnalysis22";"2021";"erhoeht";"A";"Analysis";"2";"";"2";"2021-iqb-ea";"2021-ea-A";"2";""
"2021MerhoehtAAGLAA111";"2021";"erhoeht";"A";"AG/LA (A1)";"1";"";"1";"2021-iqb-ea";"2021-ea-A";"2";""
"2021MerhoehtAAGLAA112";"2021";"erhoeht";"A";"AG/LA (A1)";"1";"";"2";"2021-iqb-ea";"2021-ea-A";"2";""
"2021MerhoehtAAGLAA113";"2021";"erhoeht";"A";"AG/LA (A1)";"1";"";"3";"2021-iqb-ea";"2021-ea-A";"2";""
"2021MerhoehtAAGLAA121";"2021";"erhoeht";"A";"AG/LA (A1)";"2";"";"1";"2021-iqb-ea";"2021-ea-A";"2";""
"2021MerhoehtAAGLAA122";"2021";"erhoeht";"A";"AG/LA (A1)";"2";"";"2";"2021-iqb-ea";"2021-ea-A";"2";""
"2021MerhoehtAAGLAA211";"2021";"erhoeht";"A";"AG/LA (A2)";"1";"";"1";"2021-iqb-ea";"2021-ea-A";"2";""
"2021MerhoehtAAGLAA212";"2021";"erhoeht";"A";"AG/LA (A2)";"1";"";"2";"2021-iqb-ea";"2021-ea-A";"2";"2021MerhoehtAAGLAA112"
"2021MerhoehtAAGLAA213";"2021";"erhoeht";"A";"AG/LA (A2)";"1";"";"3";"2021-iqb-ea";"2021-ea-A";"2";""
"2021MerhoehtAAGLAA22";"2021";"erhoeht";"A";"AG/LA (A2)";"2";"";"";"2021-iqb-ea";"2021-ea-A";"2";"2021MerhoehtAAGLAA121"
"2021MerhoehtAStochastik11";"2021";"erhoeht";"A";"Stochastik";"1";"";"1";"2021-iqb-ea";"2021-ea-A";"2";""
"2021MerhoehtAStochastik12";"2021";"erhoeht";"A";"Stochastik";"1";"";"2";"2021-iqb-ea";"2021-ea-A";"2";""
"2021MerhoehtAStochastik13";"2021";"erhoeht";"A";"Stochastik";"1";"";"3";"2021-iqb-ea";"2021-ea-A";"2";""
"2021MerhoehtAStochastik21";"2021";"erhoeht";"A";"Stochastik";"2";"";"1";"2021-iqb-ea";"2021-ea-A";"2";""
"2021MerhoehtAStochastik22";"2021";"erhoeht";"A";"Stochastik";"2";"";"2";"2021-iqb-ea";"2021-ea-A";"2";""
"2021MerhoehtBAnalysisWTR1";"2021";"erhoeht";"B";"Analysis";"";"WTR";"1";"2021-iqb-ea";"2021-ea-B";"4";""
"2021MerhoehtBAnalysisWTR2";"2021";"erhoeht";"B";"Analysis";"";"WTR";"2";"2021-iqb-ea";"2021-ea-B";"4";""
"2021MerhoehtBAnalysisCAS";"2021";"erhoeht";"B";"Analysis";"";"CAS";"";"2021-iqb-ea-mms";"2021-ea-B";"5";""
"2021MerhoehtBAGLAA1WTR";"2021";"erhoeht";"B";"AG/LA (A1)";"";"WTR";"";"2021-iqb-ea";"2021-ea-B";"4";""
"2021MerhoehtBAGLAA1CAS";"2021";"erhoeht";"B";"AG/LA (A1)";"";"CAS";"";"2021-iqb-ea-mms";"2021-ea-B";"5";""
"2021MerhoehtBAGLAA2WTR";"2021";"erhoeht";"B";"AG/LA (A2)";"";"WTR";"";"2021-iqb-ea";"2021-ea-B";"3";""
"2021MerhoehtBAGLAA2CAS";"2021";"erhoeht";"B";"AG/LA (A2)";"";"CAS";"";"2021-iqb-ea-mms";"2021-ea-B";"3";""
"2021MerhoehtBStochastikWTR";"2021";"erhoeht";"B";"Stochastik";"";"WTR";"";"2021-iqb-ea";"2021-ea-B";"4";""
"2021MerhoehtBStochastikCAS1";"2021";"erhoeht";"B";"Stochastik";"";"CAS";"1";"2021-iqb-ea-mms";"2021-ea-B";"4";""
"2021MerhoehtBStochastikCAS2";"2021";"erhoeht";"B";"Stochastik";"";"CAS";"2";"2021-iqb-ea-mms";"2021-ea-B";"3";""
"2020MgrundlegendAAnalysis11";"2020";"grundlegend";"A";"Analysis";"1";"";"1";"2020-iqb-ga";"2020-ga-A";"2";""
"2020MgrundlegendAAnalysis12";"2020";"grundlegend";"A";"Analysis";"1";"";"2";"2020-iqb-ga";"2020-ga-A";"2";""
"2020MgrundlegendAAGLAA111";"2020";"grundlegend";"A";"AG/LA (A1)";"1";"";"1";"2020-iqb-ga";"2020-ga-A";"2";""
"2020MgrundlegendAAGLAA112";"2020";"grundlegend";"A";"AG/LA (A1)";"1";"";"2";"2020-iqb-ga";"2020-ga-A";"2";""
"2020MgrundlegendAAGLAA12";"2020";"grundlegend";"A";"AG/LA (A1)";"2";"";"";"2020-iqb-ga";"2020-ga-A";"2";""
"2020MgrundlegendAAGLAA211";"2020";"grundlegend";"A";"AG/LA (A2)";"1";"";"1";"2020-iqb-ga";"2020-ga-A";"2";""
"2020MgrundlegendAAGLAA212";"2020";"grundlegend";"A";"AG/LA (A2)";"1";"";"2";"2020-iqb-ga";"2020-ga-A";"2";""
"2020MgrundlegendAStochastik11";"2020";"grundlegend";"A";"Stochastik";"1";"";"1";"2020-iqb-ga";"2020-ga-A";"2";""
"2020MgrundlegendAStochastik12";"2020";"grundlegend";"A";"Stochastik";"1";"";"2";"2020-iqb-ga";"2020-ga-A";"2";""
"2020MgrundlegendAStochastik2";"2020";"grundlegend";"A";"Stochastik";"2";"";"";"2020-iqb-ga";"2020-ga-A";"2";""
"2020MgrundlegendBAnalysisWTR1";"2020";"grundlegend";"B";"Analysis";"";"WTR";"1";"2020-iqb-ga";"2020-ga-B";"4";""
"2020MgrundlegendBAnalysisWTR2";"2020";"grundlegend";"B";"Analysis";"";"WTR";"2";"2020-iqb-ga";"2020-ga-B";"4";""
"2020MgrundlegendBAnalysisCAS1";"2020";"grundlegend";"B";"Analysis";"";"CAS";"1";"2020-iqb-ga-mms";"2020-ga-B";"4";""
"2020MgrundlegendBAnalysisCAS2";"2020";"grundlegend";"B";"Analysis";"";"CAS";"2";"2020-iqb-ga-mms";"2020-ga-B";"4";""
"2020MgrundlegendBAGLAA1WTR";"2020";"grundlegend";"B";"AG/LA (A1)";"";"WTR";"";"2020-iqb-ga";"2020-ga-B";"4";""
"2020MgrundlegendBAGLAA1CAS";"2020";"grundlegend";"B";"AG/LA (A1)";"";"CAS";"";"2020-iqb-ga-mms";"2020-ga-B";"4";""
"2020MgrundlegendBAGLAA2WTR";"2020";"grundlegend";"B";"AG/LA (A2)";"";"WTR";"";"2020-iqb-ga";"2020-ga-B";"3";""
"2020MgrundlegendBAGLAA2CAS1";"2020";"grundlegend";"B";"AG/LA (A2)";"";"CAS";"1";"2020-iqb-ga-mms";"2020-ga-B";"3";""
"2020MgrundlegendBAGLAA2CAS2";"2020";"grundlegend";"B";"AG/LA (A2)";"";"CAS";"2";"2020-iqb-ga-mms";"2020-ga-B";"3";""
"2020MgrundlegendBStochastikWTR1";"2020";"grundlegend";"B";"Stochastik";"";"WTR";"1";"2020-iqb-ga";"2020-ga-B";"3";""
"2020MgrundlegendBStochastikWTR2";"2020";"grundlegend";"B";"Stochastik";"";"WTR";"2";"2020-iqb-ga";"2020-ga-B";"4";""
"2020MgrundlegendBStochastikCAS1";"2020";"grundlegend";"B";"Stochastik";"";"CAS";"1";"2020-iqb-ga-mms";"2020-ga-B";"3";""
"2020MgrundlegendBStochastikCAS2";"2020";"grundlegend";"B";"Stochastik";"";"CAS";"2";"2020-iqb-ga-mms";"2020-ga-B";"3";""
"2020MerhoehtAAnalysis11";"2020";"erhoeht";"A";"Analysis";"1";"";"1";"2020-iqb-ea";"2020-ea-A";"2";""
"2020MerhoehtAAnalysis12";"2020";"erhoeht";"A";"Analysis";"1";"";"2";"2020-iqb-ea";"2020-ea-A";"2";""
"2020MerhoehtAAnalysis13";"2020";"erhoeht";"A";"Analysis";"1";"";"3";"2020-iqb-ea";"2020-ea-A";"2";""
"2020MerhoehtAAnalysis21";"2020";"erhoeht";"A";"Analysis";"2";"";"1";"2020-iqb-ea";"2020-ea-A";"2";""
"2020MerhoehtAAnalysis22";"2020";"erhoeht";"A";"Analysis";"2";"";"2";"2020-iqb-ea";"2020-ea-A";"2";""
"2020MerhoehtAAGLAA11";"2020";"erhoeht";"A";"AG/LA (A1)";"1";"";"";"2020-iqb-ea";"2020-ea-A";"2";""
"2020MerhoehtAAGLAA12";"2020";"erhoeht";"A";"AG/LA (A1)";"2";"";"";"2020-iqb-ea";"2020-ea-A";"2";""
"2020MerhoehtAAGLAA211";"2020";"erhoeht";"A";"AG/LA (A2)";"1";"";"1";"2020-iqb-ea";"2020-ea-A";"2";""
"2020MerhoehtAAGLAA212";"2020";"erhoeht";"A";"AG/LA (A2)";"1";"";"2";"2020-iqb-ea";"2020-ea-A";"2";""
"2020MerhoehtAAGLAA22";"2020";"erhoeht";"A";"AG/LA (A2)";"2";"";"";"2020-iqb-ea";"2020-ea-A";"2";""
"2020MerhoehtAStochastik11";"2020";"erhoeht";"A";"Stochastik";"1";"";"1";"2020-iqb-ea";"2020-ea-A";"2";""
"2020MerhoehtAStochastik12";"2020";"erhoeht";"A";"Stochastik";"1";"";"2";"2020-iqb-ea";"2020-ea-A";"2";""
"2020MerhoehtAStochastik13";"2020";"erhoeht";"A";"Stochastik";"1";"";"3";"2020-iqb-ea";"2020-ea-A";"2";""
"2020MerhoehtAStochastik21";"2020";"erhoeht";"A";"Stochastik";"2";"";"1";"2020-iqb-ea";"2020-ea-A";"2";""
"2020MerhoehtAStochastik22";"2020";"erhoeht";"A";"Stochastik";"2";"";"2";"2020-iqb-ea";"2020-ea-A";"2";""
"2020MerhoehtBAnalysisWTR1";"2020";"erhoeht";"B";"Analysis";"";"WTR";"1";"2020-iqb-ea";"2020-ea-B";"4";""
"2020MerhoehtBAnalysisWTR2";"2020";"erhoeht";"B";"Analysis";"";"WTR";"2";"2020-iqb-ea";"2020-ea-B";"5";""
"2020MerhoehtBAnalysisWTR3";"2020";"erhoeht";"B";"Analysis";"";"WTR";"3";"2020-iqb-ea";"2020-ea-B";"5";""
"2020MerhoehtBAnalysisCAS1";"2020";"erhoeht";"B";"Analysis";"";"CAS";"1";"2020-iqb-ea-mms";"2020-ea-B";"4";""
"2020MerhoehtBAnalysisCAS2";"2020";"erhoeht";"B";"Analysis";"";"CAS";"2";"2020-iqb-ea-mms";"2020-ea-B";"5";""
"2020MerhoehtBAGLAA1WTR";"2020";"erhoeht";"B";"AG/LA (A1)";"";"WTR";"";"2020-iqb-ea";"2020-ea-B";"4";""
"2020MerhoehtBAGLAA1CAS";"2020";"erhoeht";"B";"AG/LA (A1)";"";"CAS";"";"2020-iqb-ea-mms";"2020-ea-B";"4";""
"2020MerhoehtBAGLAA2WTR1";"2020";"erhoeht";"B";"AG/LA (A2)";"";"WTR";"1";"2020-iqb-ea";"2020-ea-B";"4";""
"2020MerhoehtBAGLAA2WTR2";"2020";"erhoeht";"B";"AG/LA (A2)";"";"WTR";"2";"2020-iqb-ea";"2020-ea-B";"4";""
"2020MerhoehtBAGLAA2CAS1";"2020";"erhoeht";"B";"AG/LA (A2)";"";"CAS";"1";"2020-iqb-ea-mms";"2020-ea-B";"4";""
"2020MerhoehtBAGLAA2CAS2";"2020";"erhoeht";"B";"AG/LA (A2)";"";"CAS";"2";"2020-iqb-ea-mms";"2020-ea-B";"3";""
"2020MerhoehtBStochastikWTR1";"2020";"erhoeht";"B";"Stochastik";"";"WTR";"1";"2020-iqb-ea";"2020-ea-B";"3";""
"2020MerhoehtBStochastikWTR2";"2020";"erhoeht";"B";"Stochastik";"";"WTR";"2";"2020-iqb-ea";"2020-ea-B";"4";""
"2020MerhoehtBStochastikCAS1";"2020";"erhoeht";"B";"Stochastik";"";"CAS";"1";"2020-iqb-ea-mms";"2020-ea-B";"3";""
"2020MerhoehtBStochastikCAS2";"2020";"erhoeht";"B";"Stochastik";"";"CAS";"2";"2020-iqb-ea-mms";"2020-ea-B";"4";""
"2019MgrundlegendAAnalysis11";"2019";"grundlegend";"A";"Analysis";"1";"";"1";"2019-iqb-ga";"2019-ga-A";"2";""
"2019MgrundlegendAAnalysis12";"2019";"grundlegend";"A";"Analysis";"1";"";"2";"2019-iqb-ga";"2019-ga-A";"2";""
"2019MgrundlegendAAnalysis2";"2019";"grundlegend";"A";"Analysis";"2";"";"";"2019-iqb-ga";"2019-ga-A";"2";""
"2019MgrundlegendAAGLAA11";"2019";"grundlegend";"A";"AG/LA (A1)";"1";"";"";"2019-iqb-ga";"2019-ga-A";"2";""
"2019MgrundlegendAAGLAA12";"2019";"grundlegend";"A";"AG/LA (A1)";"2";"";"";"2019-iqb-ga";"2019-ga-A";"2";""
"2019MgrundlegendAAGLAA211";"2019";"grundlegend";"A";"AG/LA (A2)";"1";"";"1";"2019-iqb-ga";"2019-ga-A";"2";""
"2019MgrundlegendAAGLAA212";"2019";"grundlegend";"A";"AG/LA (A2)";"1";"";"2";"2019-iqb-ga";"2019-ga-A";"2";""
"2019MgrundlegendAAGLAA22";"2019";"grundlegend";"A";"AG/LA (A2)";"2";"";"";"2019-iqb-ga";"2019-ga-A";"2";""
"2019MgrundlegendAStochastik11";"2019";"grundlegend";"A";"Stochastik";"1";"";"1";"2019-iqb-ga";"2019-ga-A";"2";""
"2019MgrundlegendAStochastik12";"2019";"grundlegend";"A";"Stochastik";"1";"";"2";"2019-iqb-ga";"2019-ga-A";"2";""
"2019MgrundlegendAStochastik2";"2019";"grundlegend";"A";"Stochastik";"2";"";"";"2019-iqb-ga";"2019-ga-A";"2";""
"2019MgrundlegendBAnalysisWTR1";"2019";"grundlegend";"B";"Analysis";"";"WTR";"1";"2019-iqb-ga";"2019-ga-B";"5";""
"2019MgrundlegendBAnalysisWTR2";"2019";"grundlegend";"B";"Analysis";"";"WTR";"2";"2019-iqb-ga";"2019-ga-B";"4";""
"2019MgrundlegendBAnalysisCAS";"2019";"grundlegend";"B";"Analysis";"";"CAS";"";"2019-iqb-ga-mms";"2019-ga-B";"6";""
"2019MgrundlegendBAGLAA1WTR";"2019";"grundlegend";"B";"AG/LA (A1)";"";"WTR";"";"2019-iqb-ga";"2019-ga-B";"4";""
"2019MgrundlegendBAGLAA1CAS";"2019";"grundlegend";"B";"AG/LA (A1)";"";"CAS";"";"2019-iqb-ga-mms";"2019-ga-B";"5";""
"2019MgrundlegendBAGLAA2WTR1";"2019";"grundlegend";"B";"AG/LA (A2)";"";"WTR";"1";"2019-iqb-ga";"2019-ga-B";"3";""
"2019MgrundlegendBAGLAA2WTR2";"2019";"grundlegend";"B";"AG/LA (A2)";"";"WTR";"2";"2019-iqb-ga";"2019-ga-B";"4";""
"2019MgrundlegendBAGLAA2CAS1";"2019";"grundlegend";"B";"AG/LA (A2)";"";"CAS";"1";"2019-iqb-ga-mms";"2019-ga-B";"4";""
"2019MgrundlegendBAGLAA2CAS2";"2019";"grundlegend";"B";"AG/LA (A2)";"";"CAS";"2";"2019-iqb-ga-mms";"2019-ga-B";"4";""
"2019MgrundlegendBStochastikWTR1";"2019";"grundlegend";"B";"Stochastik";"";"WTR";"1";"2019-iqb-ga";"2019-ga-B";"3";""
"2019MgrundlegendBStochastikWTR2";"2019";"grundlegend";"B";"Stochastik";"";"WTR";"2";"2019-iqb-ga";"2019-ga-B";"3";""
"2019MgrundlegendBStochastikWTR3";"2019";"grundlegend";"B";"Stochastik";"";"WTR";"3";"2019-iqb-ga";"2019-ga-B";"3";""
"2019MgrundlegendBStochastikCAS1";"2019";"grundlegend";"B";"Stochastik";"";"CAS";"1";"2019-iqb-ga-mms";"2019-ga-B";"3";""
"2019MgrundlegendBStochastikCAS2";"2019";"grundlegend";"B";"Stochastik";"";"CAS";"2";"2019-iqb-ga-mms";"2019-ga-B";"3";""
"2019MerhoehtAAnalysis11";"2019";"erhoeht";"A";"Analysis";"1";"";"1";"2019-iqb-ea";"2019-ea-A";"2";""
"2019MerhoehtAAnalysis12";"2019";"erhoeht";"A";"Analysis";"1";"";"2";"2019-iqb-ea";"2019-ea-A";"2";""
"2019MerhoehtAAnalysis2";"2019";"erhoeht";"A";"Analysis";"2";"";"";"2019-iqb-ea";"2019-ea-A";"2";""
"2019MerhoehtAAGLAA11";"2019";"erhoeht";"A";"AG/LA (A1)";"1";"";"";"2019-iqb-ea";"2019-ea-A";"2";""
"2019MerhoehtAAGLAA12";"2019";"erhoeht";"A";"AG/LA (A1)";"2";"";"";"2019-iqb-ea";"2019-ea-A";"2";""
"2019MerhoehtAAGLAA21";"2019";"erhoeht";"A";"AG/LA (A2)";"1";"";"";"2019-iqb-ea";"2019-ea-A";"2";""
"2019MerhoehtAAGLAA22";"2019";"erhoeht";"A";"AG/LA (A2)";"2";"";"";"2019-iqb-ea";"2019-ea-A";"2";""
"2019MerhoehtAStochastik11";"2019";"erhoeht";"A";"Stochastik";"1";"";"1";"2019-iqb-ea";"2019-ea-A";"2";""
"2019MerhoehtAStochastik12";"2019";"erhoeht";"A";"Stochastik";"1";"";"2";"2019-iqb-ea";"2019-ea-A";"2";""
"2019MerhoehtAStochastik2";"2019";"erhoeht";"A";"Stochastik";"2";"";"";"2019-iqb-ea";"2019-ea-A";"2";""
"2019MerhoehtBAnalysisWTR1";"2019";"erhoeht";"B";"Analysis";"";"WTR";"1";"2019-iqb-ea";"2019-ea-B";"5";""
"2019MerhoehtBAnalysisWTR2";"2019";"erhoeht";"B";"Analysis";"";"WTR";"2";"2019-iqb-ea";"2019-ea-B";"5";""
"2019MerhoehtBAnalysisWTR3";"2019";"erhoeht";"B";"Analysis";"";"WTR";"3";"2019-iqb-ea";"2019-ea-B";"5";""
"2019MerhoehtBAnalysisCAS1";"2019";"erhoeht";"B";"Analysis";"";"CAS";"1";"2019-iqb-ea-mms";"2019-ea-B";"6";""
"2019MerhoehtBAnalysisCAS2";"2019";"erhoeht";"B";"Analysis";"";"CAS";"2";"2019-iqb-ea-mms";"2019-ea-B";"5";""
"2019MerhoehtBAGLAA1WTR";"2019";"erhoeht";"B";"AG/LA (A1)";"";"WTR";"";"2019-iqb-ea";"2019-ea-B";"4";""
"2019MerhoehtBAGLAA1CAS";"2019";"erhoeht";"B";"AG/LA (A1)";"";"CAS";"";"2019-iqb-ea-mms";"2019-ea-B";"5";""
"2019MerhoehtBAGLAA2WTR1";"2019";"erhoeht";"B";"AG/LA (A2)";"";"WTR";"1";"2019-iqb-ea";"2019-ea-B";"4";""
"2019MerhoehtBAGLAA2WTR2";"2019";"erhoeht";"B";"AG/LA (A2)";"";"WTR";"2";"2019-iqb-ea";"2019-ea-B";"4";""
"2019MerhoehtBAGLAA2WTR3";"2019";"erhoeht";"B";"AG/LA (A2)";"";"WTR";"3";"2019-iqb-ea";"2019-ea-B";"4";""
"2019MerhoehtBAGLAA2CAS1";"2019";"erhoeht";"B";"AG/LA (A2)";"";"CAS";"1";"2019-iqb-ea-mms";"2019-ea-B";"4";""
"2019MerhoehtBAGLAA2CAS2";"2019";"erhoeht";"B";"AG/LA (A2)";"";"CAS";"2";"2019-iqb-ea-mms";"2019-ea-B";"4";""
"2019MerhoehtBStochastikWTR1";"2019";"erhoeht";"B";"Stochastik";"";"WTR";"1";"2019-iqb-ea";"2019-ea-B";"4";""
"2019MerhoehtBStochastikWTR2";"2019";"erhoeht";"B";"Stochastik";"";"WTR";"2";"2019-iqb-ea";"2019-ea-B";"4";""
"2019MerhoehtBStochastikWTR3";"2019";"erhoeht";"B";"Stochastik";"";"WTR";"3";"2019-iqb-ea";"2019-ea-B";"4";""
"2019MerhoehtBStochastikCAS1";"2019";"erhoeht";"B";"Stochastik";"";"CAS";"1";"2019-iqb-ea-mms";"2019-ea-B";"4";""
"2019MerhoehtBStochastikCAS2";"2019";"erhoeht";"B";"Stochastik";"";"CAS";"2";"2019-iqb-ea-mms";"2019-ea-B";"4";""
"2018MgrundlegendAAnalysis11";"2018";"grundlegend";"A";"Analysis";"1";"";"1";"2018-iqb-ga";"2018-ga-A";"2";""
"2018MgrundlegendAAnalysis12";"2018";"grundlegend";"A";"Analysis";"1";"";"2";"2018-iqb-ga";"2018-ga-A";"2";""
"2018MgrundlegendAAnalysis2";"2018";"grundlegend";"A";"Analysis";"2";"";"";"2018-iqb-ga";"2018-ga-A";"2";""
"2018MgrundlegendAAGLAA111";"2018";"grundlegend";"A";"AG/LA (A1)";"1";"";"1";"2018-iqb-ga";"2018-ga-A";"2";""
"2018MgrundlegendAAGLAA112";"2018";"grundlegend";"A";"AG/LA (A1)";"1";"";"2";"2018-iqb-ga";"2018-ga-A";"3";""
"2018MgrundlegendAAGLAA12";"2018";"grundlegend";"A";"AG/LA (A1)";"2";"";"";"2018-iqb-ga";"2018-ga-A";"2";""
"2018MgrundlegendAAGLAA211";"2018";"grundlegend";"A";"AG/LA (A2)";"1";"";"1";"2018-iqb-ga";"2018-ga-A";"2";""
"2018MgrundlegendAAGLAA212";"2018";"grundlegend";"A";"AG/LA (A2)";"1";"";"2";"2018-iqb-ga";"2018-ga-A";"2";""
"2018MgrundlegendAAGLAA22";"2018";"grundlegend";"A";"AG/LA (A2)";"2";"";"";"2018-iqb-ga";"2018-ga-A";"2";""
"2018MgrundlegendAStochastik11";"2018";"grundlegend";"A";"Stochastik";"1";"";"1";"2018-iqb-ga";"2018-ga-A";"2";""
"2018MgrundlegendAStochastik12";"2018";"grundlegend";"A";"Stochastik";"1";"";"2";"2018-iqb-ga";"2018-ga-A";"2";""
"2018MgrundlegendAStochastik2";"2018";"grundlegend";"A";"Stochastik";"2";"";"";"2018-iqb-ga";"2018-ga-A";"2";""
"2018MgrundlegendBAnalysisWTR";"2018";"grundlegend";"B";"Analysis";"";"WTR";"";"2018-iqb-ga";"2018-ga-B";"5";""
"2018MgrundlegendBAnalysisCAS1";"2018";"grundlegend";"B";"Analysis";"";"CAS";"1";"2018-iqb-ga-mms";"2018-ga-B";"5";""
"2018MgrundlegendBAnalysisCAS2";"2018";"grundlegend";"B";"Analysis";"";"CAS";"2";"2018-iqb-ga-mms";"2018-ga-B";"4";""
"2018MgrundlegendBAGLAA1WTR";"2018";"grundlegend";"B";"AG/LA (A1)";"";"WTR";"";"2018-iqb-ga";"2018-ga-B";"4";""
"2018MgrundlegendBAGLAA2WTR1";"2018";"grundlegend";"B";"AG/LA (A2)";"";"WTR";"1";"2018-iqb-ga";"2018-ga-B";"3";""
"2018MgrundlegendBAGLAA2WTR2";"2018";"grundlegend";"B";"AG/LA (A2)";"";"WTR";"2";"2018-iqb-ga";"2018-ga-B";"3";""
"2018MgrundlegendBAGLAA2CAS1";"2018";"grundlegend";"B";"AG/LA (A2)";"";"CAS";"1";"2018-iqb-ga-mms";"2018-ga-B";"4";""
"2018MgrundlegendBAGLAA2CAS2";"2018";"grundlegend";"B";"AG/LA (A2)";"";"CAS";"2";"2018-iqb-ga-mms";"2018-ga-B";"4";""
"2018MgrundlegendBStochastikWTR1";"2018";"grundlegend";"B";"Stochastik";"";"WTR";"1";"2018-iqb-ga";"2018-ga-B";"3";""
"2018MgrundlegendBStochastikWTR2";"2018";"grundlegend";"B";"Stochastik";"";"WTR";"2";"2018-iqb-ga";"2018-ga-B";"3";""
"2018MgrundlegendBStochastikWTR3";"2018";"grundlegend";"B";"Stochastik";"";"WTR";"3";"2018-iqb-ga";"2018-ga-B";"4";""
"2018MgrundlegendBStochastikCAS";"2018";"grundlegend";"B";"Stochastik";"";"CAS";"";"2018-iqb-ga-mms";"2018-ga-B";"3";""
"2018MerhoehtAAnalysis11";"2018";"erhoeht";"A";"Analysis";"1";"";"1";"2018-iqb-ea";"2018-ea-A";"2";""
"2018MerhoehtAAnalysis12";"2018";"erhoeht";"A";"Analysis";"1";"";"2";"2018-iqb-ea";"2018-ea-A";"2";""
"2018MerhoehtAAnalysis2";"2018";"erhoeht";"A";"Analysis";"2";"";"";"2018-iqb-ea";"2018-ea-A";"2";""
"2018MerhoehtAAGLAA111";"2018";"erhoeht";"A";"AG/LA (A1)";"1";"";"1";"2018-iqb-ea";"2018-ea-A";"2";""
"2018MerhoehtAAGLAA112";"2018";"erhoeht";"A";"AG/LA (A1)";"1";"";"2";"2018-iqb-ea";"2018-ea-A";"2";""
"2018MerhoehtAAGLAA12";"2018";"erhoeht";"A";"AG/LA (A1)";"2";"";"";"2018-iqb-ea";"2018-ea-A";"2";""
"2018MerhoehtAAGLAA211";"2018";"erhoeht";"A";"AG/LA (A2)";"1";"";"1";"2018-iqb-ea";"2018-ea-A";"2";""
"2018MerhoehtAAGLAA212";"2018";"erhoeht";"A";"AG/LA (A2)";"1";"";"2";"2018-iqb-ea";"2018-ea-A";"2";""
"2018MerhoehtAAGLAA22";"2018";"erhoeht";"A";"AG/LA (A2)";"2";"";"";"2018-iqb-ea";"2018-ea-A";"2";""
"2018MerhoehtAStochastik11";"2018";"erhoeht";"A";"Stochastik";"1";"";"1";"2018-iqb-ea";"2018-ea-A";"2";""
"2018MerhoehtAStochastik12";"2018";"erhoeht";"A";"Stochastik";"1";"";"2";"2018-iqb-ea";"2018-ea-A";"2";""
"2018MerhoehtAStochastik2";"2018";"erhoeht";"A";"Stochastik";"2";"";"";"2018-iqb-ea";"2018-ea-A";"2";""
"2018MerhoehtBAnalysisWTR1";"2018";"erhoeht";"B";"Analysis";"";"WTR";"1";"2018-iqb-ea";"2018-ea-B";"5";""
"2018MerhoehtBAnalysisWTR2";"2018";"erhoeht";"B";"Analysis";"";"WTR";"2";"2018-iqb-ea";"2018-ea-B";"5";""
"2018MerhoehtBAnalysisCAS1";"2018";"erhoeht";"B";"Analysis";"";"CAS";"1";"2018-iqb-ea-mms";"2018-ea-B";"5";""
"2018MerhoehtBAnalysisCAS2";"2018";"erhoeht";"B";"Analysis";"";"CAS";"2";"2018-iqb-ea-mms";"2018-ea-B";"5";""
"2018MerhoehtBAnalysisCAS3";"2018";"erhoeht";"B";"Analysis";"";"CAS";"3";"2018-iqb-ea-mms";"2018-ea-B";"5";""
"2018MerhoehtBAGLAA1WTR";"2018";"erhoeht";"B";"AG/LA (A1)";"";"WTR";"";"2018-iqb-ea";"2018-ea-B";"4";""
"2018MerhoehtBAGLAA1CAS1";"2018";"erhoeht";"B";"AG/LA (A1)";"";"CAS";"1";"2018-iqb-ea-mms";"2018-ea-B";"5";""
"2018MerhoehtBAGLAA1CAS2";"2018";"erhoeht";"B";"AG/LA (A1)";"";"CAS";"2";"2018-iqb-ea-mms";"2018-ea-B";"4";""
"2018MerhoehtBAGLAA2WTR1";"2018";"erhoeht";"B";"AG/LA (A2)";"";"WTR";"1";"2018-iqb-ea";"2018-ea-B";"3";""
"2018MerhoehtBAGLAA2WTR2";"2018";"erhoeht";"B";"AG/LA (A2)";"";"WTR";"2";"2018-iqb-ea";"2018-ea-B";"4";""
"2018MerhoehtBAGLAA2WTR3";"2018";"erhoeht";"B";"AG/LA (A2)";"";"WTR";"3";"2018-iqb-ea";"2018-ea-B";"4";""
"2018MerhoehtBAGLAA2CAS1";"2018";"erhoeht";"B";"AG/LA (A2)";"";"CAS";"1";"2018-iqb-ea-mms";"2018-ea-B";"3";""
"2018MerhoehtBAGLAA2CAS2";"2018";"erhoeht";"B";"AG/LA (A2)";"";"CAS";"2";"2018-iqb-ea-mms";"2018-ea-B";"3";""
"2018MerhoehtBStochastikWTR1";"2018";"erhoeht";"B";"Stochastik";"";"WTR";"1";"2018-iqb-ea";"2018-ea-B";"3";""
"2018MerhoehtBStochastikWTR2";"2018";"erhoeht";"B";"Stochastik";"";"WTR";"2";"2018-iqb-ea";"2018-ea-B";"4";""
"2018MerhoehtBStochastikCAS1";"2018";"erhoeht";"B";"Stochastik";"";"CAS";"1";"2018-iqb-ea-mms";"2018-ea-B";"3";""
"2018MerhoehtBStochastikCAS2";"2018";"erhoeht";"B";"Stochastik";"";"CAS";"2";"2018-iqb-ea-mms";"2018-ea-B";"4";""
"2017MgrundlegendAAnalysis11";"2017";"grundlegend";"A";"Analysis";"1";"";"1";"2017-iqb-ga";"2017-ga-A";"2";""
"2017MgrundlegendAAnalysis12";"2017";"grundlegend";"A";"Analysis";"1";"";"2";"2017-iqb-ga";"2017-ga-A";"2";""
"2017MgrundlegendAAnalysis2";"2017";"grundlegend";"A";"Analysis";"2";"";"";"2017-iqb-ga";"2017-ga-A";"2";""
"2017MgrundlegendAAGLAA11";"2017";"grundlegend";"A";"AG/LA (A1)";"1";"";"";"2017-iqb-ga";"2017-ga-A";"2";""
"2017MgrundlegendAAGLAA211";"2017";"grundlegend";"A";"AG/LA (A2)";"1";"";"1";"2017-iqb-ga";"2017-ga-A";"2";""
"2017MgrundlegendAAGLAA212";"2017";"grundlegend";"A";"AG/LA (A2)";"1";"";"2";"2017-iqb-ga";"2017-ga-A";"2";""
"2017MgrundlegendAAGLAA22";"2017";"grundlegend";"A";"AG/LA (A2)";"2";"";"";"2017-iqb-ga";"2017-ga-A";"2";""
"2017MgrundlegendAStochastik11";"2017";"grundlegend";"A";"Stochastik";"1";"";"1";"2017-iqb-ga";"2017-ga-A";"2";""
"2017MgrundlegendAStochastik12";"2017";"grundlegend";"A";"Stochastik";"1";"";"2";"2017-iqb-ga";"2017-ga-A";"2";""
"2017MgrundlegendAStochastik2";"2017";"grundlegend";"A";"Stochastik";"2";"";"";"2017-iqb-ga";"2017-ga-A";"2";""
"2017MgrundlegendBAnalysisWTR";"2017";"grundlegend";"B";"Analysis";"";"WTR";"";"2017-iqb-ga";"2017-ga-B";"4";""
"2017MgrundlegendBAnalysisCAS";"2017";"grundlegend";"B";"Analysis";"";"CAS";"";"2017-iqb-ga-mms";"2017-ga-B";"5";""
"2017MgrundlegendBAGLAA1CAS";"2017";"grundlegend";"B";"AG/LA (A1)";"";"CAS";"";"2017-iqb-ga-mms";"2017-ga-B";"4";""
"2017MgrundlegendBAGLAA2WTR1";"2017";"grundlegend";"B";"AG/LA (A2)";"";"WTR";"1";"2017-iqb-ga";"2017-ga-B";"4";""
"2017MgrundlegendBAGLAA2WTR2";"2017";"grundlegend";"B";"AG/LA (A2)";"";"WTR";"2";"2017-iqb-ga";"2017-ga-B";"3";""
"2017MgrundlegendBAGLAA2CAS1";"2017";"grundlegend";"B";"AG/LA (A2)";"";"CAS";"1";"2017-iqb-ga-mms";"2017-ga-B";"3";""
"2017MgrundlegendBAGLAA2CAS2";"2017";"grundlegend";"B";"AG/LA (A2)";"";"CAS";"2";"2017-iqb-ga-mms";"2017-ga-B";"3";""
"2017MgrundlegendBStochastikWTR1";"2017";"grundlegend";"B";"Stochastik";"";"WTR";"1";"2017-iqb-ga";"2017-ga-B";"3";""
"2017MgrundlegendBStochastikWTR2";"2017";"grundlegend";"B";"Stochastik";"";"WTR";"2";"2017-iqb-ga";"2017-ga-B";"3";""
"2017MgrundlegendBStochastikCAS";"2017";"grundlegend";"B";"Stochastik";"";"CAS";"";"2017-iqb-ga-mms";"2017-ga-B";"3";""
"2017MerhoehtAAnalysis11";"2017";"erhoeht";"A";"Analysis";"1";"";"1";"2017-iqb-ea";"2017-ea-A";"2";""
"2017MerhoehtAAnalysis12";"2017";"erhoeht";"A";"Analysis";"1";"";"2";"2017-iqb-ea";"2017-ea-A";"2";""
"2017MerhoehtAAnalysis2";"2017";"erhoeht";"A";"Analysis";"2";"";"";"2017-iqb-ea";"2017-ea-A";"2";""
"2017MerhoehtAAGLAA111";"2017";"erhoeht";"A";"AG/LA (A1)";"1";"";"1";"2017-iqb-ea";"2017-ea-A";"2";""
"2017MerhoehtAAGLAA112";"2017";"erhoeht";"A";"AG/LA (A1)";"1";"";"2";"2017-iqb-ea";"2017-ea-A";"3";""
"2017MerhoehtAAGLAA211";"2017";"erhoeht";"A";"AG/LA (A2)";"1";"";"1";"2017-iqb-ea";"2017-ea-A";"2";""
"2017MerhoehtAAGLAA212";"2017";"erhoeht";"A";"AG/LA (A2)";"1";"";"2";"2017-iqb-ea";"2017-ea-A";"2";""
"2017MerhoehtAAGLAA22";"2017";"erhoeht";"A";"AG/LA (A2)";"2";"";"";"2017-iqb-ea";"2017-ea-A";"2";""
"2017MerhoehtAStochastik11";"2017";"erhoeht";"A";"Stochastik";"1";"";"1";"2017-iqb-ea";"2017-ea-A";"2";""
"2017MerhoehtAStochastik12";"2017";"erhoeht";"A";"Stochastik";"1";"";"2";"2017-iqb-ea";"2017-ea-A";"2";""
"2017MerhoehtAStochastik2";"2017";"erhoeht";"A";"Stochastik";"2";"";"";"2017-iqb-ea";"2017-ea-A";"2";""
"2017MerhoehtBAnalysisWTR1";"2017";"erhoeht";"B";"Analysis";"";"WTR";"1";"2017-iqb-ea";"2017-ea-B";"5";""
"2017MerhoehtBAnalysisWTR2";"2017";"erhoeht";"B";"Analysis";"";"WTR";"2";"2017-iqb-ea";"2017-ea-B";"5";""
"2017MerhoehtBAnalysisWTR3";"2017";"erhoeht";"B";"Analysis";"";"WTR";"3";"2017-iqb-ea";"2017-ea-B";"5";""
"2017MerhoehtBAnalysisCAS1";"2017";"erhoeht";"B";"Analysis";"";"CAS";"1";"2017-iqb-ea-mms";"2017-ea-B";"5";""
"2017MerhoehtBAnalysisCAS2";"2017";"erhoeht";"B";"Analysis";"";"CAS";"2";"2017-iqb-ea-mms";"2017-ea-B";"5";""
"2017MerhoehtBAGLAA1WTR";"2017";"erhoeht";"B";"AG/LA (A1)";"";"WTR";"";"2017-iqb-ea";"2017-ea-B";"4";""
"2017MerhoehtBAGLAA2WTR1";"2017";"erhoeht";"B";"AG/LA (A2)";"";"WTR";"1";"2017-iqb-ea";"2017-ea-B";"3";""
"2017MerhoehtBAGLAA2WTR2";"2017";"erhoeht";"B";"AG/LA (A2)";"";"WTR";"2";"2017-iqb-ea";"2017-ea-B";"3";""
"2017MerhoehtBAGLAA2WTR3";"2017";"erhoeht";"B";"AG/LA (A2)";"";"WTR";"3";"2017-iqb-ea";"2017-ea-B";"4";""
"2017MerhoehtBAGLAA2CAS1";"2017";"erhoeht";"B";"AG/LA (A2)";"";"CAS";"1";"2017-iqb-ea-mms";"2017-ea-B";"4";""
"2017MerhoehtBAGLAA2CAS2";"2017";"erhoeht";"B";"AG/LA (A2)";"";"CAS";"2";"2017-iqb-ea-mms";"2017-ea-B";"4";""
"2017MerhoehtBStochastikWTR";"2017";"erhoeht";"B";"Stochastik";"";"WTR";"";"2017-iqb-ea";"2017-ea-B";"3";""
"2017MerhoehtBStochastikCAS1";"2017";"erhoeht";"B";"Stochastik";"";"CAS";"1";"2017-iqb-ea-mms";"2017-ea-B";"3";""
"2017MerhoehtBStochastikCAS2";"2017";"erhoeht";"B";"Stochastik";"";"CAS";"2";"2017-iqb-ea-mms";"2017-ea-B";"4";""
"BeispielaufgabenMgrundlegendAAnalysis11";"bsp";"grundlegend";"A";"Analysis";"1";"";"1";"bsp-iqb-ga";"bsp-ga-A";"2";""
"BeispielaufgabenMgrundlegendAAnalysis12";"bsp";"grundlegend";"A";"Analysis";"1";"";"2";"bsp-iqb-ga";"bsp-ga-A";"2";""
"BeispielaufgabenMgrundlegendAAnalysis2";"bsp";"grundlegend";"A";"Analysis";"2";"";"";"bsp-iqb-ga";"bsp-ga-A";"2";""
"BeispielaufgabenMgrundlegendAAGLAA111";"bsp";"grundlegend";"A";"AG/LA (A1)";"1";"";"1";"bsp-iqb-ga";"bsp-ga-A";"2";""
"BeispielaufgabenMgrundlegendAAGLAA112";"bsp";"grundlegend";"A";"AG/LA (A1)";"1";"";"2";"bsp-iqb-ga";"bsp-ga-A";"2";""
"BeispielaufgabenMgrundlegendAAGLAA113";"bsp";"grundlegend";"A";"AG/LA (A1)";"1";"";"3";"bsp-iqb-ga";"bsp-ga-A";"2";""
"BeispielaufgabenMgrundlegendAAGLAA114";"bsp";"grundlegend";"A";"AG/LA (A1)";"1";"";"4";"bsp-iqb-ga";"bsp-ga-A";"2";""
"BeispielaufgabenMgrundlegendAAGLAA121";"bsp";"grundlegend";"A";"AG/LA (A1)";"2";"";"1";"bsp-iqb-ga";"bsp-ga-A";"2";""
"BeispielaufgabenMgrundlegendAAGLAA122";"bsp";"grundlegend";"A";"AG/LA (A1)";"2";"";"2";"bsp-iqb-ga";"bsp-ga-A";"2";""
"BeispielaufgabenMgrundlegendAAGLAA211";"bsp";"grundlegend";"A";"AG/LA (A2)";"1";"";"1";"bsp-iqb-ga";"bsp-ga-A";"2";"BeispielaufgabenMgrundlegendAAGLAA111"
"BeispielaufgabenMgrundlegendAAGLAA212";"bsp";"grundlegend";"A";"AG/LA (A2)";"1";"";"2";"bsp-iqb-ga";"bsp-ga-A";"2";"BeispielaufgabenMgrundlegendAAGLAA112"
"BeispielaufgabenMgrundlegendAAGLAA213";"bsp";"grundlegend";"A";"AG/LA (A2)";"1";"";"3";"bsp-iqb-ga";"bsp-ga-A";"2";"BeispielaufgabenMgrundlegendAAGLAA113"
"BeispielaufgabenMgrundlegendAAGLAA22";"bsp";"grundlegend";"A";"AG/LA (A2)";"2";"";"";"bsp-iqb-ga";"bsp-ga-A";"2";"BeispielaufgabenMgrundlegendAAGLAA121"
"BeispielaufgabenMgrundlegendAStochastik11";"bsp";"grundlegend";"A";"Stochastik";"1";"";"1";"bsp-iqb-ga";"bsp-ga-A";"2";""
"BeispielaufgabenMgrundlegendAStochastik12";"bsp";"grundlegend";"A";"Stochastik";"1";"";"2";"bsp-iqb-ga";"bsp-ga-A";"2";""
"BeispielaufgabenMgrundlegendAStochastik2";"bsp";"grundlegend";"A";"Stochastik";"2";"";"";"bsp-iqb-ga";"bsp-ga-A";"2";""
"BeispielaufgabenMgrundlegendBAnalysisWTR";"bsp";"grundlegend";"B";"Analysis";"";"WTR";"";"bsp-iqb-ga";"bsp-ga-B";"4";""
"BeispielaufgabenMgrundlegendBAnalysisCAS";"bsp";"grundlegend";"B";"Analysis";"";"CAS";"";"bsp-iqb-ga-mms";"bsp-ga-B";"5";""
"BeispielaufgabenMgrundlegendBAGLAA1WTR";"bsp";"grundlegend";"B";"AG/LA (A1)";"";"WTR";"";"bsp-iqb-ga";"bsp-ga-B";"4";""
"BeispielaufgabenMgrundlegendBAGLAA1CAS";"bsp";"grundlegend";"B";"AG/LA (A1)";"";"CAS";"";"bsp-iqb-ga-mms";"bsp-ga-B";"4";""
"BeispielaufgabenMgrundlegendBAGLAA2WTR";"bsp";"grundlegend";"B";"AG/LA (A2)";"";"WTR";"";"bsp-iqb-ga";"bsp-ga-B";"3";""
"BeispielaufgabenMgrundlegendBAGLAA2CAS";"bsp";"grundlegend";"B";"AG/LA (A2)";"";"CAS";"";"bsp-iqb-ga-mms";"bsp-ga-B";"4";""
"BeispielaufgabenMgrundlegendBStochastikWTR";"bsp";"grundlegend";"B";"Stochastik";"";"WTR";"";"bsp-iqb-ga";"bsp-ga-B";"3";""
"BeispielaufgabenMgrundlegendBStochastikCAS";"bsp";"grundlegend";"B";"Stochastik";"";"CAS";"";"bsp-iqb-ga-mms";"bsp-ga-B";"4";""
"BeispielaufgabenMerhoehtAAnalysis11";"bsp";"erhoeht";"A";"Analysis";"1";"";"1";"bsp-iqb-ea";"bsp-ea-A";"2";""
"BeispielaufgabenMerhoehtAAnalysis12";"bsp";"erhoeht";"A";"Analysis";"1";"";"2";"bsp-iqb-ea";"bsp-ea-A";"2";""
"BeispielaufgabenMerhoehtAAnalysis2";"bsp";"erhoeht";"A";"Analysis";"2";"";"";"bsp-iqb-ea";"bsp-ea-A";"3";""
"BeispielaufgabenMerhoehtAAGLAA111";"bsp";"erhoeht";"A";"AG/LA (A1)";"1";"";"1";"bsp-iqb-ea";"bsp-ea-A";"2";""
"BeispielaufgabenMerhoehtAAGLAA112";"bsp";"erhoeht";"A";"AG/LA (A1)";"1";"";"2";"bsp-iqb-ea";"bsp-ea-A";"2";""
"BeispielaufgabenMerhoehtAAGLAA113";"bsp";"erhoeht";"A";"AG/LA (A1)";"1";"";"3";"bsp-iqb-ea";"bsp-ea-A";"2";""
"BeispielaufgabenMerhoehtAAGLAA121";"bsp";"erhoeht";"A";"AG/LA (A1)";"2";"";"1";"bsp-iqb-ea";"bsp-ea-A";"2";""
"BeispielaufgabenMerhoehtAAGLAA122";"bsp";"erhoeht";"A";"AG/LA (A1)";"2";"";"2";"bsp-iqb-ea";"bsp-ea-A";"2";""
"BeispielaufgabenMerhoehtAAGLAA211";"bsp";"erhoeht";"A";"AG/LA (A2)";"1";"";"1";"bsp-iqb-ea";"bsp-ea-A";"2";"BeispielaufgabenMerhoehtAAGLAA111"
"BeispielaufgabenMerhoehtAAGLAA212";"bsp";"erhoeht";"A";"AG/LA (A2)";"1";"";"2";"bsp-iqb-ea";"bsp-ea-A";"2";""
"BeispielaufgabenMerhoehtAAGLAA22";"bsp";"erhoeht";"A";"AG/LA (A2)";"2";"";"";"bsp-iqb-ea";"bsp-ea-A";"2";"BeispielaufgabenMerhoehtAAGLAA121"
"BeispielaufgabenMerhoehtAStochastik11";"bsp";"erhoeht";"A";"Stochastik";"1";"";"1";"bsp-iqb-ea";"bsp-ea-A";"2";""
"BeispielaufgabenMerhoehtAStochastik12";"bsp";"erhoeht";"A";"Stochastik";"1";"";"2";"bsp-iqb-ea";"bsp-ea-A";"2";""
"BeispielaufgabenMerhoehtAStochastik2";"bsp";"erhoeht";"A";"Stochastik";"2";"";"";"bsp-iqb-ea";"bsp-ea-A";"2";""
"BeispielaufgabenMerhoehtBAnalysisWTR";"bsp";"erhoeht";"B";"Analysis";"";"WTR";"";"bsp-iqb-ea";"bsp-ea-B";"5";""
"BeispielaufgabenMerhoehtBAnalysisCAS1";"bsp";"erhoeht";"B";"Analysis";"";"CAS";"1";"bsp-iqb-ea-mms";"bsp-ea-B";"5";""
"BeispielaufgabenMerhoehtBAnalysisCAS2";"bsp";"erhoeht";"B";"Analysis";"";"CAS";"2";"bsp-iqb-ea-mms";"bsp-ea-B";"6";""
"BeispielaufgabenMerhoehtBAGLAA1WTR";"bsp";"erhoeht";"B";"AG/LA (A1)";"";"WTR";"";"bsp-iqb-ea";"bsp-ea-B";"5";""
"BeispielaufgabenMerhoehtBAGLAA1CAS";"bsp";"erhoeht";"B";"AG/LA (A1)";"";"CAS";"";"bsp-iqb-ea-mms";"bsp-ea-B";"5";""
"BeispielaufgabenMerhoehtBAGLAA2WTR";"bsp";"erhoeht";"B";"AG/LA (A2)";"";"WTR";"";"bsp-iqb-ea";"bsp-ea-B";"3";""
"BeispielaufgabenMerhoehtBAGLAA2CAS";"bsp";"erhoeht";"B";"AG/LA (A2)";"";"CAS";"";"bsp-iqb-ea-mms";"bsp-ea-B";"4";""
"BeispielaufgabenMerhoehtBStochastikWTR";"bsp";"erhoeht";"B";"Stochastik";"";"WTR";"";"bsp-iqb-ea";"bsp-ea-B";"4";""
"BeispielaufgabenMerhoehtBStochastikCAS";"bsp";"erhoeht";"B";"Stochastik";"";"CAS";"";"bsp-iqb-ea-mms";"bsp-ea-B";"4";""
