"id";"jahr";"papier";"block";"aufgabe";"titel";"teilaufgabe";"seite";"punkte";"stern";"hilfsmittel";"afb_amtlich";"leitidee";"thema";"typ";"typ_neben";"stichwoerter";"voraussetzungen";"format";"operator";"antwort";"material";"skizze";"kontext";"textumfang";"gegeben";"gesucht";"verfahren";"schritte";"zahlenraum";"einheiten";"abhaengig_von";"ergebnis";"zwischenergebnis";"niveau_geschaetzt";"fehlerquelle";"bemerkung"
"2026MgrundlegendAAnalysis11-a";"2026";"2026-iqb-ga";"A";"1.1";"Analysis";"a";"1";"2";"";"nein";"I";"Analysis";"Kurvenuntersuchung";"Extrempunkt an vorgegebener Stelle nachweisen";"";"ganzrationale Funktion dritten Grades|notwendige Bedingung|hinreichende Bedingung|zweite Ableitung";"Potenzregel anwenden|Vorzeichen der zweiten Ableitung deuten";"Begründung";"Weisen Sie nach";"Text";"keins";"keine";"ohne";"kurz";"f(x) = x^3 − 3x, definiert in IR; Graph G";"Nachweis, dass G einen Hochpunkt mit der x-Koordinate −1 hat";"erste und zweite Ableitung bilden, f'(−1) = 0 und f''(−1) < 0 zeigen";"3";"ganz|negativ|Potenz";"";"";"f'(x) = 3x^2 − 3, f''(x) = 6x; f'(−1) = 0 und f''(−1) = −6 < 0, also Hochpunkt bei x = −1 (amtlich)";"f'(x) = 3x^2 − 3|f''(x) = 6x";"I";"nur f'(−1) = 0 zeigen und die hinreichende Bedingung weglassen";"Standardbezug: K1 I, K2 I, K5 I. Amtlich, eigene Rechnung bestätigt."
"2026MgrundlegendAAnalysis11-b";"2026";"2026-iqb-ga";"A";"1.1";"Analysis";"b";"1";"3";"";"nein";"I|II";"Analysis";"Kurvenuntersuchung";"Abstand zweier Extrempunkte über die Punktsymmetrie berechnen";"";"Punktsymmetrie zum Ursprung|Hochpunkt|Tiefpunkt|Abstand zweier Punkte";"Funktionswert berechnen|Abstand zweier Punkte mit dem Satz des Pythagoras|Punktsymmetrie nutzen";"Rechnung";"Berechnen Sie";"Zahl";"keins";"keine";"ohne";"kurz";"f(x) = x^3 − 3x, definiert in IR; Graph G; G ist symmetrisch zum Koordinatenursprung; G hat einen Hochpunkt mit der x-Koordinate −1";"Abstand zwischen Hoch- und Tiefpunkt von G";"f(−1) = 2 berechnen, Hochpunkt H(−1; 2); wegen der Punktsymmetrie ist der Tiefpunkt T(1; −2); Abstand als Länge der Strecke HT, gleich dem Doppelten des Abstands von H zum Ursprung";"3";"ganz|negativ|Wurzel";"";"2026MgrundlegendAAnalysis11-a";"2 · √((−1)^2 + 2^2) = 2√5 (amtlich)";"f(−1) = 2|H(−1; 2)|T(1; −2)";"II";"den Tiefpunkt neu über die Ableitung berechnen statt die Symmetrie zu nutzen, oder nur den Abstand von H zum Ursprung angeben";"Standardbezug: K2 II, K4 I, K5 II. Amtlich, eigene Rechnung bestätigt: 2√5 ≈ 4,47."
"2026MgrundlegendAAnalysis12-a";"2026";"2026-iqb-ga";"A";"1.2";"Analysis";"a";"1";"2";"";"nein";"I";"Analysis";"Funktionsklassen und Eigenschaften";"Flächeninhalt eines Dreiecks aus Extrempunkten der Sinusfunktion berechnen";"";"Sinusfunktion|Extrempunkte|Dreieck|Grundseite 2π|Höhe 2";"Extrempunkte von sin x kennen|Dreiecksfläche aus Grundseite und Höhe";"Rechnung";"Berechnen Sie";"Zahl";"Koordinatensystem";"Koordinatensystem mit x-Achse von 0 bis 3π (Marken π/2, π, 3π/2, 2π, 5π/2, 3π) und y-Achse; gestrichelt der Graph von f(x) = sin x; durchgezogen das Dreieck ABC mit A(π/2; 1) und C(5π/2; 1) oben und B(3π/2; −1) unten, also drei aufeinanderfolgende Extrempunkte; die Seiten AB und BC schneiden die x-Achse bei π und 2π";"ohne";"kurz";"f(x) = sin x, definiert in IR; Dreieck ABC, dessen Eckpunkte drei direkt aufeinanderfolgende Extrempunkte des Graphen sind: A(π/2; 1), B(3π/2; −1), C(5π/2; 1) (aus der Abbildung)";"Flächeninhalt des Dreiecks ABC";"Grundseite AC mit Länge 2π und Höhe 2 (Abstand von B zur Geraden AC) ablesen, Fläche als halbes Produkt";"2";"ganz";"";"";"A = 1/2 · 2π · (1 − (−1)) = 2π (amtlich)";"Grundseite 2π|Höhe 2";"I";"die Höhe mit 1 statt 2 ansetzen, weil der Tiefpunkt bei −1 liegt";"Standardbezug: K2 I, K4 I, K5 I. Amtlich, eigene Rechnung bestätigt."
"2026MgrundlegendAAnalysis12-b";"2026";"2026-iqb-ga";"A";"1.2";"Analysis";"b";"1";"3";"";"nein";"II";"Analysis";"Funktionsklassen und Eigenschaften";"Abstand von Extrempunkten einer gestreckten Sinusfunktion vergleichen";"";"Streckung in x-Richtung|Streckung in y-Richtung|Faktor 3 und 2|Abstand der Extrempunkte";"Wirkung der Parameter a und b in a · sin(b · x) kennen|Streckenlänge aus Koordinatendifferenzen";"Begründung";"Untersuchen Sie";"Text";"Koordinatensystem";"Koordinatensystem mit x-Achse von 0 bis 3π (Marken π/2, π, 3π/2, 2π, 5π/2, 3π) und y-Achse; gestrichelt der Graph von f(x) = sin x; durchgezogen das Dreieck ABC mit A(π/2; 1) und C(5π/2; 1) oben und B(3π/2; −1) unten, also drei aufeinanderfolgende Extrempunkte; die Seiten AB und BC schneiden die x-Achse bei π und 2π";"ohne";"mittel";"f(x) = sin x mit den Extrempunkten A(π/2; 1) und B(3π/2; −1); g(x) = 2 · sin(1/3 · x), definiert in IR; betrachtet wird die Strecke zwischen zwei direkt aufeinanderfolgenden Extrempunkten des Graphen von g";"Untersuchung, ob diese Strecke kürzer als die Strecke AB ist";"den Graphen von g als Streckung des Graphen von f in x-Richtung mit Faktor 3 und in y-Richtung mit Faktor 2 erkennen; beide Faktoren größer als 1, also wächst die waagerechte und die senkrechte Differenz der Extrempunkte, die Strecke ist länger";"2";"ganz|Bruch";"";"2026MgrundlegendAAnalysis12-a";"nein, die Strecke ist nicht kürzer als AB, weil der Graph von g durch Streckung in x- und in y-Richtung mit Faktoren größer als 1 aus dem Graphen von f entsteht (amtlich)";"rechnerisch: |AB| = √(π^2 + 4) ≈ 3,72; bei g Extrempunkte (3π/2; 2) und (9π/2; −2) mit Abstand √(9π^2 + 16) ≈ 10,24";"II";"den Faktor 1/3 als Stauchung in x-Richtung deuten";"Standardbezug: K1 II, K4 II, K6 II. Amtlich; das amtliche Ergebnis argumentiert ohne Rechnung, eigene Rechnung bestätigt."
"2026MgrundlegendAAnalysis13-a";"2026";"2026-iqb-ga";"A";"1.3";"Analysis";"a";"1";"3";"";"nein";"I";"Analysis";"Stammfunktion und Hauptsatz";"Bestimmtes Integral einer ganzrationalen Funktion berechnen";"";"Stammfunktion|Hauptsatz|Integral von −1 bis 0|Bruchrechnung";"Potenzregel der Integration|Brüche addieren";"Rechnung";"Berechnen Sie";"Zahl";"Koordinatensystem";"Koordinatensystem mit x-Achse von −2 bis 2 und y-Achse von −3 bis 4, Gitter; Graph von f(x) = x^3 + x^2 − 2x: von links unten steil steigend durch die Nullstelle −2, Hochpunkt bei etwa (−1,2; 2,1), fallend durch den Ursprung, Tiefpunkt bei etwa (0,55; −0,6), Nullstelle 1, dann steil steigend";"ohne";"kurz";"f(x) = x^3 + x^2 − 2x, definiert in IR; Nullstellen −2, 0 und 1; Graph in der Abbildung";"Wert des Integrals von −1 bis 0 über f(x) dx";"Stammfunktion F(x) = 1/4 x^4 + 1/3 x^3 − x^2 bilden und F(0) − F(−1) berechnen";"2";"ganz|negativ|Bruch|Potenz";"";"";"13/12 (amtlich)";"F(x) = 1/4 x^4 + 1/3 x^3 − x^2|F(−1) = 1/4 − 1/3 − 1 = −13/12";"I";"beim Einsetzen von −1 die Vorzeichen der ungeraden Potenz verfehlen";"Standardbezug: K5 I. Amtlich, eigene Rechnung bestätigt."
"2026MgrundlegendAAnalysis13-b";"2026";"2026-iqb-ga";"A";"1.3";"Analysis";"b";"1";"2";"";"nein";"II";"Analysis";"Flächeninhalt durch Integration";"Summe zweier Integrale als Flächeninhalt beurteilen";"";"Fläche zwischen Graph und x-Achse|zwei Flächenstücke|negatives Integral|Vorzeichen";"Integral unterhalb der x-Achse als negativ erkennen";"Begründung";"Beurteilen Sie";"Text";"Koordinatensystem";"Koordinatensystem mit x-Achse von −2 bis 2 und y-Achse von −3 bis 4, Gitter; Graph von f(x) = x^3 + x^2 − 2x: von links unten steil steigend durch die Nullstelle −2, Hochpunkt bei etwa (−1,2; 2,1), fallend durch den Ursprung, Tiefpunkt bei etwa (0,55; −0,6), Nullstelle 1, dann steil steigend";"ohne";"mittel";"f(x) = x^3 + x^2 − 2x, definiert in IR; Nullstellen −2, 0 und 1; der Graph und die x-Achse schließen eine Fläche aus zwei Flächenstücken ein (über der Achse zwischen −2 und 0, unter der Achse zwischen 0 und 1); Term: Integral von −2 bis 0 über f plus Integral von 0 bis 1 über f";"Beurteilung, ob der Wert des Terms dem Inhalt dieser Fläche entspricht";"das zweite Integral ist negativ, weil der Graph zwischen 0 und 1 unter der x-Achse liegt; die Summe ist deshalb kleiner als der Flächeninhalt";"1";"ganz|negativ";"";"";"nein; das Integral von 0 bis 1 ist negativ und entspricht nicht dem Inhalt des Flächenstücks unter der x-Achse, das Integral von −2 bis 0 entspricht dem Flächenstück über der Achse, die Summe ist also nicht der Flächeninhalt (amtlich)";"rechnerisch: Integral von −2 bis 0 gleich 8/3, von 0 bis 1 gleich −5/12";"II";"jedes Integral als Flächeninhalt lesen und die Summe für richtig halten";"Standardbezug: K1 II, K4 II, K6 II. Amtlich, eigene Rechnung bestätigt."
"2026MgrundlegendAAnalysis14-a";"2026";"2026-iqb-ga";"A";"1.4";"Analysis";"a";"1";"2";"";"nein";"I";"Analysis";"Ableitungsgraph und Funktionsgraph";"Graph der Funktion vom Graphen der Ableitung unterscheiden";"";"Graph und Ableitungsgraph|negative Steigung|Vorzeichen der Ableitung|Zuordnung begründen";"Steigung des Graphen mit dem Vorzeichen der Ableitung verknüpfen";"Begründung";"Begründen Sie";"Text";"Koordinatensystem";"Koordinatensystem mit x-Achse von −3 bis 3 und y-Achse von −2 bis 2, Gitter; Graph I durchgezogen: von links unten flach steigend, Hochpunkt (0; 2), fallend zum Tiefpunkt (2; 0) mit Berührung der x-Achse, dann steil steigend; Graph II gestrichelt: von links nahe null, kleines Maximum bei etwa (−2; 0,3), Nullstelle 0, Tiefpunkt bei etwa (1; −1,6), Nullstelle 2, dann steil steigend";"ohne";"kurz";"Abbildung mit zwei Graphen I und II: der Graph einer in IR definierten Funktion f und der Graph ihrer Ableitungsfunktion f'; Graph I hat einen Hochpunkt bei (0; 2) und berührt die x-Achse bei 2, Graph II hat Nullstellen bei 0 und 2 und einen Tiefpunkt bei etwa (1; −1,6)";"Begründung, dass Graph I der Graph von f ist";"einen Bereich nennen, in dem Graph I fällt und Graph II negativ ist (0 bis 2), oder umgekehrt in dem Graph II fällt, Graph I aber nicht negativ ist; die Zuordnung Graph II = f' passt zu Graph I";"1";"ganz";"";"";"es gibt einen Bereich, in dem Graph II negative Steigung hat, Graph I dort aber keine Punkte unterhalb der x-Achse besitzt, also kann Graph I nicht die Ableitung von Graph II sein (amtlich)";"";"II";"nur behaupten, dass Graph II die Ableitung ist, ohne einen Bereich mit passendem Vorzeichen zu nennen";"Standardbezug: K1 I, K4 I. Amtlich. Die amtliche Begründung geht vom Widerspruch aus: Graph I kann nicht Ableitung von Graph II sein."
"2026MgrundlegendAAnalysis14-b";"2026";"2026-iqb-ga";"A";"1.4";"Analysis";"b";"1";"3";"";"nein";"I|II";"Analysis";"Flächeninhalt durch Integration";"Integral einer Differenzfunktion grafisch abschätzen";"";"Integral der Differenz|Fläche zwischen zwei Graphen|Vergleichsrechteck 4 mal 3|Eintragen in die Abbildung";"Integral einer Differenz als Fläche zwischen den Graphen deuten|Rechteckfläche berechnen";"Zeichnen";"Veranschaulichen Sie";"Grafik";"Koordinatensystem";"Koordinatensystem mit x-Achse von −3 bis 3 und y-Achse von −2 bis 2, Gitter; Graph I durchgezogen: von links unten flach steigend, Hochpunkt (0; 2), fallend zum Tiefpunkt (2; 0) mit Berührung der x-Achse, dann steil steigend; Graph II gestrichelt: von links nahe null, kleines Maximum bei etwa (−2; 0,3), Nullstelle 0, Tiefpunkt bei etwa (1; −1,6), Nullstelle 2, dann steil steigend";"ohne";"kurz";"Abbildung mit dem Graphen von f (Graph I, Hochpunkt (0; 2), Tiefpunkt (2; 0)) und dem Graphen von f' (Graph II, Nullstellen 0 und 2, Tiefpunkt bei etwa (1; −1,6)); Aussage: das Integral von −2 bis 2 über f(x) − f'(x) dx ist kleiner als 12";"grafische Veranschaulichung der Aussage durch Eintragungen in der Abbildung";"die Fläche zwischen Graph I und Graph II von x = −2 bis x = 2 schraffieren und ein Rechteck von x = −2 bis 2 und y = −2 bis 1 (Fläche 4 · 3 = 12) eintragen, das die schraffierte Fläche ganz enthält";"2";"ganz|negativ";"";"2026MgrundlegendAAnalysis14-a";"schraffierte Fläche zwischen den beiden Graphen über dem Intervall von −2 bis 2, umschlossen von einem Rechteck der Breite 4 und Höhe 3 mit Flächeninhalt 12 (amtlich)";"";"II";"nur die Fläche unter Graph I schraffieren und Graph II nicht berücksichtigen";"Standardbezug: K1 II, K2 I, K4 II. Amtlich; der Erwartungshorizont zeigt die Abbildung mit Schraffur und grau hinterlegtem Rechteck von y = −2 bis 1. Das Feld skizze beschreibt das vorgegebene Material, die Lösung ist eine Zeichnung."
"2026MgrundlegendAAnalysis21-a";"2026";"2026-iqb-ga";"A";"2.1";"Analysis";"a";"1";"1";"";"nein";"I";"Analysis";"Ableitung und Änderungsrate";"Steigung einer Geraden am Graphen begründen";"";"lineare Funktion|Steigungsdreieck|Ableitung konstant|g'(3) = 2";"Ableitung einer linearen Funktion als Steigung kennen";"Begründung";"Begründen Sie";"Text";"Koordinatensystem";"Koordinatensystem mit x-Achse von −6 bis 10 und y-Achse von −10 bis 10, Gitter; die Gerade g steigend durch (1; 0) und (3; 4) mit Steigung 2; der Graph von f parabelförmig: von links oben fallend durch (0; 0), Tiefpunkt (3; −6), steigend durch (6; 0) nach rechts oben";"ohne";"kurz";"Abbildung mit dem Graphen der in IR definierten linearen Funktion g (durch (1; 0) und (3; 4)) und dem Graphen der differenzierbaren Funktion f";"Begründung, dass g'(3) = 2 gilt";"am Graphen von g ein Steigungsdreieck ablesen (2 nach rechts, 4 nach oben); die Ableitung einer linearen Funktion ist überall ihre Steigung";"1";"ganz";"";"";"anhand eines Steigungsdreiecks hat die Gerade die Steigung 2, also ist g'(3) = 2 (amtlich)";"";"I";"g(3) = 4 als Ableitungswert nehmen";"Standardbezug: K1 I, K4 I. Amtlich. Werte nur aus der Abbildung; eine Funktionsgleichung ist nicht gegeben."
"2026MgrundlegendAAnalysis21-b";"2026";"2026-iqb-ga";"A";"2.1";"Analysis";"b";"1";"4";"";"nein";"II|III";"Analysis";"Ableitungsregeln";"Ableitung eines Produkts aus Graphenwerten mit der Produktregel bestimmen";"";"Produktregel|Tangentensteigung|Werte aus dem Graphen|Tiefpunkt hat Ableitung null";"Produktregel anwenden|Funktionswerte und Steigungen aus Graphen ablesen|Tiefpunkt als Stelle mit f' = 0 erkennen";"Rechnung";"Bestimmen Sie";"Zahl";"Koordinatensystem";"Koordinatensystem mit x-Achse von −6 bis 10 und y-Achse von −10 bis 10, Gitter; die Gerade g steigend durch (1; 0) und (3; 4) mit Steigung 2; der Graph von f parabelförmig: von links oben fallend durch (0; 0), Tiefpunkt (3; −6), steigend durch (6; 0) nach rechts oben";"ohne";"kurz";"Abbildung mit dem Graphen der linearen Funktion g (Steigung 2, g(3) = 4) und dem Graphen der differenzierbaren Funktion f (Tiefpunkt (3; −6)); h(x) = f(x) · g(x), definiert in IR";"Steigung der Tangente an den Graphen von h im Punkt (3; h(3))";"h'(3) = f'(3) · g(3) + f(3) · g'(3) mit der Produktregel; f'(3) = 0 (Tiefpunkt), g(3) = 4, f(3) = −6 und g'(3) = 2 aus der Abbildung einsetzen";"3";"ganz|negativ";"";"2026MgrundlegendAAnalysis21-a";"h'(3) = f'(3) · g(3) + f(3) · g'(3) = 0 · 4 + (−6) · 2 = −12 (amtlich)";"f'(3) = 0|f(3) = −6|g(3) = 4|g'(3) = 2";"II";"h'(3) als f'(3) · g'(3) bilden oder f'(3) nicht als null erkennen";"Standardbezug: K2 III, K4 III, K5 II. Amtlich, eigene Rechnung bestätigt. Eigene Schätzung II, amtlich bis III."
"2026MgrundlegendAAnalysis22-a";"2026";"2026-iqb-ga";"A";"2.2";"Analysis";"a";"1";"2";"";"nein";"II";"Analysis";"Ableitungsgraph und Funktionsgraph";"Monotonie aus dem Vorzeichen der Ableitung am Graphen begründen";"";"Graph der Ableitung|Vorzeichenwechsel|monoton fallend|monoton steigend";"Monotoniekriterium mit dem Vorzeichen von f' kennen";"Begründung";"Begründen Sie";"Text";"Koordinatensystem";"Koordinatensystem mit x-Achse von −4 bis 4 und y-Achse von −3 bis 4, Gitter; Graph von f' beschriftet: von links unten steil steigend durch die einzige Nullstelle −3, Hochpunkt (−2; 4), dann fallend und sich für große x von oben der x-Achse nähernd (bei x = 4 etwa 0,2)";"ohne";"kurz";"Abbildung mit dem Graphen der Ableitungsfunktion f' einer in IR definierten Funktion f; die einzige Nullstelle von f' ist −3; f' ist links von −3 negativ, rechts davon positiv";"Begründung, dass f für x <= −3 monoton fallend und für x >= −3 monoton steigend ist";"am Graphen von f' das Vorzeichen links und rechts von −3 ablesen; f' wechselt an seiner einzigen Nullstelle von minus nach plus";"1";"ganz|negativ";"";"";"f' wechselt an seiner einzigen Nullstelle −3 das Vorzeichen von minus nach plus, also fällt f links davon und steigt rechts davon (amtlich)";"";"II";"den abgebildeten Graphen für den Graphen von f halten und mit dessen Steigung argumentieren";"Standardbezug: K1 II, K2 II, K4 II. Amtlich."
"2026MgrundlegendAAnalysis22-b";"2026";"2026-iqb-ga";"A";"2.2";"Analysis";"b";"1";"3";"";"nein";"II|III";"Analysis";"Stammfunktion und Hauptsatz";"Aussage über Extrempunkte einer Stammfunktion beurteilen";"";"Stammfunktion F|F' = f|Tiefpunkt (−3; 2)|f überall positiv|kein Extrempunkt";"F' = f verwenden|Tiefpunkt von f aus der Monotonie folgern|notwendige Bedingung für Extrempunkte";"Begründung";"Beurteilen Sie";"Text";"Koordinatensystem";"Koordinatensystem mit x-Achse von −4 bis 4 und y-Achse von −3 bis 4, Gitter; Graph von f' beschriftet: von links unten steil steigend durch die einzige Nullstelle −3, Hochpunkt (−2; 4), dann fallend und sich für große x von oben der x-Achse nähernd (bei x = 4 etwa 0,2)";"ohne";"mittel";"Abbildung mit dem Graphen von f' (einzige Nullstelle −3, Vorzeichenwechsel von minus nach plus); f(−3) = 2; Aussage: ist F eine Stammfunktion von f, dann besitzt der Graph von F keinen Extrempunkt";"Beurteilung der Aussage";"aus der Monotonie folgt, dass f bei (−3; 2) seinen einzigen Extrempunkt, einen Tiefpunkt, hat; f ist damit überall positiv, also hat F' = f keine Nullstelle und F keinen Extrempunkt";"2";"ganz|negativ";"";"2026MgrundlegendAAnalysis22-a";"die Aussage ist wahr: der Graph von f hat mit dem Tiefpunkt (−3; 2) seinen einzigen Extrempunkt, f nimmt nur positive Werte an, F' = f hat also keine Nullstelle (amtlich)";"Tiefpunkt von f bei (−3; 2)|f(x) > 0 für alle x";"III";"die Nullstelle von f' bei −3 als Extremstelle von F deuten";"Standardbezug: K1 III, K2 III, K4 II, K6 III. Amtlich."
"2026MgrundlegendAAGLAA111-a";"2026";"2026-iqb-ga";"A";"1.1";"AG/LA (A1)";"a";"1";"3";"";"nein";"I";"Analytische Geometrie";"Orthogonalität";"Rechten Winkel und Kathetenlängen eines Dreiecks nachweisen";"";"Skalarprodukt null|Betrag eines Vektors|gleichschenklig|Katheten 10";"Skalarprodukt bilden|Vektorlänge berechnen";"Begründung";"Zeigen Sie";"Text";"keins";"keine";"ohne";"kurz";"gleichschenkliges Dreieck OAB mit O(0; 0; 0), A(8; 6; 0) und B(0; 0; 10)";"Nachweis, dass OAB in O rechtwinklig ist und die Katheten die Länge 10 haben";"Skalarprodukt OA · OB = 0 zeigen; |OB| = 10 berechnen und aus der Gleichschenkligkeit im rechten Winkel |OA| = |OB| folgern oder |OA| = √(64 + 36) = 10 direkt rechnen";"3";"ganz|Wurzel";"";"";"OA · OB = 8 · 0 + 6 · 0 + 0 · 10 = 0, also rechter Winkel in O; |OB| = 10 und wegen der Gleichschenkligkeit |OA| = |OB| = 10 (amtlich)";"|OA| = √(8^2 + 6^2) = 10";"I";"den rechten Winkel bei A oder B prüfen statt bei O";"Standardbezug: K1 I, K5 I. Amtlich, eigene Rechnung bestätigt."
"2026MgrundlegendAAGLAA111-b";"2026";"2026-iqb-ga";"A";"1.1";"AG/LA (A1)";"b";"1";"2";"";"nein";"I|II";"Analytische Geometrie";"Flächeninhalt und Volumen im Raum";"Höhe einer Pyramide aus dem Volumen bestimmen";"";"Pyramide|Volumen 100|Spitze senkrecht über dem rechten Winkel|Höhe 6";"Volumenformel der Pyramide|Skalarprodukt null als Orthogonalität deuten";"Rechnung";"Bestimmen Sie";"Zahl";"keins";"keine";"ohne";"mittel";"Dreieck OAB mit O(0; 0; 0), A(8; 6; 0), B(0; 0; 10), rechtwinklig in O mit Kathetenlänge 10; Pyramide OABS mit Spitze S und Volumen 100; OS · OA = 0 und OS · OB = 0";"Länge |OS|";"OS steht senkrecht auf der Grundfläche OAB, ist also die Höhe; Grundfläche 1/2 · 10 · 10 = 50; aus V = 1/3 · 50 · |OS| = 100 folgt |OS| = 6";"2";"ganz";"";"2026MgrundlegendAAGLAA111-a";"1/3 · 1/2 · 10 · 10 · |OS| = 100, also |OS| = 6 (amtlich)";"Grundfläche 50";"II";"den Faktor 1/3 der Pyramidenformel vergessen";"Standardbezug: K2 II, K4 II, K5 I. Amtlich, eigene Rechnung bestätigt."
"2026MgrundlegendAAGLAA112-a";"2026";"2026-iqb-ga";"A";"1.2";"AG/LA (A1)";"a";"1";"2";"";"nein";"I";"Analytische Geometrie";"Orthogonalität";"Rechten Winkel eines Dreiecks mit Parameter nachweisen";"";"Skalarprodukt mit Parameter|6t − 6t = 0|rechter Winkel in A";"Skalarprodukt mit Variablen ausrechnen";"Begründung";"Zeigen Sie";"Text";"keins";"keine";"ohne";"kurz";"Dreieck ABC mit A(0; 0; 0), B(6; 2; 3) und C(t; −3t; 0), t positiv reell";"Nachweis, dass das Dreieck in A einen rechten Winkel hat";"Skalarprodukt AB · AC = 6t − 6t + 0 = 0 für jedes t";"1";"ganz";"";"";"AB · AC = 6 · t + 2 · (−3t) + 3 · 0 = 6t − 6t = 0, also rechter Winkel in A (amtlich)";"";"I";"das Skalarprodukt nur für einen Zahlenwert von t prüfen";"Standardbezug: K1 I, K5 I. Amtlich, eigene Rechnung bestätigt. Die Kurzbeschreibung nennt das Sachgebiet nur als AG/LA ohne Alternative; die Datei ist wortgleich als 2026MgrundlegendAAGLAA212 ein zweites Mal abgelegt (Dublette ohne Zeile)."
"2026MgrundlegendAAGLAA112-b";"2026";"2026-iqb-ga";"A";"1.2";"AG/LA (A1)";"b";"1";"3";"";"nein";"II";"Analytische Geometrie";"Abstände";"Parameter aus der Gleichschenkligkeit eines Dreiecks berechnen";"";"gleichschenklig|Kathetenlängen gleich|Betrag mit Parameter|√10 · t = 7";"Vektorlänge mit Parameter berechnen|Wurzelgleichung lösen";"Rechnung";"Berechnen Sie";"Zahl";"keins";"keine";"ohne";"kurz";"Dreieck ABC mit A(0; 0; 0), B(6; 2; 3) und C(t; −3t; 0), t positiv, rechtwinklig in A; das Dreieck ist gleichschenklig";"Wert von t";"im rechtwinkligen gleichschenkligen Dreieck sind die Katheten AB und AC gleich lang: |AB| = 7 und |AC| = √(t^2 + 9t^2) = √10 · t gleichsetzen";"3";"ganz|Wurzel";"";"2026MgrundlegendAAGLAA112-a";"t = 7/√10 (amtlich)";"|AB| = √(36 + 4 + 9) = 7|AC| = √10 · t|t ≈ 2,21";"II";"die Hypotenuse BC mit einer Kathete gleichsetzen";"Standardbezug: K1 II, K2 II, K5 II. Amtlich, eigene Rechnung bestätigt."
"2026MgrundlegendAAGLAA12";"2026";"2026-iqb-ga";"A";"2";"AG/LA (A1)";"";"1";"5";"";"nein";"II|III";"Analytische Geometrie";"Lineare Gleichungssysteme";"Lösung eines unterbestimmten Gleichungssystems unter Zusatzbedingungen auswählen";"";"LGS mit drei Unbekannten|Gleichungen II und III Vielfache|Lösungsschar mit Parameter|negativ und ganzzahlig|größtes y";"abhängige Gleichungen erkennen|Lösungsmenge mit Parameter angeben|Bedingungen an den Parameter übersetzen";"Rechnung";"Bestimmen Sie";"Zahl";"keins";"keine";"ohne";"mittel";"lineares Gleichungssystem I: −4x + z = 4, II: 2y − z = 4, III: 4y − 2z = 8; betrachtet werden nur Lösungen (x; y; z), bei denen x, y und z negativ und ganzzahlig sind";"die Lösung mit dem größten Wert für y";"II und III sind Vielfache, das System hat unendlich viele Lösungen; mit z = t folgt x = t/4 − 1 und y = t/2 + 2; alle drei negativ heißt t < −4, ganzzahlig heißt t Vielfaches von 4; größtes y bei t = −8";"4";"ganz|negativ|Bruch";"";"";"(−3; −2; −8) (amtlich)";"allgemeine Lösung (t/4 − 1; t/2 + 2; t) mit t aus IR|Bedingung t < −4 und t Vielfaches von 4";"III";"das System für eindeutig lösbar halten oder die Ganzzahligkeit von x übersehen und t = −6 nehmen";"Standardbezug: K1 III, K2 II, K5 III, K6 II. Amtlich, eigene Rechnung bestätigt. Aufgabe ohne Teilaufgabenbuchstaben, eine Zeile mit 5 BE. Lineare Gleichungssysteme stehen im Pool unter AG/LA, in der Themenliste deshalb auch unter Analytische Geometrie (iqb.md § 6)."
"2026MgrundlegendAAGLAA211-a";"2026";"2026-iqb-ga";"A";"1.1";"AG/LA (A2)";"a";"1";"3";"";"nein";"I|II";"Analytische Geometrie";"Lagebeziehungen";"Punktprobe an einer Ebenengleichung durchführen";"Orthogonalität von Gerade und Ebene über Normalen- und Richtungsvektor begründen";"Koordinatengleichung|Punktprobe|Normalenvektor|Richtungsvektor kollinear|Lotgerade";"Normalenvektor aus der Koordinatengleichung ablesen|Richtungsvektor aus zwei Punkten bilden|Kollinearität erkennen";"Begründung";"Zeigen Sie|Begründen Sie";"Text";"keins";"keine";"ohne";"kurz";"Ebene E: x1 − 3x2 + 2x3 = 11; Gerade g durch P(5; 0; 3) und Q(9; −12; 11)";"Nachweis, dass P in E liegt|Begründung, dass g senkrecht zu E steht";"P in die Koordinatengleichung einsetzen; Richtungsvektor PQ = (4; −12; 8) mit dem Normalenvektor (1; −3; 2) vergleichen: PQ = 4 · n, also kollinear";"2";"ganz|negativ";"";"";"5 − 3 · 0 + 2 · 3 = 11, also liegt P in E|der Richtungsvektor (4; −12; 8) von g und der Normalenvektor (1; −3; 2) von E sind kollinear, also steht g senkrecht auf E (amtlich)";"PQ = (4; −12; 8) = 4 · (1; −3; 2)";"II";"für die Orthogonalität das Skalarprodukt von Richtungs- und Normalenvektor gleich null erwarten";"Standardbezug: K1 I, K2 II, K5 I. Amtlich, eigene Rechnung bestätigt. Typ Punktprobe an einer Ebenengleichung durchführen aus abi-typen.csv übernommen."
"2026MgrundlegendAAGLAA211-b";"2026";"2026-iqb-ga";"A";"1.1";"AG/LA (A2)";"b";"1";"2";"";"nein";"I|II";"Analytische Geometrie";"Spiegelung";"Spiegelpunkt an einer Ebene über den bekannten Lotfußpunkt bestimmen";"";"Spiegelung an einer Ebene|Lotfußpunkt P|symmetrisch bezüglich E|Vektor PQ rückwärts abtragen";"P als Lotfußpunkt von Q erkennen|Ortsvektor über Vektoraddition bestimmen";"Rechnung";"Ermitteln Sie";"Zahl";"keins";"keine";"ohne";"kurz";"Ebene E: x1 − 3x2 + 2x3 = 11; P(5; 0; 3) liegt in E; die Gerade g durch P und Q(9; −12; 11) steht senkrecht auf E; Q und R liegen symmetrisch bezüglich E";"Koordinaten von R";"P ist der Lotfußpunkt von Q auf E, also ist R = P − PQ (den Vektor PQ von P aus in Gegenrichtung abtragen)";"2";"ganz|negativ";"";"2026MgrundlegendAAGLAA211-a";"OR = OP − PQ = (1; 12; −5), also R(1; 12; −5) (amtlich)";"PQ = (4; −12; 8)";"II";"den Lotfußpunkt neu berechnen, obwohl er mit P gegeben ist, oder R = Q − PQ = P erhalten";"Standardbezug: K2 II, K4 II, K5 I. Amtlich, eigene Rechnung bestätigt."
"2026MgrundlegendAAGLAA213-a";"2026";"2026-iqb-ga";"A";"1.3";"AG/LA (A2)";"a";"1";"1";"";"nein";"I";"Analytische Geometrie";"Punkte und Strecken im Koordinatensystem";"Koordinaten eines Eckpunkts eines Prismas angeben";"";"gerades Prisma|Deckfläche|Eckpunkt F|Verschiebung um die Höhe";"Punkt im Schrägbild dem Koordinatensystem zuordnen";"Kurzantwort";"Geben Sie an";"Zahl";"Körper";"Schrägbild eines dreiseitigen geraden Prismas ABCDEF in einem räumlichen Koordinatensystem mit x-Achse nach vorn links, y-Achse nach rechts, z-Achse nach oben; Grundfläche das Dreieck A(0; 0; 0), B(6; 0; 0), C(0; 4; 0) mit gepunktetem Gitter in der xy-Ebene, Deckfläche D(0; 0; 3), E(6; 0; 3), F(0; 4; 3); die Kanten AD und AC verdeckt gestrichelt; Buchstaben an allen Ecken";"ohne";"kurz";"gerades Prisma ABCDEF mit A(0; 0; 0), B(6; 0; 0), C(0; 4; 0) und D(0; 0; 3), Abbildung";"Koordinaten des Punktes F";"F liegt senkrecht über C in der Höhe von D";"1";"ganz";"";"";"F(0; 4; 3) (amtlich)";"";"I";"E und F verwechseln und (6; 0; 3) angeben";"Standardbezug: K4 I. Amtlich. Datei mit drei Seiten (Bewertungshinweise auf Seite 3)."
"2026MgrundlegendAAGLAA213-b";"2026";"2026-iqb-ga";"A";"1.3";"AG/LA (A2)";"b";"1";"1";"";"nein";"I";"Analytische Geometrie";"Punkte und Strecken im Koordinatensystem";"Dreieck in ein Schrägbild einzeichnen";"";"Punkt auf einer Kante|P(2; 0; 3) auf DE|Dreieck APC|Schrägbild";"Punkt auf einer Kante im Schrägbild verorten";"Zeichnen";"Zeichnen Sie";"Grafik";"Körper";"Schrägbild eines dreiseitigen geraden Prismas ABCDEF in einem räumlichen Koordinatensystem mit x-Achse nach vorn links, y-Achse nach rechts, z-Achse nach oben; Grundfläche das Dreieck A(0; 0; 0), B(6; 0; 0), C(0; 4; 0) mit gepunktetem Gitter in der xy-Ebene, Deckfläche D(0; 0; 3), E(6; 0; 3), F(0; 4; 3); die Kanten AD und AC verdeckt gestrichelt; Buchstaben an allen Ecken";"ohne";"kurz";"Prisma ABCDEF mit A(0; 0; 0), B(6; 0; 0), C(0; 4; 0), D(0; 0; 3), E(6; 0; 3), F(0; 4; 3); P(2; 0; 3) liegt auf der Kante DE";"Dreieck APC in der Abbildung";"P auf DE ein Drittel von D aus markieren und mit A und C verbinden; die Kante AP läuft im Innern des Prismas";"1";"ganz";"";"";"Dreieck mit den Ecken A, P (auf DE, zwei Einheiten von D entfernt) und C, Seiten AP und PC eingezeichnet (amtlich)";"";"I";"P bei zwei Dritteln der Kante DE eintragen";"Standardbezug: K4 I. Amtlich; der Erwartungshorizont zeigt die Abbildung mit dem eingezeichneten Dreieck. Das Feld skizze beschreibt das Material, die Lösung ist eine Zeichnung."
"2026MgrundlegendAAGLAA213-c";"2026";"2026-iqb-ga";"A";"1.3";"AG/LA (A2)";"c";"1";"3";"";"nein";"II";"Analytische Geometrie";"Flächeninhalt und Volumen im Raum";"Parameter eines Punktes aus einer Flächengleichheit bestimmen";"";"Dreiecksfläche|rechter Winkel bei A|gleiche Flächeninhalte|Wurzelgleichung|k = √27";"Orthogonalität von AC und AQ erkennen|Dreiecksfläche als halbes Kathetenprodukt|Wurzelgleichung lösen";"Rechnung";"Berechnen Sie";"Zahl";"Körper";"Schrägbild eines dreiseitigen geraden Prismas ABCDEF in einem räumlichen Koordinatensystem mit x-Achse nach vorn links, y-Achse nach rechts, z-Achse nach oben; Grundfläche das Dreieck A(0; 0; 0), B(6; 0; 0), C(0; 4; 0) mit gepunktetem Gitter in der xy-Ebene, Deckfläche D(0; 0; 3), E(6; 0; 3), F(0; 4; 3); die Kanten AD und AC verdeckt gestrichelt; Buchstaben an allen Ecken";"ohne";"mittel";"Prisma mit A(0; 0; 0), B(6; 0; 0), C(0; 4; 0), D(0; 0; 3); Q(k; 0; 3) mit 0 <= k <= 6; das Dreieck AQC hat den gleichen Flächeninhalt wie das Dreieck ABC";"Wert von k";"AC steht senkrecht auf AB und auf AQ, beide Dreiecke sind rechtwinklig in A mit gemeinsamer Kathete AC; Flächengleichheit heißt |AQ| = |AB|, also √(k^2 + 9) = 6";"3";"ganz|Wurzel";"";"";"1/2 · |AC| · |AQ| = 1/2 · |AC| · |AB| führt auf √(k^2 + 3^2) = 6, also k = √27 (amtlich)";"|AB| = 6|k^2 = 27|k ≈ 5,20";"II";"die Fläche mit einer Höhe berechnen, die nicht auf AC senkrecht steht, oder k^2 = 36 setzen";"Standardbezug: K1 II, K2 II, K4 II, K5 II. Amtlich, eigene Rechnung bestätigt."
"2026MgrundlegendAAGLAA221";"2026";"2026-iqb-ga";"A";"2.1";"AG/LA (A2)";"";"1";"5";"";"nein";"II|III";"Analytische Geometrie";"Orthogonalität";"Punkt aus Orthogonalitäts- und Ebenenbedingung bestimmen";"";"Ansatz C(x; y; 6)|Skalarprodukt null|Punkt in Ebene|lineares Gleichungssystem zwei Unbekannte|Bruchlösung";"Bedingungen in Gleichungen übersetzen|Skalarprodukt mit Unbekannten ausrechnen|LGS mit zwei Unbekannten lösen";"Rechnung";"Ermitteln Sie";"Zahl";"keins";"keine";"ohne";"mittel";"A(2; −3; −1) und B(10; −5; 3); für C gilt: die z-Koordinate von C ist 6; die Geraden AB und AC verlaufen senkrecht zueinander; C liegt in der Ebene x + 2y = 0";"Koordinaten von C";"C(x; y; 6) ansetzen; AB · AC = 8(x − 2) − 2(y + 3) + 4 · 7 = 8x − 2y + 6 = 0 und x + 2y = 0 als Gleichungssystem lösen";"4";"ganz|negativ|Bruch";"";"";"C(−2/3; 1/3; 6) (amtlich)";"AB = (8; −2; 4)|AC = (x − 2; y + 3; 7)|I: 8x − 2y + 6 = 0, II: x + 2y = 0";"III";"die Ebenengleichung x + 2y = 0 als Gerade in der Ebene missdeuten oder beim Skalarprodukt die Konstante 28 vergessen";"Standardbezug: K1 III, K2 III, K5 II, K6 II. Amtlich, eigene Rechnung bestätigt. Aufgabe ohne Teilaufgabenbuchstaben, eine Zeile mit 5 BE."
"2026MgrundlegendAAGLAA222-a";"2026";"2026-iqb-ga";"A";"2.2";"AG/LA (A2)";"a";"1";"2";"";"nein";"I|II";"Analytische Geometrie";"Flächeninhalt und Volumen im Raum";"Volumen eines Prismas über einer Raute berechnen";"";"Raute aus vier rechtwinkligen Dreiecken|Diagonalen 4 und 10|Höhe 6|Volumen 120";"Rautenfläche aus den Diagonalen oder aus vier Dreiecken|Prismenvolumen Grundfläche mal Höhe";"Rechnung";"Berechnen Sie";"Zahl";"Körper";"Schrägbild eines Prismas ABCDEFGH über einer Raute in einem räumlichen Koordinatensystem (x nach vorn links, y nach rechts, z nach oben) mit gepunktetem Gitter in der xy-Ebene; Grundfläche A(2; 0; 0) vorn, B(0; 5; 0) rechts, C(−2; 0; 0) hinten, D(0; −5; 0) links, Ursprung O in der Mitte; Deckfläche E über A, F(0; 5; 6) über B, G über C, H über D; verdeckte Kanten gestrichelt";"ohne";"kurz";"Prisma ABCDEFGH mit A(2; 0; 0), B(0; 5; 0), C(−2; 0; 0), D(0; −5; 0) und F(0; 5; 6); die Grundfläche ABCD ist eine Raute";"Volumen des Prismas";"Raute als vier rechtwinklige Dreiecke mit Katheten 2 und 5 (oder halbes Diagonalenprodukt 1/2 · 4 · 10 = 20); Höhe 6 aus F; Volumen 20 · 6";"2";"ganz";"";"";"V = 4 · 1/2 · 2 · 5 · 6 = 120 (amtlich)";"Grundfläche 20|Höhe 6";"II";"die Raute als Rechteck 4 mal 10 nehmen und 240 erhalten";"Standardbezug: K2 II, K5 I. Amtlich, eigene Rechnung bestätigt."
"2026MgrundlegendAAGLAA222-b";"2026";"2026-iqb-ga";"A";"2.2";"AG/LA (A2)";"b";"1";"3";"";"nein";"II|III";"Analytische Geometrie";"Vektoren und Rechenoperationen";"Ortsvektor eines gedrehten Punktes als Term aufstellen";"";"Drehung um eine Kante|Punkt in der xy-Ebene|Richtung senkrecht zu AB|Einheitsvektor mal Länge|Term statt Zahl";"zu AB senkrechten Vektor in der xy-Ebene finden|Vektor auf eine Länge normieren|Ortsvektor als Summe aufstellen";"Kurzantwort";"Geben Sie an";"Term";"Körper";"Schrägbild eines Prismas ABCDEFGH über einer Raute in einem räumlichen Koordinatensystem (x nach vorn links, y nach rechts, z nach oben) mit gepunktetem Gitter in der xy-Ebene; Grundfläche A(2; 0; 0) vorn, B(0; 5; 0) rechts, C(−2; 0; 0) hinten, D(0; −5; 0) links, Ursprung O in der Mitte; Deckfläche E über A, F(0; 5; 6) über B, G über C, H über D; verdeckte Kanten gestrichelt";"ohne";"lang";"Prisma ABCDEFGH mit A(2; 0; 0), B(0; 5; 0), C(−2; 0; 0), D(0; −5; 0), F(0; 5; 6); das Prisma wird so um die Kante AB gedreht, dass F nach der Drehung in der xy-Ebene liegt und eine positive x-Koordinate hat; dieser Punkt heißt F'";"Term für den Ortsvektor von F', mit dem die Koordinaten von F' berechnet werden können";"F' liegt in der xy-Ebene senkrecht zu AB im Abstand |BF| = 6 von B: (5; 2; 0) steht senkrecht auf AB = (−2; 5; 0) und zeigt in positive x-Richtung; OF' = OB + |BF|/|AB| · (5; 2; 0), weil (5; 2; 0) die Länge |AB| = √29 hat";"3";"ganz|Wurzel";"";"";"OF' = OB + |BF|/|AB| · (5; 2; 0) (amtlich)";"|BF| = 6|AB = (−2; 5; 0), |AB| = √29|F' ≈ (5,57; 7,23; 0)";"III";"F einfach auf die xy-Ebene projizieren und F' = B setzen, oder die Richtung (5; 2; 0) nicht auf die Länge 6 bringen";"Standardbezug: K2 III, K4 III, K5 II, K6 II. Amtlich, eigene Rechnung bestätigt: |BF'| = 6."
"2026MgrundlegendAStochastik11-a";"2026";"2026-iqb-ga";"A";"1.1";"Stochastik";"a";"1";"2";"";"nein";"I";"Stochastik";"Kenngrößen von Verteilungen";"Trefferwahrscheinlichkeit aus dem ganzzahligen Erwartungswert im Diagramm ermitteln";"";"Binomialverteilung n = 20|Säulendiagramm|Erwartungswert ganzzahlig|höchste Säule bei 4|p = 0,2";"Erwartungswert n · p kennen|Erwartungswert als Lage der höchsten Säule deuten";"Rechnung";"Ermitteln Sie";"Zahl";"Diagramm";"Säulendiagramm der Wahrscheinlichkeitsverteilung P(X = k) für k = 0 bis 12 mit y-Achse von 0 bis 0,25 (Marken 0,05, 0,1, 0,15, 0,2) und feinem Gitter; Säulenhöhen etwa 0,01 (k = 0), 0,06 (1), 0,14 (2), 0,205 (3), 0,22 (4, höchste), 0,175 (5), 0,11 (6), 0,055 (7), 0,02 (8), 0,007 (9), danach nahe null";"ohne";"kurz";"Säulendiagramm der Wahrscheinlichkeitsverteilung einer binomialverteilten Zufallsgröße X mit n = 20 und unbekanntem p; höchste Säule bei k = 4; der Erwartungswert von X ist ganzzahlig";"Wert von p";"der ganzzahlige Erwartungswert liegt an der höchsten Säule, also 20 · p = 4";"2";"dezimal";"";"";"20 · p = 4 liefert p = 0,2 (amtlich)";"";"I";"p aus der Höhe der höchsten Säule (0,22) ablesen";"Standardbezug: K2 I, K4 I, K5 I. Amtlich, eigene Rechnung bestätigt."
"2026MgrundlegendAStochastik11-b";"2026";"2026-iqb-ga";"A";"1.1";"Stochastik";"b";"1";"3";"";"nein";"I|II";"Stochastik";"Binomialverteilung";"Werte zu Wahrscheinlichkeitsbedingungen aus dem Säulendiagramm ablesen";"";"P(X = v) ≈ 0,175|kumulierte Wahrscheinlichkeit|0,15 < P(X <= w) < 0,25|Säulen addieren";"Einzelwahrscheinlichkeit als Säulenhöhe lesen|kumulierte Wahrscheinlichkeit als Summe von Säulen";"Kurzantwort";"Geben Sie an";"Zahl";"Diagramm";"Säulendiagramm der Wahrscheinlichkeitsverteilung P(X = k) für k = 0 bis 12 mit y-Achse von 0 bis 0,25 (Marken 0,05, 0,1, 0,15, 0,2) und feinem Gitter; Säulenhöhen etwa 0,01 (k = 0), 0,06 (1), 0,14 (2), 0,205 (3), 0,22 (4, höchste), 0,175 (5), 0,11 (6), 0,055 (7), 0,02 (8), 0,007 (9), danach nahe null";"ohne";"kurz";"Säulendiagramm von P(X = k) für X binomialverteilt mit n = 20 und p = 0,2: Säulenhöhen etwa 0,01, 0,06, 0,14, 0,205, 0,22, 0,175 für k = 0 bis 5; Bedingungen P(X = v) ≈ 0,175 und 0,15 < P(X <= w) < 0,25";"natürliche Zahlen v und w";"v an der Säule mit Höhe 0,175 ablesen; für w die Säulen von k = 0 an addieren, bis die Summe zwischen 0,15 und 0,25 liegt";"2";"dezimal";"";"2026MgrundlegendAStochastik11-a";"v = 5; w = 2 (amtlich)";"P(X <= 1) ≈ 0,07|P(X <= 2) ≈ 0,21|P(X <= 3) ≈ 0,41";"II";"für w die Säule mit Höhe zwischen 0,15 und 0,25 nehmen statt die Summe zu bilden";"Standardbezug: K2 II, K4 II, K5 I. Amtlich, eigene Rechnung bestätigt (P(X = 5) = 0,175, P(X <= 2) = 0,206)."
"2026MgrundlegendAStochastik12-a";"2026";"2026-iqb-ga";"A";"1.2";"Stochastik";"a";"1";"2";"";"nein";"I";"Stochastik";"Binomialverteilung";"Term für eine Wahrscheinlichkeit einer Bernoulli-Kette angeben";"";"fünf Münzwürfe|höchstens einmal Wappen|Term angeben|Binomialkoeffizient 5";"höchstens einmal als kein Mal oder genau einmal zerlegen|Anzahl der Anordnungen zählen";"Kurzantwort";"Geben Sie an";"Term";"keins";"keine";"Münzwurf";"mittel";"eine Münze mit Zahl und Wappen wird fünfmal geworfen; Ergebnisse sind Abfolgen wie ZWZZW; Ereignis A: es wird höchstens einmal Wappen erzielt";"Term, mit dem P(A) berechnet werden kann";"P(kein Wappen) + P(genau einmal Wappen) mit (1/2)^5 und 5 · 1/2 · (1/2)^4";"2";"Bruch|Potenz";"";"";"(1/2)^5 + 5 · 1/2 · (1/2)^4 (amtlich)";"Wert 6/32 = 3/16";"I";"den Faktor 5 für die Position des Wappens vergessen";"Standardbezug: K2 I, K3 I. Amtlich, eigene Rechnung bestätigt."
"2026MgrundlegendAStochastik12-b";"2026";"2026-iqb-ga";"A";"1.2";"Stochastik";"b";"1";"3";"";"nein";"II";"Stochastik";"Ereignisse und Mengenoperationen";"Ergebnisse zum Gegenereignis zweier Ereignisse aufzählen";"";"weder A noch B|Gegenereignis|erste zwei Würfe Zahl|mindestens zweimal Wappen|vier Ergebnisse";"weder-noch als Schnitt der Gegenereignisse deuten|Ergebnisse systematisch aufzählen";"Kurzantwort";"Geben Sie an";"Text";"keins";"keine";"Münzwurf";"mittel";"fünf Münzwürfe mit Ergebnissen als Abfolgen von Z und W; A: höchstens einmal Wappen; B: bei den ersten beiden Würfen mindestens einmal Wappen; es tritt weder A noch B ein";"alle Ergebnisse, bei denen weder A noch B eintritt";"nicht B heißt die ersten beiden Würfe sind ZZ; nicht A heißt mindestens zweimal Wappen, also in den letzten drei Würfen zwei oder drei W; alle Abfolgen aufzählen";"2";"ganz";"";"";"ZZWWW, ZZZWW, ZZWZW, ZZWWZ (amtlich)";"";"II";"nicht A als genau zweimal Wappen lesen und ZZWWW vergessen";"Standardbezug: K2 II, K3 II, K6 II. Amtlich, eigene Aufzählung bestätigt."
"2026MgrundlegendAStochastik13-a";"2026";"2026-iqb-ga";"A";"1.3";"Stochastik";"a";"1";"3";"";"nein";"I";"Stochastik";"Baumdiagramm und Pfadregeln";"Fehlende Wahrscheinlichkeiten im Baumdiagramm über die Pfadregel ermitteln";"";"Baumdiagramm|Pfadmultiplikation rückwärts|x = 0,08/0,4|y = 0,6 · 0,3|Prozentangaben";"Pfadregel|Gegenwahrscheinlichkeit 1 − 0,4";"Rechnung|Begründung";"Ermitteln Sie|Weisen Sie nach";"Zahl|Text";"Diagramm";"zweistufiges Baumdiagramm: erste Stufe A (40 %) und A quer, zweite Stufe je V und V quer; am Ast A–V steht x, am Ende 8 %; am Ast A quer–V steht 30 %, am Ende y; die übrigen Äste ohne Angabe";"Onlinehandel/Versand";"mittel";"Sendungen werden zu 40 % mit Versandunternehmen A verschickt; 8 % aller Sendungen werden mit A verschickt und verspätet zugestellt; 30 % der nicht mit A verschickten Sendungen werden verspätet zugestellt; Baumdiagramm mit den Anteilen x (Ast A nach V) und y (Ende des Pfads A quer, V)";"Anteil x|Nachweis, dass y = 18 % gilt";"x als bedingter Anteil 0,08/0,4; y als Pfadprodukt (1 − 0,4) · 0,3";"2";"dezimal|Prozent";"";"";"x = 0,08/0,4 = 0,2, also 20 %|y = (1 − 0,4) · 0,3 = 0,18, also 18 % (amtlich)";"";"I";"x = 0,08 direkt an den Ast schreiben, ohne durch 0,4 zu teilen";"Standardbezug: K2 I, K4 I, K5 I. Amtlich, eigene Rechnung bestätigt."
"2026MgrundlegendAStochastik13-b";"2026";"2026-iqb-ga";"A";"1.3";"Stochastik";"b";"1";"2";"";"nein";"I|II";"Stochastik";"Bedingte Wahrscheinlichkeit und Bayes";"Bedingte Wahrscheinlichkeit aus dem Baumdiagramm mit einer Schranke vergleichen";"";"bedingte Wahrscheinlichkeit|Bedingung verspätet|0,18/(0,08 + 0,18)|größer als 50 %";"Bedingung als Nenner aus zwei Pfaden zusammensetzen";"Rechnung";"Untersuchen Sie";"Zahl|Text";"Diagramm";"zweistufiges Baumdiagramm: erste Stufe A (40 %) und A quer, zweite Stufe je V und V quer; am Ast A–V steht x, am Ende 8 %; am Ast A quer–V steht 30 %, am Ende y; die übrigen Äste ohne Angabe";"Onlinehandel/Versand";"mittel";"Baumdiagramm: P(A) = 0,4, P(A und verspätet) = 0,08, P(nicht A und verspätet) = 0,18; eine zufällig ausgewählte Sendung wird verspätet zugestellt";"Untersuchung, ob die Wahrscheinlichkeit, dass diese Sendung nicht mit A verschickt wurde, größer als 50 % ist";"P(nicht A | verspätet) = 0,18/(0,08 + 0,18) berechnen und mit 0,5 vergleichen";"2";"dezimal|Prozent";"";"2026MgrundlegendAStochastik13-a";"0,18/(0,08 + 0,18) = 0,18/0,26 > 0,5, also ja (amtlich)";"0,18/0,26 ≈ 0,69";"II";"mit 0,3 (Anteil unter den nicht mit A verschickten) statt mit der bedingten Wahrscheinlichkeit unter der Bedingung verspätet antworten";"Standardbezug: K1 I, K3 II, K4 II, K5 II, K6 I. Amtlich, eigene Rechnung bestätigt."
"2026MgrundlegendAStochastik21";"2026";"2026-iqb-ga";"A";"2.1";"Stochastik";"";"1";"5";"";"nein";"II|III";"Stochastik";"Zufallsexperimente und Urnenmodelle";"Sektorwinkel eines Glücksrads aus einer Wahrscheinlichkeitsbedingung berechnen";"";"Glücksrad zwei Sektoren|zweimal gleiche Farbe|p^2 + (1 − p)^2 = 5/9|quadratische Gleichung|Mittelpunktswinkel 120°";"Pfadregel für zwei Drehungen|quadratische Gleichung lösen|Anteil in Winkel umrechnen";"Rechnung";"Ermitteln Sie";"Zahl";"keins";"keine";"Glücksrad";"kurz";"Glücksrad mit einem roten und einem weißen Sektor; die Wahrscheinlichkeit, beim zweimaligen Drehen zweimal die gleiche Farbe zu erzielen, beträgt 5/9";"Größe des Mittelpunktswinkels des kleineren Sektors";"p für den kleineren Sektor ansetzen, p^2 + (1 − p)^2 = 5/9 aufstellen, die quadratische Gleichung 2p^2 − 2p + 4/9 = 0 lösen und die kleinere Lösung 1/3 mit 360° multiplizieren";"4";"Bruch";"°";"";"p = 1/3, Mittelpunktswinkel 1/3 · 360° = 120° (amtlich)";"2p^2 − 2p + 4/9 = 0|p = 1/2 − √(1/4 − 2/9) = 1/3 (andere Lösung 2/3)";"III";"nur einen Pfad (zweimal rot) ansetzen oder die Lösung 2/3 als kleineren Sektor nehmen";"Standardbezug: K2 III, K3 III, K5 II. Amtlich, eigene Rechnung bestätigt. Aufgabe ohne Teilaufgabenbuchstaben, eine Zeile mit 5 BE."
"2026MgrundlegendAStochastik22";"2026";"2026-iqb-ga";"A";"2.2";"Stochastik";"";"1";"5";"";"nein";"II|III";"Stochastik";"Kenngrößen von Verteilungen";"Parameter einer Binomialverteilung aus Erwartungswert und Standardabweichung bestimmen";"Term für eine Wahrscheinlichkeit einer Bernoulli-Kette angeben";"μ = n · p|σ = √(n · p · (1 − p))|p = 0,8 und n = 25|parameterfreier Term|P(X = 21)";"Formeln für Erwartungswert und Standardabweichung der Binomialverteilung|Gleichungssystem durch Einsetzen lösen|Bernoulli-Formel";"Rechnung";"Bestimmen Sie";"Term";"keins";"keine";"ohne";"kurz";"binomialverteilte Zufallsgröße X mit Erwartungswert μ = 20 und Standardabweichung σ = 2";"parameterfreier Term für P(X = 21)";"aus σ^2 = n · p · (1 − p) = μ · (1 − p) folgt 4 = 20 · (1 − p), also p = 0,8 und n = μ/p = 25; dann Bernoulli-Formel für k = 21";"3";"dezimal|Potenz";"";"";"(25 über 21) · 0,8^21 · 0,2^4 (amtlich)";"1 − p = 0,2|p = 0,8|n = 25|Wert ≈ 0,187";"II";"σ statt σ^2 in die Formel setzen und 2 = 20 · (1 − p) rechnen";"Standardbezug: K2 III, K5 II, K6 II. Amtlich, eigene Rechnung bestätigt. Aufgabe ohne Teilaufgabenbuchstaben, eine Zeile mit 5 BE. Eigene Schätzung II, amtlich bis III."
"2026MerhoehtAAnalysis11-a";"2026";"2026-iqb-ea";"A";"1.1";"Analysis";"a";"1";"1";"";"nein";"I|II";"Analysis";"Funktionsklassen und Eigenschaften";"Abbildung zwischen zwei Graphen angeben";"";"e-Funktion|Spiegelung an der y-Achse|f(x) = g(−x)|Parameter k";"Vorzeichenwechsel im Exponenten als Spiegelung deuten";"Kurzantwort";"Geben Sie an";"Text";"keins";"keine";"ohne";"kurz";"k > 0; f(x) = 2e^(k · x) und g(x) = 2e^(−k · x), beide in IR definiert";"wie der Graph von f aus dem Graphen von g erzeugt werden kann";"f(x) = g(−x) erkennen, also Spiegelung an der y-Achse";"1";"ganz|Potenz";"";"";"durch Spiegelung an der y-Achse (amtlich)";"";"I";"Spiegelung an der x-Achse angeben, weil nur das Vorzeichen wechselt";"Standardbezug: K2 II, K4 II, K6 I. Amtlich."
"2026MerhoehtAAnalysis11-b";"2026";"2026-iqb-ea";"A";"1.1";"Analysis";"b";"1";"4";"";"nein";"I|II";"Analysis";"Tangente, Normale, Schnittwinkel";"Parameter aus dem senkrechten Schnitt zweier Graphen bestimmen";"";"Schnittstelle x = 0|Ableitung der e-Funktion|Steigungen ±2k|senkrecht heißt Produkt der Steigungen −1|k = 1/2";"Schnittstelle über Gleichsetzen bestimmen|Kettenregel bei e^(k · x)|Orthogonalitätsbedingung für Steigungen oder Steigungswinkel 45°";"Rechnung";"Bestimmen Sie";"Zahl";"keins";"keine";"ohne";"kurz";"k > 0; f(x) = 2e^(k · x) und g(x) = 2e^(−k · x), beide in IR definiert; die Graphen von f und g schneiden sich senkrecht";"Wert von k";"Schnittstelle aus 2e^(k · x) = 2e^(−k · x), also x = 0; f'(x) = 2k · e^(k · x), f'(0) = 2k und g'(0) = −2k; senkrechter Schnitt bei symmetrischen Steigungen heißt f'(0) = tan 45° = 1, also 2k = 1";"3";"ganz|Bruch|Potenz";"";"2026MerhoehtAAnalysis11-a";"k = 1/2 (amtlich)";"Schnittstelle x = 0|f'(x) = 2k · e^(k · x)|f'(0) = 2k, g'(0) = −2k|über f'(0) · g'(0) = −1: 4k^2 = 1";"III";"die Bedingung f'(0) · g'(0) = −1 mit der Symmetrie verwechseln und 2k = −(−2k) setzen";"Standardbezug: K2 II, K5 I. Amtlich, eigene Rechnung bestätigt (über das Produkt der Steigungen). Schätzung III nach der Regel „Kombinieren heißt III“ (Schnittstelle, Ableitung, Winkelbedingung), amtlich bis II."
"2026MerhoehtAAnalysis12-a";"2026";"2026-iqb-ea";"A";"1.2";"Analysis";"a";"1";"2";"";"nein";"I";"Analysis";"Flächeninhalt durch Integration";"Integral mit Wert null am Graphen veranschaulichen";"";"Integral von 0 bis k gleich null|inhaltsgleiche Flächen über und unter der x-Achse|k = 4|Dreiecke";"Integral als orientierten Flächeninhalt deuten";"Zeichnen";"Veranschaulichen Sie";"Grafik";"Koordinatensystem";"Koordinatensystem mit x-Achse von −1 bis 5 und y-Achse von −4 bis 5, Gitter; die Gerade g(x) = −2x + 4 fallend durch (0; 4) und (2; 0), bei x = 4 bei −4";"ohne";"mittel";"g(x) = −2x + 4, Graph in der Abbildung; k > 0 ist Lösung der Gleichung Integral von 0 bis k über g(x) dx = 0";"Veranschaulichung der geometrischen Bedeutung der Gleichung in der Abbildung";"k = 4 erkennen; das Dreieck zwischen Graph und x-Achse von 0 bis 2 (über der Achse) und das Dreieck von 2 bis 4 (unter der Achse) markieren und als inhaltsgleich kennzeichnen";"2";"ganz";"";"";"zwei markierte Dreiecksflächen A1 (0 bis 2, über der x-Achse) und A2 (2 bis 4, unter der x-Achse) mit dem Vermerk, dass sie inhaltsgleich sind (amtlich)";"k = 4";"I";"nur die Nullstelle 2 markieren und k = 2 annehmen";"Standardbezug: K1 I, K4 I, K5 I. Amtlich; der Erwartungshorizont zeigt die Abbildung mit den grau markierten Flächen A1 und A2. Das Feld skizze beschreibt das Material, die Lösung ist eine Zeichnung."
"2026MerhoehtAAnalysis12-b";"2026";"2026-iqb-ea";"A";"1.2";"Analysis";"b";"1";"3";"";"nein";"I|II";"Analysis";"Stammfunktion und Hauptsatz";"Stammfunktionen mit einer Wertebedingung bestimmen";"";"Schar der Stammfunktionen|Integrationskonstante c|Maximum der Stammfunktion|ausschließlich negative Werte|c < −4";"Stammfunktion einer linearen Funktion|Scheitel einer nach unten geöffneten Parabel bestimmen";"Rechnung";"Bestimmen Sie";"Term";"Koordinatensystem";"Koordinatensystem mit x-Achse von −1 bis 5 und y-Achse von −4 bis 5, Gitter; die Gerade g(x) = −2x + 4 fallend durch (0; 4) und (2; 0), bei x = 4 bei −4";"ohne";"kurz";"g(x) = −2x + 4, definiert in IR";"alle Stammfunktionen von g, die ausschließlich negative Funktionswerte haben";"alle Stammfunktionen G_c(x) = −x^2 + 4x + c aufstellen; größter Funktionswert im Scheitel bei x = 2: G_c(2) = 4 + c; Bedingung 4 + c < 0";"3";"ganz|negativ";"";"";"G_c(x) = −x^2 + 4x + c mit c < −4 (amtlich)";"G_c(2) = 4 + c";"II";"c < 0 fordern, ohne den Scheitelwert 4 zu berücksichtigen";"Standardbezug: K1 II, K2 II, K5 II, K6 I. Amtlich, eigene Rechnung bestätigt. Datei mit drei Seiten."
"2026MerhoehtAAnalysis13-a";"2026";"2026-iqb-ea";"A";"1.3";"Analysis";"a";"1";"2";"";"nein";"I";"Analysis";"Gleichungen lösen";"Nullstelle einer Logarithmusfunktion berechnen";"";"ln(x + 5) + 1 = 0|Umkehrung mit e|x = e^(−1) − 5|exakter Wert";"Logarithmusgleichung durch Anwenden der e-Funktion lösen";"Rechnung";"Berechnen Sie";"Zahl";"keins";"keine";"ohne";"kurz";"f(x) = ln(x + 5) + 1 mit größtmöglicher Definitionsmenge";"Nullstelle von f";"ln(x + 5) = −1 setzen, e-Funktion anwenden, x + 5 = e^(−1), nach x auflösen";"2";"negativ|Potenz";"";"";"x = e^(−1) − 5 (amtlich)";"x + 5 = e^(−1)|x ≈ −4,63";"I";"ln(x + 5) = −1 zu x + 5 = −e umformen";"Standardbezug: K5 I. Amtlich, eigene Rechnung bestätigt."
"2026MerhoehtAAnalysis13-b";"2026";"2026-iqb-ea";"A";"1.3";"Analysis";"b";"1";"3";"";"nein";"I|II";"Analysis";"Rekonstruktion von Funktionsgleichungen";"Parameter einer Logarithmusfunktion aus Asymptote und Punkt ermitteln";"";"Definitionsbereich ]a; ∞[|senkrechte Asymptote x = −2|Punkt (−1; −1)|ln 1 = 0|a = −2, b = −1";"Definitionsbereich von ln(x − a) kennen|Asymptote am Graphen ablesen|Punkt einsetzen";"Rechnung";"Ermitteln Sie";"Zahl";"Koordinatensystem";"Koordinatensystem mit x-Achse von −2 bis 5 und y-Achse von −5 bis 1, Gitter; Graph von g beschriftet: von unten an der senkrechten Asymptote x = −2 steil steigend, durch (−1; −1), Nullstelle bei etwa 0,7, dann flach steigend bis etwa (5; 0,95)";"ohne";"kurz";"g(x) = ln(x − a) + b mit ganzzahligen a und b und größtmöglicher Definitionsmenge; der Graph verläuft durch (−1; −1); Abbildung mit dem Graphen von g, senkrechte Asymptote bei x = −2";"a und b";"Definitionsbereich ]a; ∞[ mit der Asymptote im Bild vergleichen: a = −2; dann (−1; −1) einsetzen: ln 1 + b = −1";"2";"ganz|negativ";"";"";"a = −2 und b = −1 (amtlich)";"ln(−1 + 2) = 0";"II";"a = 2 setzen, weil der Term x − a lautet";"Standardbezug: K1 II, K2 II, K4 II, K5 I, K6 I. Amtlich, eigene Rechnung bestätigt."
"2026MerhoehtAAnalysis14-a";"2026";"2026-iqb-ea";"A";"1.4";"Analysis";"a";"1";"1";"";"nein";"I";"Analysis";"Gleichungen lösen";"Schnittstellen zweier Graphen über den gemeinsamen Exponentialfaktor nachweisen";"";"f(x) = g(x)|gemeinsamer Faktor e^(x/2 + 1)|4 = x^2|x = ±2";"Exponentialfaktor als stets positiv erkennen und kürzen";"Begründung";"Zeigen Sie";"Text";"keins";"keine";"ohne";"kurz";"f(x) = 4e^(1/2 x + 1) und g(x) = x^2 · e^(1/2 x + 1), beide in IR definiert";"Nachweis, dass sich die Graphen nur für x = −2 und x = 2 schneiden";"Gleichsetzen, durch den positiven Faktor e^(1/2 x + 1) teilen, 4 = x^2 lösen";"2";"ganz|negativ|Potenz";"";"";"f(x) = g(x) ist gleichwertig zu 4 = x^2, also x = −2 oder x = 2 (amtlich)";"";"I";"nur x = 2 angeben oder den Exponentialfaktor gleich null setzen wollen";"Standardbezug: K1 I, K5 I. Amtlich, eigene Rechnung bestätigt."
"2026MerhoehtAAnalysis14-b";"2026";"2026-iqb-ea";"A";"1.4";"Analysis";"b";"1";"4";"";"nein";"II";"Analysis";"Flächeninhalt durch Integration";"Fläche zwischen zwei Graphen mit vorgegebener Stammfunktion berechnen";"";"Fläche zwischen f und g|Grenzen −2 und 2|Stammfunktion G gegeben|Stammfunktion von f selbst bilden|Ergebnis 32";"Stammfunktion von 4e^(1/2 x + 1) mit Faktor 2 bilden|Hauptsatz auf eine Differenz anwenden|e^2-Terme heben sich auf";"Rechnung";"Berechnen Sie";"Zahl";"keins";"keine";"ohne";"mittel";"f(x) = 4e^(1/2 x + 1) und g(x) = x^2 · e^(1/2 x + 1); die Graphen schneiden sich nur bei x = −2 und x = 2; G(x) = (2x^2 − 8x + 16) · e^(1/2 x + 1) ist eine Stammfunktion von g";"Inhalt der Fläche, die die Graphen von f und g einschließen";"Integral von −2 bis 2 über f(x) − g(x) mit der Stammfunktion 8e^(1/2 x + 1) − G(x) auswerten; die Terme mit e^2 heben sich auf";"3";"ganz|negativ|Potenz";"";"2026MerhoehtAAnalysis14-a";"[8e^(1/2 x + 1) − (2x^2 − 8x + 16) · e^(1/2 x + 1)] von −2 bis 2 = 8e^2 − 8e^2 − (8 − 40) = 32 (amtlich)";"Stammfunktion von f: 8e^(1/2 x + 1)|an der Stelle 2: 8e^2 − 8e^2 = 0|an der Stelle −2: 8 − 40 = −32";"II";"die Stammfunktion von f mit 2e^(1/2 x + 1) ansetzen (Faktor 1/2 im Exponenten vergessen)";"Standardbezug: K2 II, K5 II. Amtlich, eigene Rechnung bestätigt. Zwischen −2 und 2 liegt f über g."
"2026MerhoehtAAnalysis21-a";"2026";"2026-iqb-ea";"A";"2.1";"Analysis";"a";"1";"1";"";"nein";"II";"Analysis";"Funktionsklassen und Eigenschaften";"Fehlende Punktsymmetrie aus der Wertemenge begründen";"";"Wertemenge [−3; 2[|Punktsymmetrie zum Ursprung|−3 enthalten, 3 nicht|Gegenbeispiel";"Punktsymmetrie als f(−x) = −f(x) und Folge für die Wertemenge kennen";"Begründung";"Begründen Sie";"Text";"keins";"keine";"ohne";"kurz";"eine in IR definierte Funktion f mit der Wertemenge [−3; 2[";"Begründung, dass der Graph von f nicht symmetrisch bezüglich des Koordinatenursprungs ist";"bei Punktsymmetrie müsste mit jedem Wert y auch −y angenommen werden; −3 wird angenommen, 3 nicht";"1";"ganz|negativ";"";"";"in der Wertemenge ist −3 enthalten, 3 aber nicht; bei Punktsymmetrie zum Ursprung müsste zu f(x) = −3 der Wert f(−x) = 3 gehören (amtlich)";"";"II";"mit der Achsensymmetrie argumentieren oder das offene Intervallende als Grund nennen";"Standardbezug: K1 II, K2 II. Amtlich. Keine Funktionsgleichung gegeben, Argument allein aus der Wertemenge."
"2026MerhoehtAAnalysis21-b";"2026";"2026-iqb-ea";"A";"2.1";"Analysis";"b";"1";"4";"";"nein";"II|III";"Analysis";"Funktionsklassen und Eigenschaften";"Wertemenge einer transformierten Funktion begründen";"";"h(x) = −2 · f(x − 5) + 1|Spiegelung an der x-Achse|Streckung Faktor 2|Verschiebung um 1 nach oben|Verschiebung in x-Richtung ohne Einfluss|]−3; 7]";"Wirkung von Vorzeichen, Faktor und Summand auf die Wertemenge|Intervallgrenzen mit offen und abgeschlossen vertauschen";"Kurzantwort|Begründung";"Geben Sie an|Begründen Sie";"Term|Text";"keins";"keine";"ohne";"kurz";"f in IR definiert mit Wertemenge [−3; 2[; h(x) = −2 · f(x − 5) + 1, definiert in IR";"Wertemenge von h mit Begründung";"die Verschiebung um 5 in x-Richtung ändert die Wertemenge nicht; Spiegelung an der x-Achse und Streckung mit 2 machen aus [−3; 2[ das Intervall ]−4; 6]; die Verschiebung um 1 nach oben liefert ]−3; 7]";"3";"ganz|negativ";"";"";"Wertemenge von h: ]−3; 7]; die Spiegelung an der x-Achse, die Streckung mit Faktor 2 in y-Richtung und die Verschiebung um 1 in positive y-Richtung wirken auf die Wertemenge, die Verschiebung in x-Richtung nicht (amtlich)";"−2 · [−3; 2[ = ]−4; 6]|+1: ]−3; 7]";"III";"die Verschiebung um 5 auf die Wertemenge anwenden oder die Intervallenden nicht vertauschen";"Standardbezug: K1 III, K2 III, K4 II, K6 II. Amtlich, eigene Rechnung bestätigt."
"2026MerhoehtAAnalysis22";"2026";"2026-iqb-ea";"A";"2.2";"Analysis";"";"1";"5";"";"nein";"II|III";"Analysis";"Funktionsscharen und Ortskurven";"Scharparameter für genau eine waagerechte Tangente aus dem Graphen bestimmen";"";"h_a(x) = f(x) + a · x|h_a' = f' + a|Parabel mit Scheitel auf der y-Achse|genau eine Nullstelle von h_a' heißt Scheitel auf der x-Achse|f'(0) ≈ −3 aus dem Graphen|a = 3";"Ableitung einer Summe|waagerechte Tangente als Nullstelle der Ableitung|Steigung im Ursprung am Graphen ablesen";"Rechnung";"Bestimmen Sie";"Zahl";"Koordinatensystem";"Koordinatensystem mit x-Achse von −3 bis 3 und y-Achse von −3 bis 3, Gitter; Graph von f punktsymmetrisch zum Ursprung: Nullstellen −3, 0 und 3, Hochpunkt bei etwa (−1,7; 3,5), Tiefpunkt bei etwa (1,7; −3,5), im Ursprung fallend mit Steigung etwa −3";"ohne";"lang";"Abbildung des zum Ursprung symmetrischen Graphen einer ganzrationalen Funktion f (Nullstellen −3, 0, 3; Steigung im Ursprung etwa −3); h_a(x) = f(x) + a · x für reelle a; der Graph von h_a' ist für jedes a eine Parabel mit Scheitelpunkt auf der y-Achse; es gibt genau einen ganzzahligen Wert a, für den der Graph von h_a genau eine waagerechte Tangente besitzt";"dieser Wert von a, mithilfe der Abbildung";"h_a'(x) = f'(x) + a; genau eine waagerechte Tangente heißt, die Parabel h_a' berührt die x-Achse im Scheitel bei x = 0, also h_a'(0) = 0 und a = −f'(0); f'(0) über eine Tangente im Ursprung als etwa −3 ablesen";"3";"ganz|negativ";"";"";"a = 3 (amtlich)";"h_a'(x) = f'(x) + a|h_a'(0) = 0 gleichwertig zu a = −f'(0)|f'(0) ≈ −3";"III";"die waagerechte Tangente von h_a an den Extremstellen von f suchen statt im Ursprung";"Standardbezug: K2 III, K4 II, K5 II, K6 II. Amtlich; der Erwartungshorizont zeigt die Abbildung mit eingezeichneter Tangente im Ursprung und f'(0) ≈ −3. Eigene Rechnung mit f(x) = (x^3 − 9x)/3, die zum Bild passt, bestätigt f'(0) = −3. Aufgabe ohne Teilaufgabenbuchstaben, eine Zeile mit 5 BE."
"2026MerhoehtAAnalysis23";"2026";"2026-iqb-ea";"A";"2.3";"Analysis";"";"1";"5";"";"nein";"II|III";"Analysis";"Stammfunktion und Hauptsatz";"Anzahl der Nullstellen einer Integralfunktion am Graphen beurteilen";"";"Integralfunktion J mit unterer Grenze 0|J(0) = 0|J' = f|streng monoton für x > 0|Flächenbilanz links von −1,5|genau zwei Nullstellen";"untere Integrationsgrenze als Nullstelle erkennen|J' = f und Monotonie|Integral als Flächenbilanz mit Vorzeichen deuten";"Begründung";"Beurteilen Sie";"Text";"Koordinatensystem";"Koordinatensystem mit x-Achse von −3 bis 4 und y-Achse von −4 bis 4, Gitter; Graph von f: von links unten (etwa (−3; −4)) steil steigend durch die Nullstelle −1,5, kleines Maximum bei etwa (−0,8; 0,5), fallend zur Berührstelle im Ursprung, danach steigend und sich für große x dem Wert 2 nähernd (bei x = 4 etwa 1,9)";"ohne";"mittel";"Abbildung des Graphen einer in IR definierten differenzierbaren Funktion f mit genau zwei Nullstellen −1,5 und 0 (bei 0 Berührung der x-Achse, für x > 0 positiv, links von −1,5 negativ und unbeschränkt fallend); J(x) = Integral von 0 bis x über f(t) dt; Aussage: J hat genau zwei Nullstellen";"Beurteilung der Aussage";"J(0) = 0 als erste Nullstelle; für x > 0 ist J' = f > 0, J streng monoton steigend, keine Nullstelle; für x < 0 ist J zwischen −1,5 und 0 positiv (Fläche über der Achse, von rechts nach links durchlaufen), und links von −1,5 nimmt J wegen der großen negativen Fläche ab, bis der Wert J(−1,5) ausgeglichen ist: genau eine weitere Nullstelle a < −1,5";"3";"dezimal|negativ";"";"";"die Aussage ist wahr: 0 ist Nullstelle von J; für x > 0 ist J wegen J' = f > 0 streng monoton steigend ohne Nullstelle; für x < 0 hat J genau eine Nullstelle, weil f dort nur die Nullstelle −1,5 hat und es laut Abbildung ein a < −1,5 gibt, für das das Integral von −1,5 bis a über f gleich −J(−1,5) ist (amtlich)";"J(−1,5) = Integral von 0 bis −1,5 über f > 0";"III";"die Nullstellen von f für Nullstellen von J halten und die Aussage deshalb für wahr erklären, ohne die Flächenbilanz zu betrachten";"Standardbezug: K1 III, K2 III, K4 II, K6 III. Amtlich. Aufgabe ohne Teilaufgabenbuchstaben, eine Zeile mit 5 BE."
"2026MerhoehtAAGLAA11-a";"2026";"2026-iqb-ea";"A";"1";"AG/LA (A1)";"a";"1|2";"1";"";"nein";"I";"Analytische Geometrie";"Matrizen und Übergangsprozesse";"Fehler in einem Übergangsdiagramm gegen die Matrix begründen";"";"Übergangsmatrix 3 mal 3|Übergangsdiagramm|Pfeilbeschriftung vertauscht|Spalte gibt Ausgangsstadium an";"Matrixeintrag m_ij als Übergang von Stadium j nach Stadium i lesen";"Begründung";"Begründen Sie";"Text";"Diagramm";"Übergangsdiagramm mit drei Knoten C (oben links), B (oben rechts), A (unten Mitte); Pfeile mit Beschriftung: B nach C 0,6, C nach B 0, A nach C 0, C nach A 2, A nach B r, B nach A 0; Schleifen an A, B und C je 0";"Biologie/Insektenpopulation";"lang";"Population in drei Stadien A, B, C; Verteilung v_n = (A; B; C); Übergang von einem Tag zum nächsten v_(n+1) = M · v_n mit M = ((0; 0; 2), (r; 0; 0), (0; 0,6; 0)), r reell; v_0 ungleich Nullvektor; das abgebildete Übergangsdiagramm";"Begründung, dass das Übergangsdiagramm fehlerhaft ist";"Einträge der Matrix mit den Pfeilen vergleichen: M sagt A nach B mit r, B nach C mit 0,6, C nach A mit 2; im Diagramm sind die Pfeile zwischen A und C mit 2 und 0 vertauscht beschriftet";"1";"dezimal";"";"";"im Diagramm ist die Beschriftung der Pfeile zwischen A und C vertauscht: nach der Matrix geht der Übergang mit Faktor 2 von C nach A, nicht von A nach C (amtlich)";"";"I";"Zeilen und Spalten der Matrix vertauscht lesen und das Diagramm für richtig halten";"Standardbezug: K1 I, K3 I, K4 I. Amtlich. Der Aufgabenstamm steht auf Seite 1, die Teilaufgaben mit dem Diagramm auf Seite 2; Datei mit drei Seiten. Thema Matrizen und Übergangsprozesse (nur A1, iqb.md § 6)."
"2026MerhoehtAAGLAA11-b";"2026";"2026-iqb-ea";"A";"1";"AG/LA (A1)";"b";"1|2";"4";"";"nein";"I|II";"Analytische Geometrie";"Matrizen und Übergangsprozesse";"Parameter einer Übergangsmatrix aus einer Zykluslänge bestimmen";"";"M hoch 3|Matrizenmultiplikation|M^3 = 1,2r · E|Verteilung nach drei Tagen gleich Anfangsverteilung|r = 5/6";"Matrizen multiplizieren|Vielfaches der Einheitsmatrix erkennen|v_3 = M^3 · v_0";"Rechnung";"Bestimmen Sie";"Zahl";"Diagramm";"Übergangsdiagramm mit drei Knoten C (oben links), B (oben rechts), A (unten Mitte); Pfeile mit Beschriftung: B nach C 0,6, C nach B 0, A nach C 0, C nach A 2, A nach B r, B nach A 0; Schleifen an A, B und C je 0";"Biologie/Insektenpopulation";"mittel";"v_(n+1) = M · v_n mit M = ((0; 0; 2), (r; 0; 0), (0; 0,6; 0)), r reell, v_0 ungleich Nullvektor; nach drei Tagen stimmt die Verteilung mit der zu Beobachtungsbeginn überein";"Wert von r";"M^3 berechnen: M^2 = ((0; 1,2; 0), (0; 0; 2r), (0,6r; 0; 0)), M^3 = 1,2r · E; aus v_3 = M^3 · v_0 = v_0 und v_0 ungleich Nullvektor folgt 1,2r = 1";"3";"dezimal|Bruch";"";"";"r = 5/6 (amtlich)";"M^2 = ((0; 1,2; 0), (0; 0; 2r), (0,6r; 0; 0))|M^3 = ((1,2r; 0; 0), (0; 1,2r; 0), (0; 0; 1,2r))";"II";"M^3 als komponentenweise dritte Potenz der Einträge bilden";"Standardbezug: K1 II, K2 I, K5 II. Amtlich, eigene Rechnung bestätigt."
"2026MerhoehtAAGLAA121-a";"2026";"2026-iqb-ea";"A";"2.1";"AG/LA (A1)";"a";"1";"2";"";"nein";"I|II";"Analytische Geometrie";"Matrizen und Übergangsprozesse";"Parameter eines Vektors aus einer Matrix-Vektor-Gleichung bestimmen";"";"A · v = 4 · v|Eigenvektor|zweite Komponente 4a = 4|a = 1";"Matrix-Vektor-Produkt komponentenweise ausrechnen|eine geeignete Komponente auswählen";"Rechnung";"Bestimmen Sie";"Zahl";"keins";"keine";"ohne";"kurz";"A = ((6; −2; 0), (4; 0; 0), (−4; 4; −2)); v_a = (a; 1; 0) mit reellem a; es gilt A · v_a = 4 · v_a";"Wert von a";"A · v_a = (6a − 2; 4a; −4a + 4) mit 4 · v_a = (4a; 4; 0) vergleichen; die zweite Komponente liefert 4a = 4";"2";"ganz|negativ";"";"";"a = 1 (amtlich)";"A · v_a = (6a − 2; 4a; 4 − 4a)";"II";"aus der ersten Komponente 6a − 2 = 4a rechnen und den Wert nicht an den übrigen Komponenten prüfen";"Standardbezug: K1 II, K2 I, K5 I. Amtlich, eigene Rechnung bestätigt: alle drei Komponenten stimmen für a = 1."
"2026MerhoehtAAGLAA121-b";"2026";"2026-iqb-ea";"A";"2.1";"AG/LA (A1)";"b";"1";"3";"";"nein";"II|III";"Analytische Geometrie";"Matrizen und Übergangsprozesse";"Gleichung mit inverser Matrix über die Eigenvektorbeziehung lösen";"";"A^(−1) · (b · v) = c · v|Multiplikation mit A|A · v = 4 · v nutzen|b = 4c|ohne Berechnung der Inversen";"A · A^(−1) = E anwenden|Linearität des Matrix-Vektor-Produkts|Vektorgleichung mit v ungleich Nullvektor kürzen";"Rechnung";"Bestimmen Sie";"Term";"keins";"keine";"ohne";"mittel";"A = ((6; −2; 0), (4; 0; 0), (−4; 4; −2)); v_a = (1; 1; 0) mit A · v_a = 4 · v_a; für jedes reelle c gibt es ein reelles b mit A^(−1) · (b · v_a) = c · v_a; A^(−1) soll nicht berechnet werden";"b in Abhängigkeit von c";"beide Seiten mit A multiplizieren: b · v_a = A · (c · v_a) = c · (A · v_a) = c · 4 · v_a; weil v_a nicht der Nullvektor ist, folgt b = 4c";"3";"ganz";"";"2026MerhoehtAAGLAA121-a";"b = 4c (amtlich)";"b · v_a = 4c · v_a";"III";"b = c/4 angeben, weil die Inverse den Faktor umkehrt, ohne die Gleichung umzuformen";"Standardbezug: K1 II, K2 III, K5 III, K6 II. Amtlich, eigene Rechnung bestätigt."
"2026MerhoehtAAGLAA122-a";"2026";"2026-iqb-ea";"A";"2.2";"AG/LA (A1)";"a";"1";"1";"";"nein";"I";"Analytische Geometrie";"Matrizen und Übergangsprozesse";"Matrix mit vorgegebener Eigenschaft angeben";"";"transponierte Matrix|orthogonal heißt M · M^T = E|Einträge 0 und 1|Vertauschungsmatrix";"Definition der Transponierten anwenden|Matrizenprodukt 2 mal 2";"Kurzantwort";"Geben Sie an";"Term";"keins";"keine";"ohne";"mittel";"für M = ((a; b), (c; d)) ist M^T = ((a; c), (b; d)) die transponierte Matrix; M heißt orthogonal, wenn M · M^T = ((1; 0), (0; 1))";"eine orthogonale Matrix der Form M mit a, b, c, d aus {0; 1}, die nicht die Einheitsmatrix ist";"eine Matrix wählen, deren Zeilen die Länge 1 haben und zueinander senkrecht sind, etwa die Vertauschung der beiden Einheitsvektoren";"1";"ganz";"";"";"M = ((0; 1), (1; 0)) (amtlich)";"";"I";"eine Matrix mit einer Nullzeile angeben, deren Produkt mit der Transponierten nicht die Einheitsmatrix ist";"Standardbezug: K1 I, K2 I, K4 I, K6 I. Amtlich, eigene Rechnung bestätigt. Transponierte und orthogonale Matrix werden in der Aufgabe definiert."
"2026MerhoehtAAGLAA122-b";"2026";"2026-iqb-ea";"A";"2.2";"AG/LA (A1)";"b";"1";"4";"";"nein";"II|III";"Analytische Geometrie";"Matrizen und Übergangsprozesse";"Existenz von Matrizen mit vorgegebener Eigenschaft über ein Gleichungssystem beurteilen";"";"M · M^T = E ausmultiplizieren|a = d = √5/3|5/9 + b^2 = 1|b = ±2/3, c = −b|zwei verschiedene Matrizen";"Matrizenprodukt mit Variablen|nichtlineares Gleichungssystem lösen|Fallunterscheidung im Ergebnis";"Begründung|Rechnung";"Beurteilen Sie";"Text";"keins";"keine";"ohne";"mittel";"M = ((a; b), (c; d)) orthogonal, wenn M · M^T = ((1; 0), (0; 1)); Aussage: es gibt orthogonale Matrizen der Form M mit a = d = 1/3 · √5, die ungleich sind";"Beurteilung der Aussage";"M · M^T mit a = d = √5/3 ausmultiplizieren: 5/9 + b^2 = 1, (√5/3) · b + (√5/3) · c = 0, c^2 + 5/9 = 1; daraus b = 2/3 und c = −2/3 oder b = −2/3 und c = 2/3";"4";"Bruch|Wurzel|negativ";"";"2026MerhoehtAAGLAA122-a";"die Aussage ist wahr: aus 5/9 + b^2 = 1, √5/3 · b + √5/3 · c = 0 und c^2 + 5/9 = 1 folgen genau die beiden Matrizen mit b = 2/3, c = −2/3 und mit b = −2/3, c = 2/3 (amtlich)";"b^2 = 4/9|c = −b";"III";"aus b^2 = 4/9 nur b = 2/3 nehmen und die Aussage für falsch halten";"Standardbezug: K1 III, K2 II, K5 III, K6 II. Amtlich, eigene Rechnung bestätigt."
"2026MerhoehtAAGLAA211-a";"2026";"2026-iqb-ea";"A";"1.1";"AG/LA (A2)";"a";"1";"2";"";"nein";"I";"Analytische Geometrie";"Orthogonalität";"Orthogonalität von Gerade und Ebene über Normalen- und Richtungsvektor begründen";"Punktprobe an einer Ebenengleichung durchführen";"Richtungsvektor gleich Normalenvektor|Koordinatengleichung|Punktprobe|Lotgerade";"Normalenvektor aus der Koordinatengleichung ablesen|Punkt in die Gleichung einsetzen";"Begründung";"Begründen Sie|Zeigen Sie";"Text";"keins";"keine";"ohne";"kurz";"g: x = (−4; 2; −2) + t · (−2; −1; 2), t reell; E: −2x1 − x2 + 2x3 − 2 = 0; P(−4; 2; −2)";"Begründung, dass g senkrecht zu E steht|Nachweis, dass P in E liegt";"der Richtungsvektor (−2; −1; 2) von g ist zugleich Normalenvektor von E; P einsetzen: −2 · (−4) − 2 + 2 · (−2) − 2 = 0";"2";"ganz|negativ";"";"";"der Vektor (−2; −1; 2) ist Richtungsvektor von g und Normalenvektor von E, also steht g senkrecht auf E|−2 · (−4) − 2 + 2 · (−2) − 2 = 0, also liegt P in E (amtlich)";"";"I";"das Skalarprodukt von Richtungs- und Normalenvektor gleich null erwarten";"Standardbezug: K1 I, K2 I, K4 I, K5 I. Amtlich, eigene Rechnung bestätigt. Beide Typen aus 2026-ga-A (AGLAA211-a) wiederverwendet, Reihenfolge der Leistungen hier umgekehrt."
"2026MerhoehtAAGLAA211-b";"2026";"2026-iqb-ea";"A";"1.1";"AG/LA (A2)";"b";"1";"3";"";"nein";"II";"Analytische Geometrie";"Abstände";"Punkt auf einer Lotgeraden mit vorgegebenem Abstand zur Ebene bestimmen";"";"Lotgerade durch P in E|Betrag des Richtungsvektors 3|Abstand 12 heißt t = ±4|Punkt (−12; −2; 6)";"Abstand entlang der Lotgeraden als Vielfaches des Richtungsvektors|Vektorlänge berechnen";"Rechnung";"Bestimmen Sie";"Zahl";"keins";"keine";"ohne";"kurz";"g: x = (−4; 2; −2) + t · (−2; −1; 2), t reell, steht senkrecht auf E: −2x1 − x2 + 2x3 − 2 = 0; P(−4; 2; −2) liegt in E und auf g";"Koordinaten eines Punktes auf g mit Abstand 12 zu E";"der Abstand eines Punktes von g zu E ist |t| · |(−2; −1; 2)| = 3|t|; für Abstand 12 also t = 4 oder t = −4; Punkt einsetzen";"2";"ganz|negativ";"";"2026MerhoehtAAGLAA211-a";"|(−2; −1; 2)| = 3; (−4; 2; −2) + 4 · (−2; −1; 2) = (−12; −2; 6) (amtlich)";"t = ±4|zweiter möglicher Punkt (4; 6; −10)";"II";"t = 12 einsetzen, ohne den Richtungsvektor auf die Länge 1 zu beziehen";"Standardbezug: K2 II, K5 II. Amtlich, eigene Rechnung bestätigt."
"2026MerhoehtAAGLAA212-a";"2026";"2026-iqb-ea";"A";"1.2";"AG/LA (A2)";"a";"1";"1";"";"nein";"I";"Analytische Geometrie";"Punkte und Strecken im Koordinatensystem";"Koordinaten eines Eckpunkts eines Prismas angeben";"";"gerades Prisma|Deckfläche|Eckpunkt F|Verschiebung um die Höhe";"Punkt im Schrägbild dem Koordinatensystem zuordnen";"Kurzantwort";"Geben Sie an";"Zahl";"Körper";"Schrägbild eines dreiseitigen geraden Prismas ABCDEF in einem räumlichen Koordinatensystem mit x-Achse nach vorn links, y-Achse nach rechts, z-Achse nach oben; Grundfläche das Dreieck A(0; 0; 0), B(6; 0; 0), C(0; 4; 0), Deckfläche D(0; 0; 3), E(6; 0; 3), F(0; 4; 3); die Kanten AD und AC verdeckt gestrichelt; Buchstaben an allen Ecken";"ohne";"kurz";"gerades Prisma ABCDEF mit A(0; 0; 0), B(6; 0; 0), C(0; 4; 0) und D(0; 0; 3), Abbildung";"Koordinaten des Punktes F";"F liegt senkrecht über C in der Höhe von D";"1";"ganz";"";"";"F(0; 4; 3) (amtlich)";"";"I";"E und F verwechseln und (6; 0; 3) angeben";"Standardbezug: K4 I. Amtlich. Gleicher Aufgabenstamm wie 2026MgrundlegendAAGLAA213 (Variante auf erhöhtem Niveau mit anderer Teilaufgabe b)."
"2026MerhoehtAAGLAA212-b";"2026";"2026-iqb-ea";"A";"1.2";"AG/LA (A2)";"b";"1";"4";"";"nein";"II";"Analytische Geometrie";"Flächeninhalt und Volumen im Raum";"Parameter eines Punktes aus einer Flächengleichheit bestimmen";"";"Dreieck APC gegen Rechteck ACFD|P(k; 0; 3) auf DE|Rechteckfläche 12|1/2 · |AC| · |AP| = |AC| · |AD||k = √27";"Ansatz für P auf der Kante DE|Orthogonalität von AC und AP erkennen|Rechteckfläche|Wurzelgleichung lösen";"Rechnung";"Ermitteln Sie";"Zahl";"Körper";"Schrägbild eines dreiseitigen geraden Prismas ABCDEF in einem räumlichen Koordinatensystem mit x-Achse nach vorn links, y-Achse nach rechts, z-Achse nach oben; Grundfläche das Dreieck A(0; 0; 0), B(6; 0; 0), C(0; 4; 0), Deckfläche D(0; 0; 3), E(6; 0; 3), F(0; 4; 3); die Kanten AD und AC verdeckt gestrichelt; Buchstaben an allen Ecken";"ohne";"mittel";"Prisma mit A(0; 0; 0), B(6; 0; 0), C(0; 4; 0), D(0; 0; 3), E(6; 0; 3), F(0; 4; 3); P liegt auf der Kante DE; das Dreieck APC hat den gleichen Flächeninhalt wie das Viereck ACFD";"Koordinaten von P";"P(k; 0; 3) mit k > 0 ansetzen; AC steht senkrecht auf AP, also Dreiecksfläche 1/2 · |AC| · |AP|; das Rechteck ACFD hat |AC| · |AD|; gleichsetzen: 1/2 · √(k^2 + 9) = 3";"4";"ganz|Wurzel";"";"2026MerhoehtAAGLAA212-a";"P(√27; 0; 3), also k = √27 (amtlich)";"|AC| = 4, |AD| = 3|√(k^2 + 3^2) = 6|k ≈ 5,20";"II";"das Viereck ACFD als Dreieck behandeln oder den Faktor 1/2 auf beiden Seiten setzen";"Standardbezug: K1 II, K2 II, K4 II, K5 II. Amtlich, eigene Rechnung bestätigt. Typ aus 2026MgrundlegendAAGLAA213-c wiederverwendet; dort Dreieck gegen Dreieck, hier Dreieck gegen Rechteck, derselbe Lösungsweg – Vorschlag, die Definition auf beide Fälle zu fassen."
"2026MerhoehtAAGLAA221-a";"2026";"2026-iqb-ea";"A";"2.1";"AG/LA (A2)";"a";"1";"1";"";"nein";"I";"Analytische Geometrie";"Lagebeziehungen";"Parameter einer Ebenengleichung aus einem enthaltenen Punkt bestimmen";"";"Geradenschar in einer Ebene|Stützpunkt einsetzen|2x2 + x3 = c|c = −5";"gemeinsamen Stützpunkt der Schar erkennen|Punkt in die Koordinatengleichung einsetzen";"Rechnung";"Bestimmen Sie";"Zahl";"keins";"keine";"ohne";"mittel";"g_a: x = (1; −1; −3) + t · (1; a; −2a) für reelle a und t; E: 2x2 + x3 = c; jede Gerade g_a liegt in E";"Wert von c";"der gemeinsame Punkt (1; −1; −3) aller Geraden liegt in E: 2 · (−1) + (−3) = c";"1";"ganz|negativ";"";"";"c = −5 (amtlich)";"Probe: Richtungsvektor (1; a; −2a) mit Normalenvektor (0; 2; 1): 2a − 2a = 0";"I";"den Richtungsvektor statt des Stützpunkts einsetzen";"Standardbezug: K2 I, K5 I. Amtlich, eigene Rechnung bestätigt."
"2026MerhoehtAAGLAA221-b";"2026";"2026-iqb-ea";"A";"2.1";"AG/LA (A2)";"b";"1";"4";"";"nein";"II|III";"Analytische Geometrie";"Abstände";"Gleichen Abstand eines Punktes zu einer Geradenschar über den Lotfußpunkt beurteilen";"";"ohne Abstandsberechnung|gemeinsamer Punkt Q aller Geraden|PQ kollinear zum Normalenvektor|Q ist Lotfußpunkt von P auf E|Aussage wahr";"Abstand Punkt-Gerade als Länge des Lots|Lotfußpunkt auf der Ebene über den Normalenvektor erkennen|Schar als Geradenbüschel durch einen Punkt deuten";"Begründung";"Beurteilen Sie";"Text";"keins";"keine";"ohne";"mittel";"g_a: x = (1; −1; −3) + t · (1; a; −2a), alle in E: 2x2 + x3 = −5; P(1; 3; −1); Aussage: P hat zu jeder Geraden g_a den gleichen Abstand; Abstände sollen nicht berechnet werden";"Beurteilung der Aussage";"Q(1; −1; −3) ist gemeinsamer Punkt aller g_a; PQ = (0; −4; −2) ist kollinear zum Normalenvektor (0; 2; 1) von E, also ist Q der Lotfußpunkt von P auf E; das Lot von P auf E steht senkrecht auf jeder Geraden durch Q in E, der Abstand ist stets |PQ|";"3";"ganz|negativ";"";"2026MerhoehtAAGLAA221-a";"die Aussage ist wahr: Q(1; −1; −3) liegt auf jeder g_a, PQ = (0; −4; −2) ist kollinear zum Normalenvektor (0; 2; 1), also ist Q der Lotfußpunkt von P auf E und P hat zu jeder Geraden den Abstand |PQ| (amtlich)";"PQ = −2 · (0; 2; 1)|zum Vergleich |PQ| = √20";"III";"Abstände für einzelne Werte von a berechnen und daraus verallgemeinern";"Standardbezug: K1 III, K2 III, K4 II, K6 III. Amtlich, eigene Rechnung bestätigt."
"2026MerhoehtAAGLAA222-a";"2026";"2026-iqb-ea";"A";"2.2";"AG/LA (A2)";"a";"1";"2";"";"nein";"I|II";"Analytische Geometrie";"Orthogonalität";"Rechten Winkel eines Dreiecks mit Parameter nachweisen";"";"B_s in der xy-Ebene|C_t auf der z-Achse|rechter Winkel in A für alle s, t|Skalarprodukt (4s; 3s; 0) · (0; 0; t) = 0";"Lage der Punkte in Koordinatenebene und Achse erkennen oder Skalarprodukt mit Parametern";"Begründung";"Begründen Sie";"Text";"Koordinatensystem";"Koordinatensystem mit s-Achse von −4 bis 4 und t-Achse von −6 bis 9, Gitter; eine Gerade durch den Ursprung mit Steigung 5 (durch (1; 5) und (−1; −5))";"ohne";"kurz";"Dreiecke AB_sC_t mit A(0; 0; 0), B_s(4s; 3s; 0) und C_t(0; 0; t), s und t positiv reell";"Begründung, dass jedes Dreieck AB_sC_t in A rechtwinklig ist";"die Seite AB_s liegt in der xy-Ebene, die Seite AC_t auf der z-Achse, die auf dieser Ebene senkrecht steht; rechnerisch ist (4s; 3s; 0) · (0; 0; t) = 0";"1";"ganz";"";"";"AB_s liegt in der xy-Ebene und AC_t auf der z-Achse, die senkrecht zur xy-Ebene steht, also ist der Winkel bei A für alle s und t ein rechter (amtlich)";"";"II";"nur für ein Zahlenbeispiel von s und t rechnen";"Standardbezug: K1 II, K2 I, K4 II, K6 I. Amtlich. Typ aus 2026MgrundlegendAAGLAA112-a wiederverwendet; der Erwartungshorizont argumentiert über die Lage, das Skalarprodukt führt zum selben Nachweis. Das abgebildete s-t-Koordinatensystem gehört zu Teilaufgabe b."
"2026MerhoehtAAGLAA222-b";"2026";"2026-iqb-ea";"A";"2.2";"AG/LA (A2)";"b";"1";"3";"";"nein";"II|III";"Analytische Geometrie";"Abstände";"Parameter aus der Gleichschenkligkeit eines Dreiecks berechnen";"Beziehung zweier Parameter mit einer abgebildeten Geraden abgleichen";"|AB_s| = |AC_t||√((4s)^2 + (3s)^2) = 5s|t = 5s|Gerade durch den Ursprung mit Steigung 5|Punkte (s; t)";"Vektorbetrag mit Parameter|Gleichung der abgebildeten Geraden ablesen";"Begründung";"Zeigen Sie";"Text";"Koordinatensystem";"Koordinatensystem mit s-Achse von −4 bis 4 und t-Achse von −6 bis 9, Gitter; eine Gerade durch den Ursprung mit Steigung 5 (durch (1; 5) und (−1; −5))";"ohne";"mittel";"Dreiecke AB_sC_t mit A(0; 0; 0), B_s(4s; 3s; 0), C_t(0; 0; t), s und t positiv, rechtwinklig in A; zu jedem s gibt es ein t mit gleichschenkligem Dreieck; Abbildung eines s-t-Koordinatensystems mit einer Geraden durch den Ursprung mit Steigung 5";"Nachweis, dass die zugehörigen Punkte (s; t) auf der abgebildeten Geraden liegen";"gleichschenklig im rechten Winkel heißt |AB_s| = |AC_t|: √(16s^2 + 9s^2) = 5s = t; die abgebildete Gerade hat die Gleichung t = 5s";"2";"ganz|Wurzel";"";"2026MerhoehtAAGLAA222-a";"t = 5s ist eine Gleichung der dargestellten Geraden; |AB_s| = |AC_t| ist gleichwertig zu √((4s)^2 + (3s)^2) = t, also t = 5s (amtlich)";"|AB_s| = 5s";"III";"die Hypotenuse B_sC_t mit einer Kathete gleichsetzen";"Standardbezug: K1 III, K2 III, K4 III, K5 II, K6 II. Amtlich, eigene Rechnung bestätigt. Haupttyp aus 2026MgrundlegendAAGLAA112-b wiederverwendet."
"2026MerhoehtAAGLAA223";"2026";"2026-iqb-ea";"A";"2.3";"AG/LA (A2)";"";"1";"5";"";"nein";"II|III";"Analytische Geometrie";"Spiegelung";"Symmetrieebenen eines Körpers aus den Koordinaten begründen";"";"Pyramidenschar|Grundfläche Rechteck|Symmetrieebene x = 0|Symmetrieebene y = t|Mittelwert der y-Koordinaten|Spitze in beiden Ebenen";"Spiegelung an einer Koordinatenebene als Vorzeichenwechsel|Mittelebene zweier Punkte über den Mittelwert einer Koordinate|Koordinatengleichung achsenparalleler Ebenen";"Kurzantwort|Begründung";"Geben Sie an|Begründen Sie";"Term|Text";"keins";"keine";"ohne";"lang";"für t > 0 die Pyramide A_tB_tCDS_t mit A_t(1; 1 + 2t; 0), B_t(−1; 1 + 2t; 0), C(−1; −1; 0), D(1; −1; 0) und S_t(0; t; 6); jede Pyramide hat genau zwei Symmetrieebenen";"je eine Gleichung der beiden Symmetrieebenen für jeden Wert von t, mit Begründung";"x = 0: D und C sowie A_t und B_t unterscheiden sich nur im Vorzeichen der x-Koordinate, S_t hat x = 0; y = t: D und A_t sowie C und B_t unterscheiden sich nur in der y-Koordinate mit Mittelwert (1 + 2t − 1)/2 = t, S_t hat y = t";"4";"ganz|negativ";"";"";"x = 0 und y = t; bei x = 0 gehen C und D bzw. A_t und B_t durch Vorzeichenwechsel der x-Koordinate ineinander über und S_t liegt in der Ebene; bei y = t ist t der Mittelwert der y-Koordinaten von D und A_t bzw. C und B_t, und S_t liegt in der Ebene (amtlich)";"Grundfläche ist ein Rechteck mit den Seiten 2 und 2 + 2t|Mittelwert (1 + 2t + (−1))/2 = t";"III";"y = 1 + t als Mitte der Grundfläche schätzen statt den Mittelwert der y-Koordinaten zu bilden";"Standardbezug: K1 II, K2 III, K4 III, K6 II. Amtlich, eigene Rechnung bestätigt. Aufgabe ohne Teilaufgabenbuchstaben, eine Zeile mit 5 BE. Keine Abbildung."
"2026MerhoehtAStochastik11-a";"2026";"2026-iqb-ea";"A";"1.1";"Stochastik";"a";"1";"1";"";"nein";"I";"Stochastik";"Binomialverteilung";"Term für eine Wahrscheinlichkeit einer Bernoulli-Kette angeben";"";"B(36; 0,5)|P(X = 27)|Binomialkoeffizient 36 über 27|Term angeben";"Bernoulli-Formel";"Kurzantwort";"Geben Sie an";"Term";"keins";"keine";"ohne";"kurz";"binomialverteilte Zufallsgröße X mit n = 36 und p = 0,5";"Term, mit dem P(X = 27) berechnet werden kann";"Bernoulli-Formel mit k = 27 aufschreiben";"1";"dezimal|Potenz";"";"";"(36 über 27) · 0,5^27 · 0,5^9 (amtlich)";"Wert ≈ 0,0018";"I";"den Binomialkoeffizienten weglassen";"Standardbezug: K5 I. Amtlich. Typ aus 2026MgrundlegendAStochastik12-a wiederverwendet."
"2026MerhoehtAStochastik11-b";"2026";"2026-iqb-ea";"A";"1.1";"Stochastik";"b";"1";"4";"";"nein";"I|II";"Stochastik";"Kenngrößen von Verteilungen";"Wahrscheinlichkeit eines Sigma-Intervalls aus dem Säulendiagramm ermitteln";"";"μ = 18, σ = 3|halbes Sigma-Intervall|P(16,5 <= X <= 19,5) = P(17 <= X <= 19)|Säulen addieren|≈ 0,38";"μ = n · p und σ = √(n · p · (1 − p))|Intervall auf ganze Zahlen übertragen|Säulenhöhen ablesen und addieren";"Rechnung";"Ermitteln Sie";"Zahl";"Diagramm";"Säulendiagramm der Wahrscheinlichkeitsverteilung P(X = k) für k = 0 bis 36 (Achse beschriftet in Zweierschritten), y-Achse von 0 bis 0,15 mit Marken 0,05, 0,1 und feinem Gitter; symmetrische Glockenform um k = 18 mit Höhen etwa 0,13 (k = 18), 0,125 (17 und 19), 0,11 (16 und 20), 0,08 (15 und 21), 0,055 (14 und 22), 0,035 (13 und 23), 0,02 (12 und 24), unter 0,01 ab k = 10 bzw. 26";"ohne";"mittel";"X binomialverteilt mit n = 36 und p = 0,5; Säulendiagramm der Verteilung mit Höhen etwa 0,13 bei k = 18 und 0,125 bei k = 17 und 19; μ Erwartungswert, σ Standardabweichung";"Näherungswert für P(μ − 0,5 · σ <= X <= μ + 0,5 · σ)";"μ = 36 · 0,5 = 18 und σ = √(18 · 0,5) = 3 berechnen; das Intervall [16,5; 19,5] enthält k = 17, 18, 19; deren Säulenhöhen addieren";"3";"dezimal";"";"";"μ = 18, σ = 3; P(17 <= X <= 19) ≈ 0,13 + 2 · 0,125 = 0,38 (amtlich)";"μ − 0,5σ = 16,5|μ + 0,5σ = 19,5|exakt 0,382";"III";"σ = √(n · p) = √18 rechnen oder die Grenzen 16,5 und 19,5 auf k = 16 bis 20 runden";"Standardbezug: K1 II, K2 I, K4 II, K5 I. Amtlich, eigene Rechnung bestätigt (exakt 0,382). Schätzung III nach der Regel „Kombinieren heißt III“ (zwei Kenngrößen, Intervall übersetzen, Diagramm lesen), amtlich bis II."
"2026MerhoehtAStochastik12-a";"2026";"2026-iqb-ea";"A";"1.2";"Stochastik";"a";"1";"1";"";"nein";"I";"Stochastik";"Baumdiagramm und Pfadregeln";"Term für die Wahrscheinlichkeit eines mehrstufigen Pfads angeben";"";"Glücksrad ein Drittel grün|viermal kein Grün|(2/3)^4|unentschieden";"Pfadmultiplikation bei gleichbleibender Wahrscheinlichkeit";"Kurzantwort";"Geben Sie an";"Term";"keins";"keine";"Glücksrad/Spiel";"lang";"Glücksrad mit drei gleich großen Sektoren, einer grün; A und B drehen abwechselnd, wer zuerst Grün erzielt, gewinnt; nach je zwei Drehungen ohne Grün endet das Spiel unentschieden; A beginnt";"Term für die Wahrscheinlichkeit, dass das Spiel unentschieden endet";"unentschieden heißt viermal nacheinander kein Grün, also (2/3)^4";"1";"Bruch|Potenz";"";"";"(2/3)^4 (amtlich)";"Wert 16/81";"I";"(1/3)^4 als Wahrscheinlichkeit für vier Fehlversuche ansetzen";"Standardbezug: K2 I, K3 I, K5 I. Amtlich, eigene Rechnung bestätigt."
"2026MerhoehtAStochastik12-b";"2026";"2026-iqb-ea";"A";"1.2";"Stochastik";"b";"1";"4";"";"nein";"I|II";"Stochastik";"Baumdiagramm und Pfadregeln";"Gewinnwahrscheinlichkeiten in einem Wechselspiel vergleichen";"";"A gewinnt in Runde 1 oder 3|B gewinnt in Runde 2 oder 4|P(A) = 1/3 + (2/3)^2 · 1/3|P(B) = 2/3 · P(A)|Faktor 1,5|Aussage wahr";"Pfade für die Gewinnzüge aufstellen|Summenregel|Verhältnis zweier Wahrscheinlichkeiten bilden";"Begründung|Rechnung";"Beurteilen Sie";"Text";"keins";"keine";"Glücksrad/Spiel";"mittel";"Glücksrad mit Trefferwahrscheinlichkeit 1/3; A und B drehen abwechselnd, höchstens je zweimal, A beginnt; wer zuerst Grün erzielt, gewinnt; Aussage: P(A gewinnt) ist das 1,5-Fache von P(B gewinnt)";"Beurteilung der Aussage";"P(A) = 1/3 + (2/3)^2 · 1/3 (erster oder dritter Dreh), P(B) = 2/3 · 1/3 + (2/3)^3 · 1/3 (zweiter oder vierter Dreh) = 2/3 · P(A); also P(A) = 1,5 · P(B)";"3";"Bruch|Potenz";"";"2026MerhoehtAStochastik12-a";"P(A gewinnt) = 1/3 + (2/3)^2 · 1/3 und P(B gewinnt) = 2/3 · 1/3 + (2/3)^3 · 1/3 = 2/3 · P(A gewinnt), also P(A gewinnt) = 1,5 · P(B gewinnt): die Aussage ist wahr (amtlich)";"P(A) = 13/27|P(B) = 26/81";"II";"für B nur den zweiten Dreh berücksichtigen";"Standardbezug: K1 II, K2 I, K3 I, K5 II. Amtlich, eigene Rechnung bestätigt."
"2026MerhoehtAStochastik21-a";"2026";"2026-iqb-ea";"A";"2.1";"Stochastik";"a";"1";"3";"";"nein";"II|III";"Stochastik";"Baumdiagramm und Pfadregeln";"Wahrscheinlichkeit eines Vergleichs zweier Zufallsgeräte über Pfade berechnen";"";"Würfelnetze|A: 3 oder 5 je 1/2|B: 4 mit 2/3, 1 mit 1/3|A größer als B mit 2/3|zwei Runden (2/3)^2 = 4/9";"Wahrscheinlichkeiten aus den Netzen ablesen|Fälle für A > B aufstellen|Pfadregeln über zwei Runden";"Rechnung";"Ermitteln Sie";"Zahl";"Figur";"zwei Würfelnetze nebeneinander in Kreuzform: Würfel A mit der Reihe 3, 3, 5, 3 und darüber und darunter je 5 (drei Dreien, drei Fünfen); Würfel B mit der Reihe 4, 4, 4, 4 und darüber und darunter je 1 (vier Vieren, zwei Einsen)";"Würfelspiel";"mittel";"Würfel A mit den Zahlen 3, 3, 3, 5, 5, 5 und Würfel B mit 4, 4, 4, 4, 1, 1 (aus den abgebildeten Netzen); pro Runde wird jeder Würfel einmal geworfen; es werden zwei Runden gespielt";"Wahrscheinlichkeit, dass in beiden Runden mit A eine größere Zahl erzielt wird als mit B";"in einer Runde ist A größer bei A = 5 (Wahrscheinlichkeit 1/2) oder bei A = 3 und B = 1 (1/2 · 1/3), zusammen 2/3; für zwei Runden quadrieren";"3";"Bruch";"";"";"in einer Runde 1/2 · 1/3 + 1/2 = 2/3, in zwei Runden (2/3)^2 = 4/9 (amtlich)";"P(A = 5) = 1/2|P(A = 3 und B = 1) = 1/6";"III";"den Fall A = 3 und B = 1 vergessen und mit (1/2)^2 rechnen";"Standardbezug: K1 II, K2 III, K3 II, K5 II, K6 II. Amtlich, eigene Rechnung bestätigt. Die Zahlen stehen nur in der Abbildung."
"2026MerhoehtAStochastik21-b";"2026";"2026-iqb-ea";"A";"2.1";"Stochastik";"b";"1";"2";"";"nein";"II|III";"Stochastik";"Kombinatorik";"Fehlende Werte in einem Wahrscheinlichkeitsterm bestimmen";"";"Summen 4, 6, 7, 9 mit 1/6, 1/6, 1/3, 1/3|alle vier Summen verschieden|4! Anordnungen|Term v · (1/2)^w · (1/3)^2 · (2/3)^2|v = 24, w = 4";"Verteilung der Summe aus den Netzen aufstellen|Permutationen von vier verschiedenen Ergebnissen zählen|Produkt in die vorgegebene Form umschreiben";"Kurzantwort";"Geben Sie an";"Zahl";"Figur";"zwei Würfelnetze nebeneinander in Kreuzform: Würfel A mit der Reihe 3, 3, 5, 3 und darüber und darunter je 5 (drei Dreien, drei Fünfen); Würfel B mit der Reihe 4, 4, 4, 4 und darüber und darunter je 1 (vier Vieren, zwei Einsen)";"Würfelspiel";"lang";"Würfel A mit 3, 3, 3, 5, 5, 5 und B mit 4, 4, 4, 4, 1, 1; vier Runden, je Runde die Summe beider Zahlen; Ereignis: alle vier Summen sind verschieden; Term v · (1/2)^w · (1/3)^2 · (2/3)^2";"natürliche Zahlen v und w, mit denen der Term die Wahrscheinlichkeit des Ereignisses liefert";"mögliche Summen 4, 6, 7, 9 mit den Wahrscheinlichkeiten 1/6, 1/6, 1/3, 1/3; vier verschiedene Summen in vier Runden in 4! = 24 Reihenfolgen; Produkt (1/6)^2 · (1/3)^2 = (1/2)^4 · (1/3)^2 · (2/3)^2 · … umschreiben";"3";"Bruch|Potenz";"";"2026MerhoehtAStochastik21-a";"v = 24; w = 4 (amtlich)";"P(4) = P(6) = 1/6, P(7) = P(9) = 1/3|Wahrscheinlichkeit 24 · (1/6)^2 · (1/3)^2 = 2/27";"III";"die Reihenfolgen nicht zählen und v = 1 setzen";"Standardbezug: K2 III, K3 II, K4 III, K5 III, K6 II. Amtlich, eigene Rechnung bestätigt: 24 · (1/2)^4 · (1/3)^2 · (2/3)^2 = 2/27."
"2026MerhoehtAStochastik22-a";"2026";"2026-iqb-ea";"A";"2.2";"Stochastik";"a";"1";"2";"";"nein";"I|II";"Stochastik";"Binomialverteilung";"Wahrscheinlichkeit für genau einen Treffer bei zwei Versuchen berechnen";"";"zwei Zahlencodes|p = 0,1|genau einer enthält die Ziffernfolge|2 · 0,1 · 0,9 = 0,18";"zwei Pfade für genau einen Treffer|Pfadregeln";"Rechnung";"Ermitteln Sie";"Zahl";"keins";"keine";"Zufallsgenerator/Zahlencodes";"mittel";"ein Zufallsgenerator erzeugt Zahlencodes; jeder Code enthält eine bestimmte Ziffernfolge mit derselben Wahrscheinlichkeit p; zwei Codes werden erzeugt; p = 0,1";"Wahrscheinlichkeit, dass genau einer der beiden Codes die Ziffernfolge enthält";"zwei Pfade (erster ja, zweiter nein und umgekehrt) mit je 0,1 · 0,9 addieren";"2";"dezimal";"";"";"2 · 0,1 · 0,9 = 0,18 (amtlich)";"";"II";"nur einen Pfad rechnen und 0,09 angeben";"Standardbezug: K3 II, K5 I, K6 II. Amtlich, eigene Rechnung bestätigt."
"2026MerhoehtAStochastik22-b";"2026";"2026-iqb-ea";"A";"2.2";"Stochastik";"b";"1";"3";"";"nein";"II|III";"Stochastik";"Bedingte Wahrscheinlichkeit und Bayes";"Term für eine bedingte Wahrscheinlichkeit mit Parameter aufstellen";"";"Bedingung mindestens einer|Gegenereignis 1 − (1 − p)^2|genau einer im Zähler|Term in p|Bruch aus Pfadsummen";"bedingte Wahrscheinlichkeit als Quotient|Gegenereignis zu mindestens einer|Pfade mit Parameter";"Kurzantwort";"Geben Sie an";"Term";"keins";"keine";"Zufallsgenerator/Zahlencodes";"mittel";"jeder von zwei erzeugten Zahlencodes enthält die Ziffernfolge mit Wahrscheinlichkeit p, 0 < p < 1; mindestens einer der beiden Codes enthält die Ziffernfolge";"Term in p für die Wahrscheinlichkeit, dass die Ziffernfolge nicht in beiden Codes enthalten ist";"unter der Bedingung mindestens einer ist nicht in beiden gleichbedeutend mit genau einer: Zähler p · (1 − p) + (1 − p) · p, Nenner 1 − (1 − p)^2";"3";"dezimal|Potenz";"";"2026MerhoehtAStochastik22-a";"(p · (1 − p) + (1 − p) · p) / (1 − (1 − p)^2) (amtlich)";"gekürzt 2(1 − p)/(2 − p)|für p = 0,1: 18/19";"III";"die Bedingung übersehen und nur 2p(1 − p) angeben";"Standardbezug: K2 III, K3 II, K5 II, K6 III. Amtlich, eigene Rechnung bestätigt."
"2026MerhoehtAStochastik23-a";"2026";"2026-iqb-ea";"A";"2.3";"Stochastik";"a";"1";"1";"";"nein";"I|II";"Stochastik";"Zufallsexperimente und Urnenmodelle";"Ereignis zu einem gegebenen Wahrscheinlichkeitsterm beschreiben";"";"1 − 2/5 · 1/4|Gegenereignis|zweimal b ohne Zurücklegen|höchstens eine Kugel mit b";"Pfad 2/5 · 1/4 als beide Kugeln mit b lesen|Gegenereignis formulieren";"Kurzantwort";"Geben Sie an";"Text";"keins";"keine";"Urne/Kugeln mit Zahlen";"mittel";"fünf Kugeln, drei mit der Zahl a, zwei mit der Zahl b; a + b = 17; zwei Kugeln werden gleichzeitig zufällig entnommen; Term 1 − 2/5 · 1/4";"ein Ereignis im Sachzusammenhang, dessen Wahrscheinlichkeit der Term liefert";"2/5 · 1/4 ist die Wahrscheinlichkeit für zwei Kugeln mit b (ohne Zurücklegen); 1 minus das ist das Gegenereignis";"1";"Bruch";"";"";"es wird höchstens eine Kugel mit der Zahl b entnommen (amtlich)";"Wert 9/10";"II";"das Ereignis als genau eine Kugel mit b beschreiben";"Standardbezug: K2 I, K3 II, K6 II. Amtlich. Typname aus abi-typen.csv übernommen (dort unter Binomialverteilung), hier Ziehen ohne Zurücklegen."
"2026MerhoehtAStochastik23-b";"2026";"2026-iqb-ea";"A";"2.3";"Stochastik";"b";"1";"4";"";"nein";"II|III";"Stochastik";"Kenngrößen von Verteilungen";"Unbekannte Werte einer Zufallsgröße aus dem Erwartungswert bestimmen";"";"Summe zweier Kugeln|Verteilung 2a mit 3/10, 17 mit 6/10, 2b mit 1/10|E(X) = 16|b = 17 − a|a = 6, b = 11";"Wahrscheinlichkeiten beim Ziehen ohne Zurücklegen|Erwartungswert als gewichtete Summe|lineare Gleichung mit Nebenbedingung lösen";"Rechnung";"Bestimmen Sie";"Zahl";"keins";"keine";"Urne/Kugeln mit Zahlen";"mittel";"fünf Kugeln, drei mit a, zwei mit b, a + b = 17, natürliche Zahlen; zwei Kugeln werden gleichzeitig entnommen; X ist die Summe der beiden Zahlen; E(X) = 16";"a und b";"P(2a) = 3/5 · 2/4, P(a + b) = 2 · 3/5 · 2/4, P(2b) = 2/5 · 1/4; Erwartungswert mit b = 17 − a aufstellen und nach a auflösen";"4";"ganz|Bruch";"";"";"3/5 · 2/4 · 2a + 2 · 3/5 · 2/4 · 17 + 2/5 · 1/4 · 2 · (17 − a) = 16 führt auf 2a + 4 · 17 = 5 · 16, also a = 6 und b = 11 (amtlich)";"P(X = 2a) = 3/10|P(X = 17) = 6/10|P(X = 2b) = 1/10";"III";"P(a + b) nur mit einer Reihenfolge ansetzen (3/10 statt 6/10)";"Standardbezug: K2 III, K3 III, K5 II. Amtlich, eigene Rechnung bestätigt."
