eintrag;einheit;reihe;klasse;seiten;seiten_mit_rahmen
binomische-formeln;;fundamente24;8;0;2
binomische-formeln;;sekundo;8;6;10
binomische-formeln;1;mathematik23;8;5;5
binomische-formeln;1;mheute;9;6;6
binomische-formeln;1;schnittpunkt;8;2;2
binomische-formeln;2;elemente;8;3;3
binomische-formeln;2;fundamente17;8;4;4
binomische-formeln;2;fundamente24;8;5;5
binomische-formeln;2;mathedelta;8;4;4
binomische-formeln;2;schnittpunkt;8;5;5
binomische-formeln;2;sekundo;8;4;4
binomische-formeln;3;elemente;8;2;2
bruchrechnung;;sekundo;7;0;2
bruchrechnung;2;sekundo;7;1;1
bruchrechnung;3;schnittpunkt;7;2;2
bruchrechnung;3;sekundo;7;3;3
bruchrechnung;4;sekundo;7;3;3
brueche-dezimalzahlen;1;elemente;9;2;2
brueche-dezimalzahlen;1;sekundo;7;1;1
brueche-dezimalzahlen;1;sekundo;9;2;2
brueche-dezimalzahlen;4;sekundo;10;1;1
daten;;elemente;7;0;1
daten;;elemente;9;0;7
daten;;fundamente17;7;2;8
daten;;fundamente17;9;6;16
daten;;fundamente24;10;0;2
daten;;fundamente24;7;0;9
daten;;mathedelta;10;0;4
daten;;mathedelta;7;0;19
daten;;mathematik23;8;0;8
daten;;mathematik23;9;0;7
daten;;mheute;7;9;13
daten;;mheute;9;16;26
daten;;schnittpunkt;10;0;1
daten;;schnittpunkt;7;0;6
daten;;schnittpunkt;8;0;9
daten;;schnittpunkt;9;2;8
daten;;sekundo;7;0;10
daten;;sekundo;8;1;6
daten;;sekundo;9;0;5
daten;1;elemente;7;14;14
daten;1;elemente;9;0;0
daten;1;fundamente17;7;6;6
daten;1;fundamente17;9;3;3
daten;1;fundamente24;10;3;3
daten;1;fundamente24;7;7;7
daten;1;mathedelta;10;4;4
daten;1;mathedelta;7;10;10
daten;1;mathematik23;8;4;4
daten;1;mathematik23;9;9;9
daten;1;mheute;7;9;9
daten;1;mheute;9;18;18
daten;1;schnittpunkt;8;4;4
daten;1;schnittpunkt;9;2;2
daten;1;sekundo;10;2;2
daten;1;sekundo;7;1;1
daten;1;sekundo;8;1;1
daten;2;elemente;7;0;0
daten;2;elemente;9;1;1
daten;2;fundamente17;7;4;4
daten;2;fundamente24;7;4;4
daten;2;mathematik23;7;2;2
daten;2;mathematik23;8;1;1
daten;2;mheute;7;2;2
daten;2;schnittpunkt;7;1;1
daten;2;schnittpunkt;8;4;4
daten;2;sekundo;10;1;1
daten;2;sekundo;8;1;1
daten;2;sekundo;9;1;1
daten;3;mathematik23;8;2;2
daten;3;sekundo;7;2;2
daten;4;elemente;7;17;17
daten;4;elemente;9;6;6
daten;4;fundamente17;7;8;8
daten;4;fundamente17;9;6;6
daten;4;fundamente24;10;4;4
daten;4;fundamente24;7;4;4
daten;4;mathedelta;7;4;4
daten;4;mathematik23;8;4;4
daten;4;mathematik23;9;3;3
daten;4;mheute;7;6;6
daten;4;schnittpunkt;8;1;1
daten;4;sekundo;10;1;1
daten;4;sekundo;7;3;3
daten;4;sekundo;8;2;2
daten;4;sekundo;9;1;1
daten;5;elemente;7;0;0
daten;5;elemente;9;3;3
daten;5;fundamente17;7;4;4
daten;5;fundamente24;10;4;4
daten;5;fundamente24;7;4;4
daten;5;mathedelta;7;4;4
daten;5;mathematik23;8;5;5
daten;5;mathematik23;9;2;2
daten;5;mheute;9;4;4
daten;5;schnittpunkt;8;6;6
daten;5;schnittpunkt;9;3;3
daten;5;sekundo;8;2;2
daten;5;sekundo;9;1;1
daten;6;elemente;7;3;3
daten;6;fundamente17;9;3;3
daten;6;fundamente24;7;4;4
daten;6;mathematik23;8;1;1
daten;6;mheute;9;3;3
daten;7;fundamente24;10;5;5
daten;7;mathedelta;10;2;2
daten;7;schnittpunkt;10;3;3
daten;7;schnittpunkt;9;3;3
einheiten;;elemente;8;14;14
einheiten;;mathematik23;10;1;1
einheiten;;mathematik23;8;2;2
einheiten;;sekundo;10;1;1
einheiten;;sekundo;9;3;3
einheiten;2;mathematik23;8;1;1
flaechen;;elemente;7;0;5
flaechen;;fundamente17;7;4;4
flaechen;;fundamente17;8;0;6
flaechen;;fundamente24;7;0;7
flaechen;;fundamente24;9;2;2
flaechen;;mathedelta;9;0;12
flaechen;;mathematik23;7;5;17
flaechen;;mathematik23;9;1;1
flaechen;;mheute;10;0;11
flaechen;;mheute;7;4;12
flaechen;;schnittpunkt;7;0;1
flaechen;;schnittpunkt;8;0;11
flaechen;;sekundo;10;1;1
flaechen;;sekundo;7;0;4
flaechen;;sekundo;8;1;4
flaechen;;sekundo;9;1;1
flaechen;1;mathematik23;7;3;3
flaechen;1;schnittpunkt;8;2;2
flaechen;1;sekundo;7;2;2
flaechen;1;sekundo;8;1;1
flaechen;1;sekundo;9;2;2
flaechen;2;elemente;7;4;4
flaechen;2;fundamente24;7;4;4
flaechen;2;mathematik23;7;2;2
flaechen;2;mheute;7;9;9
flaechen;2;schnittpunkt;8;3;3
flaechen;2;sekundo;8;2;2
flaechen;3;elemente;7;4;4
flaechen;3;fundamente17;7;3;3
flaechen;3;fundamente24;7;4;4
flaechen;3;mathedelta;9;2;2
flaechen;3;sekundo;7;2;2
flaechen;3;sekundo;8;1;1
flaechen;4;elemente;7;3;3
flaechen;4;elemente;8;3;3
flaechen;4;fundamente24;7;4;4
flaechen;4;mathematik23;7;4;4
flaechen;4;mheute;7;8;8
flaechen;4;schnittpunkt;8;4;4
flaechen;4;sekundo;8;2;2
flaechen;5;elemente;7;4;4
flaechen;5;elemente;8;2;2
flaechen;5;fundamente17;8;2;2
flaechen;5;fundamente24;7;3;3
flaechen;5;mathedelta;7;6;6
flaechen;5;mathematik23;9;3;3
flaechen;5;mheute;10;3;3
flaechen;5;mheute;7;3;3
flaechen;5;schnittpunkt;7;2;2
flaechen;5;schnittpunkt;8;4;4
flaechen;5;sekundo;8;3;3
kein Eintrag;;elemente;10;1;1
kein Eintrag;;elemente;7;5;5
kein Eintrag;;elemente;8;2;2
kein Eintrag;;elemente;9;0;0
kein Eintrag;;fundamente17;7;6;6
kein Eintrag;;fundamente24;10;4;4
kein Eintrag;;fundamente24;7;13;13
kein Eintrag;;fundamente24;8;2;2
kein Eintrag;;fundamente24;9;5;5
kein Eintrag;;mathedelta;7;0;0
kein Eintrag;;mathedelta;9;2;2
kein Eintrag;;mathematik23;10;3;3
kein Eintrag;;mathematik23;7;12;12
kein Eintrag;;mathematik23;8;12;12
kein Eintrag;;mathematik23;9;8;8
kein Eintrag;;mheute;10;0;0
kein Eintrag;;mheute;7;6;6
kein Eintrag;;mheute;9;10;10
kein Eintrag;;schnittpunkt;10;1;1
kein Eintrag;;schnittpunkt;9;2;2
kein Eintrag;;sekundo;10;0;0
kein Eintrag;;sekundo;7;3;3
kein Eintrag;;sekundo;8;11;11
kein Eintrag (Sek-II-Stoff);;elemente;10;45;45
kein Eintrag (Sek-II-Stoff);;elemente;8;7;7
kein Eintrag (Sek-II-Stoff);;fundamente17;10;18;18
kein Eintrag (Sek-II-Stoff);;fundamente24;10;32;32
kein Eintrag (Sek-II-Stoff);;mathedelta;10;18;18
kein Eintrag (Sek-II-Stoff);;sekundo;9;1;1
koerper;;elemente;7;0;3
koerper;;elemente;8;3;6
koerper;;fundamente17;8;0;2
koerper;;fundamente17;9;4;10
koerper;;fundamente24;8;0;8
koerper;;fundamente24;9;0;15
koerper;;mathedelta;10;12;26
koerper;;mathedelta;7;6;16
koerper;;mathedelta;9;0;12
koerper;;mathematik23;8;6;16
koerper;;mathematik23;9;0;7
koerper;;mheute;10;0;12
koerper;;mheute;8;3;18
koerper;;mheute;9;0;5
koerper;;schnittpunkt;8;1;11
koerper;;schnittpunkt;9;1;12
koerper;;sekundo;10;6;8
koerper;;sekundo;7;1;18
koerper;;sekundo;8;1;8
koerper;;sekundo;9;4;11
koerper;1;fundamente17;8;3;3
koerper;1;fundamente24;8;4;4
koerper;1;fundamente24;9;4;4
koerper;1;mathedelta;7;6;6
koerper;1;mathematik23;8;3;3
koerper;1;mathematik23;9;2;2
koerper;1;sekundo;10;5;5
koerper;1;sekundo;7;7;7
koerper;1;sekundo;8;6;6
koerper;1;sekundo;9;6;6
koerper;2;sekundo;7;4;4
koerper;2;sekundo;8;1;1
koerper;3;elemente;7;13;13
koerper;3;fundamente17;8;10;10
koerper;3;fundamente24;8;9;9
koerper;3;fundamente24;9;9;9
koerper;3;mathematik23;8;9;9
koerper;3;mheute;8;14;14
koerper;3;schnittpunkt;8;12;12
koerper;3;sekundo;8;4;4
koerper;4;elemente;8;7;7
koerper;4;fundamente17;8;11;11
koerper;4;fundamente24;8;7;7
koerper;4;fundamente24;9;7;7
koerper;4;mathedelta;7;2;2
koerper;4;mathematik23;8;5;5
koerper;4;mheute;8;10;10
koerper;4;schnittpunkt;8;6;6
koerper;4;schnittpunkt;9;2;2
koerper;4;sekundo;10;2;2
koerper;4;sekundo;8;5;5
koerper;5;elemente;8;3;3
koerper;5;fundamente17;9;4;4
koerper;5;fundamente24;9;4;4
koerper;5;mathedelta;10;4;4
koerper;5;mathedelta;9;4;4
koerper;5;mathematik23;9;1;1
koerper;5;mheute;10;3;3
koerper;5;mheute;8;4;4
koerper;5;mheute;9;2;2
koerper;5;schnittpunkt;8;3;3
koerper;5;schnittpunkt;9;2;2
koerper;5;sekundo;7;1;1
koerper;5;sekundo;8;2;2
koerper;5;sekundo;9;2;2
kreis;;elemente;7;2;2
kreis;;elemente;8;0;4
kreis;;fundamente17;7;2;4
kreis;;fundamente17;8;3;5
kreis;;fundamente24;7;3;5
kreis;;fundamente24;8;3;12
kreis;;mathedelta;10;4;8
kreis;;mathedelta;7;8;16
kreis;;mathedelta;9;0;4
kreis;;mathematik23;7;10;13
kreis;;mheute;8;9;13
kreis;;schnittpunkt;10;3;10
kreis;;sekundo;8;3;14
kreis;;sekundo;9;0;3
kreis;1;elemente;7;3;3
kreis;1;elemente;8;3;3
kreis;1;fundamente24;8;4;4
kreis;1;mathedelta;7;4;4
kreis;1;mathematik23;7;3;3
kreis;1;schnittpunkt;8;2;2
kreis;1;sekundo;8;2;2
kreis;2;elemente;8;5;5
kreis;2;fundamente17;8;6;6
kreis;2;fundamente24;8;4;4
kreis;2;mathedelta;7;2;2
kreis;2;mathematik23;7;2;2
kreis;2;schnittpunkt;8;2;2
kreis;2;sekundo;8;2;2
kreis;3;elemente;8;3;3
kreis;3;fundamente17;8;2;2
kreis;3;fundamente24;8;4;4
kreis;3;mathedelta;9;6;6
kreis;3;mathematik23;7;2;2
kreis;3;mheute;8;2;2
kreis;3;schnittpunkt;9;2;2
kreis;3;sekundo;9;2;2
lineare-funktionen;;elemente;10;2;6
lineare-funktionen;;elemente;8;11;14
lineare-funktionen;;fundamente17;10;4;38
lineare-funktionen;;fundamente17;8;3;11
lineare-funktionen;;fundamente17;9;8;28
lineare-funktionen;;fundamente24;10;5;9
lineare-funktionen;;fundamente24;8;8;16
lineare-funktionen;;fundamente24;9;8;19
lineare-funktionen;;mathedelta;10;2;11
lineare-funktionen;;mathedelta;8;2;16
lineare-funktionen;;mathedelta;9;4;4
lineare-funktionen;;mathematik23;10;4;6
lineare-funktionen;;mathematik23;8;9;15
lineare-funktionen;;mathematik23;9;5;5
lineare-funktionen;;mheute;10;33;51
lineare-funktionen;;mheute;8;9;15
lineare-funktionen;;mheute;9;2;14
lineare-funktionen;;schnittpunkt;10;1;1
lineare-funktionen;;schnittpunkt;7;0;3
lineare-funktionen;;schnittpunkt;8;12;24
lineare-funktionen;;sekundo;10;3;3
lineare-funktionen;;sekundo;8;5;12
lineare-funktionen;;sekundo;9;3;8
lineare-funktionen;1;fundamente17;8;7;7
lineare-funktionen;1;fundamente24;8;5;5
lineare-funktionen;1;schnittpunkt;8;4;4
lineare-funktionen;2;elemente;10;2;2
lineare-funktionen;2;elemente;8;13;13
lineare-funktionen;2;fundamente17;8;12;12
lineare-funktionen;2;fundamente24;10;5;5
lineare-funktionen;2;fundamente24;8;10;10
lineare-funktionen;2;mathedelta;8;2;2
lineare-funktionen;2;mathematik23;8;8;8
lineare-funktionen;2;mathematik23;9;3;3
lineare-funktionen;2;mheute;8;10;10
lineare-funktionen;2;mheute;9;10;10
lineare-funktionen;2;schnittpunkt;8;4;4
lineare-funktionen;2;sekundo;10;1;1
lineare-funktionen;2;sekundo;8;4;4
lineare-funktionen;2;sekundo;9;2;2
lineare-funktionen;3;elemente;8;3;3
lineare-funktionen;3;fundamente17;10;8;8
lineare-funktionen;3;fundamente17;8;4;4
lineare-funktionen;3;fundamente24;10;5;5
lineare-funktionen;3;fundamente24;8;3;3
lineare-funktionen;3;mathematik23;8;1;1
lineare-funktionen;3;mheute;8;3;3
lineare-funktionen;3;mheute;9;3;3
lineare-funktionen;3;schnittpunkt;10;2;2
lineare-funktionen;3;schnittpunkt;7;2;2
lineare-funktionen;3;sekundo;8;1;1
lineare-funktionen;3;sekundo;9;1;1
lineare-funktionen;4;elemente;10;3;3
lineare-funktionen;4;elemente;8;2;2
lineare-funktionen;4;fundamente17;8;2;2
lineare-funktionen;4;fundamente24;8;3;3
lineare-funktionen;4;mathedelta;8;8;8
lineare-funktionen;4;mheute;8;2;2
lineare-funktionen;4;mheute;9;2;2
lineare-funktionen;4;schnittpunkt;8;2;2
lineare-funktionen;4;sekundo;8;3;3
lineare-funktionen;5;fundamente24;8;3;3
lineare-funktionen;5;mheute;10;2;2
lineare-funktionen;5;mheute;9;2;2
lineare-funktionen;5;schnittpunkt;10;1;1
lineare-gleichungen;;elemente;7;14;23
lineare-gleichungen;;elemente;8;18;19
lineare-gleichungen;;elemente;9;6;6
lineare-gleichungen;;fundamente17;7;10;18
lineare-gleichungen;;fundamente17;9;4;4
lineare-gleichungen;;fundamente24;7;13;22
lineare-gleichungen;;mathedelta;7;4;12
lineare-gleichungen;;mathedelta;8;10;22
lineare-gleichungen;;mathedelta;9;2;10
lineare-gleichungen;;mathematik23;8;5;16
lineare-gleichungen;;mheute;7;8;18
lineare-gleichungen;;mheute;8;9;17
lineare-gleichungen;;mheute;9;7;13
lineare-gleichungen;;schnittpunkt;7;4;12
lineare-gleichungen;;schnittpunkt;8;4;12
lineare-gleichungen;;schnittpunkt;9;0;6
lineare-gleichungen;;sekundo;10;2;2
lineare-gleichungen;;sekundo;7;12;20
lineare-gleichungen;;sekundo;8;0;5
lineare-gleichungen;;sekundo;9;2;2
lineare-gleichungen;1;mathematik23;8;2;2
lineare-gleichungen;1;schnittpunkt;7;3;3
lineare-gleichungen;2;elemente;7;7;7
lineare-gleichungen;2;elemente;8;2;2
lineare-gleichungen;2;fundamente17;7;7;7
lineare-gleichungen;2;fundamente24;7;4;4
lineare-gleichungen;2;mathedelta;7;8;8
lineare-gleichungen;2;mathedelta;8;4;4
lineare-gleichungen;2;mathematik23;8;1;1
lineare-gleichungen;2;mheute;8;7;7
lineare-gleichungen;2;schnittpunkt;7;4;4
lineare-gleichungen;2;schnittpunkt;8;4;4
lineare-gleichungen;2;sekundo;10;1;1
lineare-gleichungen;2;sekundo;7;1;1
lineare-gleichungen;2;sekundo;8;3;3
lineare-gleichungen;3;elemente;8;3;3
lineare-gleichungen;3;mathematik23;8;5;5
lineare-gleichungen;3;schnittpunkt;7;3;3
lineare-gleichungen;3;schnittpunkt;8;3;3
lineare-gleichungen;3;schnittpunkt;9;2;2
lineare-gleichungen;3;sekundo;7;1;1
lineare-gleichungen;3;sekundo;8;1;1
lineare-gleichungen;4;mheute;7;3;3
lineare-gleichungen;4;mheute;8;2;2
lineare-gleichungen;4;mheute;9;2;2
lineare-gleichungen;4;sekundo;7;1;1
lineare-gleichungen;4;sekundo;8;1;1
lineare-gleichungssysteme;;elemente;8;2;7
lineare-gleichungssysteme;;fundamente17;8;3;11
lineare-gleichungssysteme;;fundamente24;8;2;10
lineare-gleichungssysteme;;mathematik23;9;2;11
lineare-gleichungssysteme;;schnittpunkt;9;2;11
lineare-gleichungssysteme;;sekundo;9;3;9
lineare-gleichungssysteme;1;elemente;8;13;13
lineare-gleichungssysteme;1;fundamente17;8;10;10
lineare-gleichungssysteme;1;fundamente24;8;13;13
lineare-gleichungssysteme;1;mathematik23;9;3;3
lineare-gleichungssysteme;1;mheute;9;18;18
lineare-gleichungssysteme;1;schnittpunkt;9;5;5
lineare-gleichungssysteme;1;sekundo;10;1;1
lineare-gleichungssysteme;1;sekundo;9;4;4
lineare-gleichungssysteme;2;elemente;8;3;3
lineare-gleichungssysteme;2;fundamente17;8;4;4
lineare-gleichungssysteme;2;fundamente24;8;4;4
lineare-gleichungssysteme;2;mathematik23;9;3;3
lineare-gleichungssysteme;2;schnittpunkt;9;5;5
lineare-gleichungssysteme;2;sekundo;9;3;3
lineare-gleichungssysteme;3;elemente;8;3;3
lineare-gleichungssysteme;3;fundamente17;8;3;3
lineare-gleichungssysteme;3;fundamente24;8;3;3
lineare-gleichungssysteme;3;mathematik23;9;1;1
lineare-gleichungssysteme;3;schnittpunkt;9;2;2
lineare-gleichungssysteme;3;sekundo;9;1;1
lineare-gleichungssysteme;5;mathematik23;9;1;1
potenz-exponentialfunktionen;;elemente;10;0;5
potenz-exponentialfunktionen;;fundamente17;10;0;10
potenz-exponentialfunktionen;;fundamente17;9;0;2
potenz-exponentialfunktionen;;fundamente24;10;5;20
potenz-exponentialfunktionen;;fundamente24;9;0;6
potenz-exponentialfunktionen;;mathedelta;10;8;34
potenz-exponentialfunktionen;;mathedelta;9;0;4
potenz-exponentialfunktionen;;mathematik23;10;11;32
potenz-exponentialfunktionen;;mheute;10;6;14
potenz-exponentialfunktionen;;schnittpunkt;10;2;10
potenz-exponentialfunktionen;1;elemente;10;4;4
potenz-exponentialfunktionen;1;mathematik23;10;2;2
potenz-exponentialfunktionen;1;mheute;10;10;10
potenz-exponentialfunktionen;3;elemente;10;39;39
potenz-exponentialfunktionen;3;fundamente17;10;24;24
potenz-exponentialfunktionen;3;fundamente24;10;21;21
potenz-exponentialfunktionen;3;mathedelta;10;22;22
potenz-exponentialfunktionen;3;mathematik23;10;20;20
potenz-exponentialfunktionen;3;mheute;10;6;6
potenz-exponentialfunktionen;3;schnittpunkt;10;11;11
potenz-exponentialfunktionen;4;schnittpunkt;10;2;2
potenz-exponentialfunktionen;5;elemente;9;15;15
potenz-exponentialfunktionen;5;fundamente17;9;8;8
potenz-exponentialfunktionen;5;fundamente24;10;16;16
potenz-exponentialfunktionen;5;fundamente24;9;15;15
potenz-exponentialfunktionen;5;mathedelta;9;12;12
potenz-exponentialfunktionen;5;mathematik23;10;2;2
potenz-exponentialfunktionen;5;schnittpunkt;10;5;5
potenzen-wurzeln;;elemente;8;0;1
potenzen-wurzeln;;elemente;9;2;12
potenzen-wurzeln;;fundamente17;8;0;8
potenzen-wurzeln;;fundamente24;8;0;2
potenzen-wurzeln;;fundamente24;9;0;6
potenzen-wurzeln;;mathedelta;9;0;11
potenzen-wurzeln;;mathematik23;10;5;7
potenzen-wurzeln;;mathematik23;9;0;6
potenzen-wurzeln;;mheute;8;0;2
potenzen-wurzeln;;schnittpunkt;10;0;5
potenzen-wurzeln;;schnittpunkt;9;0;8
potenzen-wurzeln;;sekundo;10;1;9
potenzen-wurzeln;;sekundo;7;0;8
potenzen-wurzeln;;sekundo;9;0;2
potenzen-wurzeln;1;elemente;9;16;16
potenzen-wurzeln;1;fundamente17;8;3;3
potenzen-wurzeln;1;fundamente17;9;2;2
potenzen-wurzeln;1;fundamente24;10;2;2
potenzen-wurzeln;1;fundamente24;8;3;3
potenzen-wurzeln;1;fundamente24;9;5;5
potenzen-wurzeln;1;mathedelta;9;4;4
potenzen-wurzeln;1;mathematik23;10;2;2
potenzen-wurzeln;1;mathematik23;7;3;3
potenzen-wurzeln;1;mheute;7;1;1
potenzen-wurzeln;1;mheute;9;9;9
potenzen-wurzeln;1;schnittpunkt;10;6;6
potenzen-wurzeln;1;schnittpunkt;9;2;2
potenzen-wurzeln;1;sekundo;10;5;5
potenzen-wurzeln;1;sekundo;7;1;1
potenzen-wurzeln;1;sekundo;9;1;1
potenzen-wurzeln;2;fundamente17;8;4;4
potenzen-wurzeln;2;fundamente24;8;3;3
potenzen-wurzeln;2;mathedelta;9;2;2
potenzen-wurzeln;2;mathematik23;10;2;2
potenzen-wurzeln;2;schnittpunkt;9;2;2
potenzen-wurzeln;2;sekundo;9;2;2
potenzen-wurzeln;3;elemente;8;3;3
potenzen-wurzeln;3;elemente;9;12;12
potenzen-wurzeln;3;fundamente17;8;5;5
potenzen-wurzeln;3;fundamente17;9;4;4
potenzen-wurzeln;3;fundamente24;8;3;3
potenzen-wurzeln;3;fundamente24;9;6;6
potenzen-wurzeln;3;mathedelta;9;6;6
potenzen-wurzeln;3;mathematik23;10;1;1
potenzen-wurzeln;3;mathematik23;7;2;2
potenzen-wurzeln;3;mathematik23;9;5;5
potenzen-wurzeln;3;mheute;8;10;10
potenzen-wurzeln;3;schnittpunkt;10;1;1
potenzen-wurzeln;3;schnittpunkt;9;8;8
potenzen-wurzeln;3;sekundo;10;1;1
potenzen-wurzeln;3;sekundo;7;1;1
potenzen-wurzeln;3;sekundo;9;3;3
prozentrechnung;;elemente;7;2;9
prozentrechnung;;fundamente17;7;2;4
prozentrechnung;;fundamente24;7;2;4
prozentrechnung;;mathedelta;7;8;10
prozentrechnung;;mathematik23;7;11;22
prozentrechnung;;mathematik23;9;2;2
prozentrechnung;;mheute;7;0;6
prozentrechnung;;mheute;8;2;10
prozentrechnung;;schnittpunkt;7;7;11
prozentrechnung;;schnittpunkt;8;3;6
prozentrechnung;;sekundo;10;2;2
prozentrechnung;;sekundo;7;3;7
prozentrechnung;;sekundo;8;4;8
prozentrechnung;;sekundo;9;4;5
prozentrechnung;1;fundamente17;7;6;6
prozentrechnung;1;fundamente24;7;6;6
prozentrechnung;1;mathedelta;7;10;10
prozentrechnung;1;mathematik23;7;2;2
prozentrechnung;1;mheute;8;2;2
prozentrechnung;1;schnittpunkt;7;2;2
prozentrechnung;1;sekundo;7;1;1
prozentrechnung;1;sekundo;8;1;1
prozentrechnung;2;elemente;7;3;3
prozentrechnung;2;fundamente17;7;2;2
prozentrechnung;2;fundamente24;7;2;2
prozentrechnung;2;mathematik23;7;1;1
prozentrechnung;2;schnittpunkt;7;2;2
prozentrechnung;2;sekundo;7;1;1
prozentrechnung;2;sekundo;8;1;1
prozentrechnung;3;fundamente17;7;2;2
prozentrechnung;3;fundamente24;7;2;2
prozentrechnung;3;mathematik23;7;1;1
prozentrechnung;3;schnittpunkt;7;2;2
prozentrechnung;3;sekundo;7;2;2
prozentrechnung;3;sekundo;8;1;1
prozentrechnung;4;elemente;7;3;3
prozentrechnung;4;fundamente17;7;2;2
prozentrechnung;4;fundamente24;7;2;2
prozentrechnung;4;mathematik23;7;1;1
prozentrechnung;4;schnittpunkt;7;2;2
prozentrechnung;4;sekundo;7;1;1
prozentrechnung;4;sekundo;8;1;1
prozentrechnung;5;elemente;7;6;6
prozentrechnung;5;fundamente17;7;2;2
prozentrechnung;5;fundamente24;7;5;5
prozentrechnung;5;mathematik23;7;5;5
prozentrechnung;5;mheute;7;5;5
prozentrechnung;5;mheute;8;9;9
prozentrechnung;5;schnittpunkt;8;3;3
prozentrechnung;5;sekundo;8;3;3
pyramide-kegel-kugel;;elemente;10;6;11
pyramide-kegel-kugel;;fundamente17;8;0;22
pyramide-kegel-kugel;;fundamente17;9;0;2
pyramide-kegel-kugel;;fundamente24;9;0;2
pyramide-kegel-kugel;;mathematik23;8;0;7
pyramide-kegel-kugel;;mheute;10;0;4
pyramide-kegel-kugel;;mheute;9;0;2
pyramide-kegel-kugel;;schnittpunkt;9;0;1
pyramide-kegel-kugel;;sekundo;10;0;5
pyramide-kegel-kugel;;sekundo;9;1;4
pyramide-kegel-kugel;1;elemente;10;9;9
pyramide-kegel-kugel;1;fundamente17;8;5;5
pyramide-kegel-kugel;1;fundamente17;9;10;10
pyramide-kegel-kugel;1;fundamente24;8;8;8
pyramide-kegel-kugel;1;fundamente24;9;8;8
pyramide-kegel-kugel;1;mathematik23;8;6;6
pyramide-kegel-kugel;1;mathematik23;9;6;6
pyramide-kegel-kugel;1;mheute;9;9;9
pyramide-kegel-kugel;1;schnittpunkt;9;5;5
pyramide-kegel-kugel;1;sekundo;10;8;8
pyramide-kegel-kugel;1;sekundo;9;5;5
pyramide-kegel-kugel;2;elemente;10;7;7
pyramide-kegel-kugel;2;fundamente17;9;7;7
pyramide-kegel-kugel;2;fundamente24;9;6;6
pyramide-kegel-kugel;2;mathematik23;8;2;2
pyramide-kegel-kugel;2;mathematik23;9;2;2
pyramide-kegel-kugel;2;mheute;10;7;7
pyramide-kegel-kugel;2;schnittpunkt;9;4;4
pyramide-kegel-kugel;2;sekundo;10;1;1
pyramide-kegel-kugel;2;sekundo;9;2;2
pyramide-kegel-kugel;3;elemente;10;6;6
pyramide-kegel-kugel;3;fundamente17;9;7;7
pyramide-kegel-kugel;3;fundamente24;9;6;6
pyramide-kegel-kugel;3;mathedelta;9;4;4
pyramide-kegel-kugel;3;mathematik23;8;2;2
pyramide-kegel-kugel;3;mathematik23;9;2;2
pyramide-kegel-kugel;3;mheute;10;6;6
pyramide-kegel-kugel;3;schnittpunkt;9;4;4
pyramide-kegel-kugel;3;sekundo;10;3;3
pythagoras;;elemente;8;0;3
pythagoras;;fundamente17;9;0;8
pythagoras;;fundamente24;8;0;2
pythagoras;;mathematik23;8;2;8
pythagoras;;mheute;8;0;7
pythagoras;;schnittpunkt;9;3;12
pythagoras;;sekundo;9;0;7
pythagoras;1;elemente;8;5;5
pythagoras;1;fundamente17;8;3;3
pythagoras;1;fundamente17;9;4;4
pythagoras;1;fundamente24;8;11;11
pythagoras;1;mathematik23;8;11;11
pythagoras;1;mheute;8;4;4
pythagoras;1;schnittpunkt;8;2;2
pythagoras;1;schnittpunkt;9;5;5
pythagoras;1;sekundo;10;1;1
pythagoras;1;sekundo;9;5;5
pythagoras;2;elemente;8;2;2
pythagoras;2;fundamente17;9;10;10
pythagoras;2;fundamente24;8;5;5
pythagoras;2;mathematik23;8;2;2
pythagoras;2;mheute;8;2;2
pythagoras;2;schnittpunkt;9;5;5
pythagoras;2;sekundo;9;2;2
pythagoras;3;mheute;8;5;5
pythagoras;3;schnittpunkt;9;4;4
pythagoras;3;sekundo;10;1;1
pythagoras;3;sekundo;9;2;2
quadratische-funktionen;;elemente;9;13;24
quadratische-funktionen;;fundamente17;9;11;20
quadratische-funktionen;;fundamente24;9;3;5
quadratische-funktionen;;mathedelta;9;0;18
quadratische-funktionen;;mathematik23;9;2;11
quadratische-funktionen;;mheute;10;0;24
quadratische-funktionen;;mheute;9;0;7
quadratische-funktionen;;schnittpunkt;10;0;6
quadratische-funktionen;;schnittpunkt;9;8;17
quadratische-funktionen;;sekundo;10;1;2
quadratische-funktionen;1;elemente;9;24;24
quadratische-funktionen;1;fundamente17;9;11;11
quadratische-funktionen;1;fundamente24;9;15;15
quadratische-funktionen;1;mathedelta;9;12;12
quadratische-funktionen;1;mathematik23;9;9;9
quadratische-funktionen;1;mheute;10;20;20
quadratische-funktionen;1;mheute;9;20;20
quadratische-funktionen;1;schnittpunkt;10;8;8
quadratische-funktionen;1;schnittpunkt;9;7;7
quadratische-funktionen;1;sekundo;10;4;4
quadratische-funktionen;2;elemente;9;17;17
quadratische-funktionen;2;fundamente17;9;11;11
quadratische-funktionen;2;fundamente24;9;14;14
quadratische-funktionen;2;mathedelta;9;8;8
quadratische-funktionen;2;schnittpunkt;10;3;3
quadratische-funktionen;2;schnittpunkt;9;3;3
quadratische-funktionen;2;sekundo;10;3;3
quadratische-funktionen;3;fundamente24;9;0;0
quadratische-funktionen;4;elemente;9;3;3
quadratische-gleichungen;;fundamente24;8;0;5
quadratische-gleichungen;;mathedelta;9;0;4
quadratische-gleichungen;;mathematik23;9;0;2
quadratische-gleichungen;;schnittpunkt;10;6;13
quadratische-gleichungen;;sekundo;10;0;8
quadratische-gleichungen;1;elemente;9;2;2
quadratische-gleichungen;1;fundamente24;8;2;2
quadratische-gleichungen;1;fundamente24;9;4;4
quadratische-gleichungen;1;mathedelta;9;14;14
quadratische-gleichungen;1;mathematik23;9;3;3
quadratische-gleichungen;1;mheute;10;0;0
quadratische-gleichungen;1;mheute;9;12;12
quadratische-gleichungen;1;schnittpunkt;10;3;3
quadratische-gleichungen;1;sekundo;10;1;1
quadratische-gleichungen;2;fundamente17;9;6;6
quadratische-gleichungen;2;fundamente24;9;5;5
quadratische-gleichungen;2;mathedelta;9;6;6
quadratische-gleichungen;2;schnittpunkt;10;3;3
quadratische-gleichungen;2;sekundo;10;1;1
quadratische-gleichungen;3;schnittpunkt;10;1;1
quadratische-gleichungen;3;sekundo;10;1;1
quadratische-gleichungen;4;mheute;10;2;2
rationale-zahlen;;elemente;7;13;16
rationale-zahlen;;fundamente17;7;0;7
rationale-zahlen;;fundamente24;7;0;3
rationale-zahlen;;mathedelta;7;0;15
rationale-zahlen;;mathematik23;7;6;6
rationale-zahlen;;mheute;7;0;25
rationale-zahlen;;schnittpunkt;7;0;10
rationale-zahlen;;schnittpunkt;9;0;1
rationale-zahlen;;sekundo;7;1;6
rationale-zahlen;1;elemente;7;18;18
rationale-zahlen;1;fundamente17;7;8;8
rationale-zahlen;1;fundamente24;7;6;6
rationale-zahlen;1;mathedelta;7;12;12
rationale-zahlen;1;mathematik23;7;4;4
rationale-zahlen;1;mheute;7;8;8
rationale-zahlen;1;schnittpunkt;7;10;10
rationale-zahlen;1;sekundo;7;6;6
rationale-zahlen;2;elemente;7;3;3
rationale-zahlen;2;elemente;8;8;8
rationale-zahlen;2;fundamente17;7;9;9
rationale-zahlen;2;fundamente24;7;9;9
rationale-zahlen;2;mathedelta;7;2;2
rationale-zahlen;2;mathematik23;7;5;5
rationale-zahlen;2;mheute;7;6;6
rationale-zahlen;2;schnittpunkt;7;8;8
rationale-zahlen;2;sekundo;7;1;1
rationale-zahlen;3;elemente;7;9;9
rationale-zahlen;3;elemente;8;5;5
rationale-zahlen;3;elemente;9;8;8
rationale-zahlen;3;fundamente17;7;7;7
rationale-zahlen;3;fundamente24;7;6;6
rationale-zahlen;3;fundamente24;8;2;2
rationale-zahlen;3;mathedelta;7;10;10
rationale-zahlen;3;mathematik23;7;2;2
rationale-zahlen;3;mheute;7;17;17
rationale-zahlen;3;schnittpunkt;7;7;7
rationale-zahlen;3;schnittpunkt;9;1;1
rationale-zahlen;3;sekundo;7;3;3
rationale-zahlen;3;sekundo;9;2;2
reelle-zahlen;;elemente;7;0;3
reelle-zahlen;;elemente;9;2;4
reelle-zahlen;;fundamente17;9;0;14
reelle-zahlen;;fundamente24;9;0;4
reelle-zahlen;;mathedelta;9;0;19
reelle-zahlen;;mathematik23;7;0;10
reelle-zahlen;;mheute;7;0;5
reelle-zahlen;;mheute;9;0;6
reelle-zahlen;;schnittpunkt;10;0;5
reelle-zahlen;;sekundo;10;0;1
reelle-zahlen;;sekundo;9;0;5
reelle-zahlen;1;elemente;10;2;2
reelle-zahlen;1;elemente;7;1;1
reelle-zahlen;1;elemente;9;14;14
reelle-zahlen;1;fundamente17;9;9;9
reelle-zahlen;1;fundamente24;9;9;9
reelle-zahlen;1;mathedelta;9;10;10
reelle-zahlen;1;mathematik23;7;1;1
reelle-zahlen;1;mathematik23;9;6;6
reelle-zahlen;1;mheute;7;1;1
reelle-zahlen;1;mheute;9;5;5
reelle-zahlen;1;schnittpunkt;10;2;2
reelle-zahlen;1;schnittpunkt;9;6;6
reelle-zahlen;1;sekundo;10;1;1
reelle-zahlen;1;sekundo;7;1;1
reelle-zahlen;1;sekundo;9;2;2
reelle-zahlen;2;elemente;9;0;0
reelle-zahlen;2;fundamente17;9;6;6
reelle-zahlen;2;fundamente24;9;4;4
reelle-zahlen;2;mathedelta;9;4;4
reelle-zahlen;2;mathematik23;10;2;2
reelle-zahlen;2;mheute;9;6;6
reelle-zahlen;2;sekundo;10;1;1
reelle-zahlen;3;elemente;9;15;15
reelle-zahlen;3;fundamente17;9;13;13
reelle-zahlen;3;fundamente24;9;9;9
reelle-zahlen;3;mathedelta;9;2;2
reelle-zahlen;3;mathematik23;10;1;1
reelle-zahlen;3;schnittpunkt;10;2;2
reelle-zahlen;3;schnittpunkt;9;2;2
reelle-zahlen;3;sekundo;10;2;2
reelle-zahlen;3;sekundo;9;1;1
strahlensaetze;;elemente;8;3;7
strahlensaetze;;fundamente17;7;0;6
strahlensaetze;;fundamente24;7;0;5
strahlensaetze;;fundamente24;8;0;7
strahlensaetze;;mathedelta;8;2;12
strahlensaetze;;mathematik23;9;2;12
strahlensaetze;;mheute;8;0;8
strahlensaetze;;schnittpunkt;9;0;3
strahlensaetze;;sekundo;7;0;1
strahlensaetze;;sekundo;9;3;7
strahlensaetze;1;mathedelta;8;4;4
strahlensaetze;1;mathematik23;7;1;1
strahlensaetze;1;mathematik23;9;6;6
strahlensaetze;1;mheute;8;4;4
strahlensaetze;1;schnittpunkt;9;2;2
strahlensaetze;1;sekundo;7;2;2
strahlensaetze;1;sekundo;9;3;3
strahlensaetze;2;elemente;8;19;19
strahlensaetze;2;fundamente17;7;6;6
strahlensaetze;2;fundamente24;7;6;6
strahlensaetze;2;fundamente24;8;6;6
strahlensaetze;2;mathedelta;8;8;8
strahlensaetze;2;mathematik23;9;7;7
strahlensaetze;2;mheute;8;16;16
strahlensaetze;2;schnittpunkt;9;6;6
strahlensaetze;2;sekundo;10;1;1
strahlensaetze;2;sekundo;9;4;4
strahlensaetze;3;fundamente24;8;4;4
strahlensaetze;3;mathematik23;9;2;2
strahlensaetze;3;schnittpunkt;9;3;3
strahlensaetze;3;sekundo;9;2;2
symmetrie-abbildungen;;fundamente24;10;0;16
symmetrie-abbildungen;;schnittpunkt;8;0;9
symmetrie-abbildungen;1;elemente;7;2;2
symmetrie-abbildungen;1;fundamente17;7;3;3
symmetrie-abbildungen;1;fundamente24;7;2;2
symmetrie-abbildungen;1;mathematik23;7;1;1
symmetrie-abbildungen;1;mathematik23;8;1;1
symmetrie-abbildungen;1;mheute;7;3;3
symmetrie-abbildungen;1;schnittpunkt;7;1;1
symmetrie-abbildungen;1;sekundo;7;1;1
symmetrie-abbildungen;2;mheute;7;2;2
symmetrie-abbildungen;2;schnittpunkt;8;3;3
symmetrie-abbildungen;2;sekundo;8;1;1
symmetrie-abbildungen;3;fundamente24;10;4;4
symmetrie-abbildungen;3;schnittpunkt;8;4;4
symmetrie-abbildungen;3;sekundo;8;2;2
terme;;elemente;8;5;14
terme;;elemente;9;4;4
terme;;fundamente17;7;6;8
terme;;fundamente17;8;7;9
terme;;fundamente24;7;7;14
terme;;fundamente24;8;5;11
terme;;mathedelta;7;4;8
terme;;mathedelta;8;0;4
terme;;mathematik23;8;3;3
terme;;schnittpunkt;7;3;12
terme;;schnittpunkt;8;0;3
terme;;sekundo;10;1;1
terme;;sekundo;7;3;5
terme;;sekundo;8;0;1
terme;1;fundamente24;8;3;3
terme;1;mathematik23;8;2;2
terme;1;schnittpunkt;7;3;3
terme;1;sekundo;7;1;1
terme;2;mathedelta;7;2;2
terme;2;schnittpunkt;7;3;3
terme;2;sekundo;8;2;2
terme;3;elemente;8;9;9
terme;3;fundamente17;8;7;7
terme;3;fundamente24;8;6;6
terme;3;mathedelta;7;2;2
terme;3;mathematik23;8;2;2
terme;3;mheute;8;6;6
terme;3;schnittpunkt;7;4;4
terme;3;sekundo;7;2;2
terme;4;elemente;8;3;3
terme;4;fundamente17;8;2;2
terme;4;fundamente24;7;3;3
terme;4;fundamente24;8;2;2
terme;4;schnittpunkt;8;3;3
terme;4;sekundo;8;1;1
terme;5;elemente;7;2;2
terme;5;mheute;7;0;0
terme;5;mheute;8;2;2
terme;6;elemente;8;7;7
terme;6;fundamente17;8;3;3
terme;6;fundamente24;8;3;3
terme;6;mathedelta;8;2;2
trigonometrie;;elemente;9;0;2
trigonometrie;;fundamente17;10;0;10
trigonometrie;;fundamente24;9;5;13
trigonometrie;;mathedelta;10;0;4
trigonometrie;;mathedelta;9;0;4
trigonometrie;;mathematik23;10;4;13
trigonometrie;;schnittpunkt;10;0;3
trigonometrie;;sekundo;10;0;3
trigonometrie;1;elemente;9;8;8
trigonometrie;1;fundamente17;10;11;11
trigonometrie;1;fundamente24;9;15;15
trigonometrie;1;mathedelta;10;2;2
trigonometrie;1;mathedelta;9;6;6
trigonometrie;1;mheute;10;12;12
trigonometrie;1;schnittpunkt;10;5;5
trigonometrie;2;mathematik23;10;9;9
trigonometrie;2;sekundo;10;2;2
trigonometrie;3;fundamente24;9;3;3
trigonometrie;3;sekundo;10;4;4
trigonometrie;4;elemente;9;10;10
trigonometrie;4;fundamente17;10;13;13
trigonometrie;4;fundamente24;9;9;9
trigonometrie;4;mathedelta;9;6;6
trigonometrie;4;mathematik23;10;3;3
trigonometrie;4;mheute;10;10;10
trigonometrie;4;schnittpunkt;10;3;3
trigonometrie;4;sekundo;10;3;3
trigonometrische-funktionen;;elemente;10;2;11
trigonometrische-funktionen;;fundamente17;10;0;16
trigonometrische-funktionen;;fundamente24;10;0;11
trigonometrische-funktionen;;mathedelta;10;0;14
trigonometrische-funktionen;;mathematik23;10;2;10
trigonometrische-funktionen;;schnittpunkt;10;0;7
trigonometrische-funktionen;;sekundo;10;0;1
trigonometrische-funktionen;1;elemente;10;6;6
trigonometrische-funktionen;1;fundamente17;10;5;5
trigonometrische-funktionen;1;fundamente24;10;5;5
trigonometrische-funktionen;1;mathedelta;10;6;6
trigonometrische-funktionen;1;mathematik23;10;4;4
trigonometrische-funktionen;1;mheute;10;3;3
trigonometrische-funktionen;1;schnittpunkt;10;1;1
trigonometrische-funktionen;1;sekundo;10;2;2
trigonometrische-funktionen;2;elemente;10;10;10
trigonometrische-funktionen;2;fundamente17;10;5;5
trigonometrische-funktionen;2;fundamente24;10;10;10
trigonometrische-funktionen;2;mathedelta;10;4;4
trigonometrische-funktionen;2;mathematik23;10;5;5
trigonometrische-funktionen;2;mheute;10;6;6
trigonometrische-funktionen;2;schnittpunkt;10;3;3
trigonometrische-funktionen;3;elemente;10;9;9
trigonometrische-funktionen;3;fundamente17;10;7;7
trigonometrische-funktionen;3;fundamente24;10;5;5
trigonometrische-funktionen;3;mathedelta;10;4;4
trigonometrische-funktionen;4;elemente;10;8;8
trigonometrische-funktionen;4;fundamente17;10;6;6
trigonometrische-funktionen;4;fundamente24;10;3;3
trigonometrische-funktionen;4;mathedelta;10;2;2
trigonometrische-funktionen;4;sekundo;10;1;1
wahrscheinlichkeit;;elemente;10;0;9
wahrscheinlichkeit;;elemente;8;0;3
wahrscheinlichkeit;;fundamente17;10;0;8
wahrscheinlichkeit;;fundamente17;8;0;10
wahrscheinlichkeit;;fundamente24;10;0;22
wahrscheinlichkeit;;fundamente24;8;0;8
wahrscheinlichkeit;;mathedelta;10;0;12
wahrscheinlichkeit;;mathedelta;8;0;22
wahrscheinlichkeit;;mathematik23;10;4;11
wahrscheinlichkeit;;mathematik23;7;0;5
wahrscheinlichkeit;;mathematik23;8;2;6
wahrscheinlichkeit;;mheute;10;0;8
wahrscheinlichkeit;;mheute;8;0;7
wahrscheinlichkeit;;schnittpunkt;10;0;11
wahrscheinlichkeit;;schnittpunkt;7;0;8
wahrscheinlichkeit;;sekundo;10;0;4
wahrscheinlichkeit;;sekundo;7;0;3
wahrscheinlichkeit;;sekundo;8;0;2
wahrscheinlichkeit;;sekundo;9;12;16
wahrscheinlichkeit;1;mathedelta;10;4;4
wahrscheinlichkeit;1;mathematik23;10;1;1
wahrscheinlichkeit;1;mathematik23;7;3;3
wahrscheinlichkeit;1;mathematik23;8;3;3
wahrscheinlichkeit;1;mheute;8;3;3
wahrscheinlichkeit;1;sekundo;10;1;1
wahrscheinlichkeit;2;elemente;10;8;8
wahrscheinlichkeit;2;elemente;8;19;19
wahrscheinlichkeit;2;fundamente17;10;8;8
wahrscheinlichkeit;2;fundamente17;8;16;16
wahrscheinlichkeit;2;fundamente17;9;2;2
wahrscheinlichkeit;2;fundamente24;10;17;17
wahrscheinlichkeit;2;fundamente24;8;16;16
wahrscheinlichkeit;2;mathedelta;10;8;8
wahrscheinlichkeit;2;mathedelta;8;8;8
wahrscheinlichkeit;2;mathematik23;10;1;1
wahrscheinlichkeit;2;mathematik23;7;8;8
wahrscheinlichkeit;2;mathematik23;8;11;11
wahrscheinlichkeit;2;mheute;10;2;2
wahrscheinlichkeit;2;mheute;8;12;12
wahrscheinlichkeit;2;schnittpunkt;10;7;7
wahrscheinlichkeit;2;schnittpunkt;7;10;10
wahrscheinlichkeit;2;sekundo;10;1;1
wahrscheinlichkeit;2;sekundo;7;4;4
wahrscheinlichkeit;2;sekundo;8;6;6
wahrscheinlichkeit;2;sekundo;9;6;6
wahrscheinlichkeit;3;elemente;10;12;12
wahrscheinlichkeit;3;fundamente17;10;5;5
wahrscheinlichkeit;3;fundamente17;8;8;8
wahrscheinlichkeit;3;fundamente24;10;5;5
wahrscheinlichkeit;3;fundamente24;8;8;8
wahrscheinlichkeit;3;mathedelta;10;6;6
wahrscheinlichkeit;3;mathedelta;8;6;6
wahrscheinlichkeit;3;mathematik23;10;6;6
wahrscheinlichkeit;3;mheute;10;12;12
wahrscheinlichkeit;3;mheute;8;2;2
wahrscheinlichkeit;3;schnittpunkt;10;3;3
wahrscheinlichkeit;3;schnittpunkt;7;2;2
wahrscheinlichkeit;3;sekundo;8;1;1
wahrscheinlichkeit;3;sekundo;9;2;2
wahrscheinlichkeit;4;elemente;10;7;7
wahrscheinlichkeit;4;fundamente17;10;4;4
wahrscheinlichkeit;4;fundamente24;10;4;4
wahrscheinlichkeit;4;mathematik23;10;3;3
wahrscheinlichkeit;4;schnittpunkt;10;2;2
winkel-dreiecke;;elemente;10;2;2
winkel-dreiecke;;elemente;7;3;7
winkel-dreiecke;;elemente;9;7;7
winkel-dreiecke;;fundamente17;10;4;4
winkel-dreiecke;;fundamente17;7;4;12
winkel-dreiecke;;fundamente17;8;4;11
winkel-dreiecke;;fundamente24;7;4;13
winkel-dreiecke;;fundamente24;8;2;10
winkel-dreiecke;;mathedelta;7;0;6
winkel-dreiecke;;mathematik23;7;0;2
winkel-dreiecke;;mheute;7;6;21
winkel-dreiecke;;schnittpunkt;10;5;5
winkel-dreiecke;;schnittpunkt;7;0;18
winkel-dreiecke;;schnittpunkt;8;3;3
winkel-dreiecke;;sekundo;10;1;1
winkel-dreiecke;;sekundo;7;3;5
winkel-dreiecke;;sekundo;8;4;6
winkel-dreiecke;2;fundamente17;7;3;3
winkel-dreiecke;2;fundamente24;7;3;3
winkel-dreiecke;2;sekundo;8;1;1
winkel-dreiecke;3;elemente;7;1;1
winkel-dreiecke;3;fundamente17;7;2;2
winkel-dreiecke;3;fundamente24;7;6;6
winkel-dreiecke;3;mheute;7;4;4
winkel-dreiecke;3;schnittpunkt;7;15;15
winkel-dreiecke;3;sekundo;10;1;1
winkel-dreiecke;3;sekundo;7;2;2
winkel-dreiecke;3;sekundo;8;2;2
winkel-dreiecke;4;elemente;7;19;19
winkel-dreiecke;4;fundamente17;7;16;16
winkel-dreiecke;4;fundamente24;7;16;16
winkel-dreiecke;4;fundamente24;8;7;7
winkel-dreiecke;4;mathedelta;7;4;4
winkel-dreiecke;4;mathematik23;7;12;12
winkel-dreiecke;4;mheute;7;14;14
winkel-dreiecke;4;schnittpunkt;7;4;4
winkel-dreiecke;4;schnittpunkt;8;2;2
winkel-dreiecke;4;sekundo;7;7;7
winkel-dreiecke;4;sekundo;8;7;7
winkel-dreiecke;5;elemente;7;18;18
winkel-dreiecke;5;fundamente17;7;6;6
winkel-dreiecke;5;fundamente17;8;3;3
winkel-dreiecke;5;fundamente24;7;11;11
winkel-dreiecke;5;fundamente24;8;4;4
winkel-dreiecke;5;mathedelta;7;4;4
winkel-dreiecke;5;mheute;7;14;14
winkel-dreiecke;5;mheute;8;7;7
winkel-dreiecke;5;schnittpunkt;7;11;11
winkel-dreiecke;5;sekundo;7;3;3
winkel-dreiecke;5;sekundo;8;4;4
zinsrechnung;;elemente;7;0;4
zinsrechnung;;elemente;8;0;4
zinsrechnung;;fundamente17;7;0;8
zinsrechnung;;fundamente24;7;0;6
zinsrechnung;;mathedelta;7;0;8
zinsrechnung;;mathematik23;8;0;6
zinsrechnung;;mheute;8;0;5
zinsrechnung;;schnittpunkt;10;0;3
zinsrechnung;;schnittpunkt;7;0;1
zinsrechnung;;schnittpunkt;8;0;6
zinsrechnung;;sekundo;9;0;5
zinsrechnung;1;elemente;7;4;4
zinsrechnung;1;elemente;8;1;1
zinsrechnung;1;fundamente17;7;4;4
zinsrechnung;1;fundamente24;7;3;3
zinsrechnung;1;mathedelta;7;2;2
zinsrechnung;1;mathematik23;8;10;10
zinsrechnung;1;mathematik23;9;2;2
zinsrechnung;1;mheute;8;6;6
zinsrechnung;1;schnittpunkt;10;3;3
zinsrechnung;1;schnittpunkt;7;1;1
zinsrechnung;1;schnittpunkt;8;8;8
zinsrechnung;1;schnittpunkt;9;1;1
zinsrechnung;1;sekundo;10;1;1
zinsrechnung;1;sekundo;8;4;4
zinsrechnung;1;sekundo;9;3;3
zinsrechnung;2;elemente;7;2;2
zinsrechnung;2;fundamente17;10;4;4
zinsrechnung;2;fundamente17;7;2;2
zinsrechnung;2;fundamente24;7;2;2
zinsrechnung;2;mathematik23;8;2;2
zinsrechnung;2;schnittpunkt;10;3;3
zinsrechnung;2;schnittpunkt;8;3;3
zinsrechnung;2;sekundo;8;1;1
zinsrechnung;2;sekundo;9;3;3
zuordnungen;;elemente;7;0;28
zuordnungen;;elemente;8;0;4
zuordnungen;;fundamente17;7;5;14
zuordnungen;;fundamente24;7;4;19
zuordnungen;;mathedelta;7;0;2
zuordnungen;;mathedelta;8;0;2
zuordnungen;;mathematik23;7;0;12
zuordnungen;;mathematik23;9;10;10
zuordnungen;;mheute;7;0;5
zuordnungen;;mheute;9;0;2
zuordnungen;;schnittpunkt;7;0;10
zuordnungen;;sekundo;7;3;13
zuordnungen;;sekundo;8;2;9
zuordnungen;1;fundamente17;7;3;3
zuordnungen;1;fundamente24;7;4;4
zuordnungen;1;mathedelta;7;2;2
zuordnungen;1;mathedelta;8;2;2
zuordnungen;1;mathematik23;7;6;6
zuordnungen;1;mheute;7;3;3
zuordnungen;1;mheute;8;2;2
zuordnungen;1;mheute;9;2;2
zuordnungen;1;schnittpunkt;7;6;6
zuordnungen;1;sekundo;7;1;1
zuordnungen;1;sekundo;8;1;1
zuordnungen;1;sekundo;9;2;2
zuordnungen;2;elemente;7;6;6
zuordnungen;2;elemente;8;2;2
zuordnungen;2;fundamente17;7;12;12
zuordnungen;2;fundamente24;7;11;11
zuordnungen;2;mathedelta;7;6;6
zuordnungen;2;mathematik23;7;8;8
zuordnungen;2;mheute;7;8;8
zuordnungen;2;schnittpunkt;7;9;9
zuordnungen;2;schnittpunkt;8;1;1
zuordnungen;2;sekundo;7;4;4
zuordnungen;2;sekundo;8;3;3
zuordnungen;2;sekundo;9;2;2
zuordnungen;3;elemente;7;5;5
zuordnungen;3;fundamente17;7;4;4
zuordnungen;3;fundamente24;7;7;7
zuordnungen;3;mathematik23;7;4;4
zuordnungen;3;mheute;7;10;10
zuordnungen;3;schnittpunkt;7;5;5
zuordnungen;3;sekundo;7;2;2
zuordnungen;3;sekundo;8;1;1
zuordnungen;4;elemente;7;2;2
zuordnungen;4;mathematik23;7;3;3
zuordnungen;4;mathematik23;9;2;2
zuordnungen;4;mheute;7;23;23
zuordnungen;4;sekundo;10;1;1
zuordnungen;4;sekundo;7;2;2
