gebiet;kapitel;abschnitt;stufe;ids;neben
Analysis;Kurvenuntersuchung;Nullstellen und Achsenschnittpunkte berechnen;Funktionswert oder Nullstelle durch Einsetzen;2026-bb-gk-B2.2g 2025-bebb-gk-A1.4a;
Analysis;Kurvenuntersuchung;Nullstellen und Achsenschnittpunkte berechnen;Nullstellen durch Ausklammern;2022-bebb-gk-A1.1a;
Analysis;Kurvenuntersuchung;Nullstellen und Achsenschnittpunkte berechnen;Nullstelle und y-Achsenschnittpunkt bei e-Funktion;2024-bebb-gk-B2.1a 2026-bb-gk-B2.2a;
Analysis;Kurvenuntersuchung;Nullstellen und Achsenschnittpunkte berechnen;Achsenschnittpunkte, dann weiter (Hochpunkt, Raute);2022-bebb-gk-B2.1a 2023-bebb-gk-B2.1b;
Analysis;Kurvenuntersuchung;Nullstellen und Achsenschnittpunkte berechnen;Anzahl der Nullstellen aus der faktorisierten Form;2023-bebb-gk-B2.2a;
Analysis;Kurvenuntersuchung;Nullstellen und Achsenschnittpunkte berechnen;Nullstellen über Symmetrie und Substitution;2024-bebb-gk-B2.2b;
Analysis;Kurvenuntersuchung;Extrempunkte berechnen;f'(x0) = 0 an vorgegebener Stelle nachweisen;2022-bebb-gk-B2.1j 2023-bebb-gk-B2.1c;
Analysis;Kurvenuntersuchung;Extrempunkte berechnen;Extremstellen aus f'(x) = 0;2023-bebb-gk-A1.3a;
Analysis;Kurvenuntersuchung;Extrempunkte berechnen;Hochpunkt aus gegebener Ableitung begründen;;2022-bebb-gk-B2.1a
Analysis;Kurvenuntersuchung;Extrempunkte berechnen;Lage und Art aller Extrempunkte (ganzrational);2022-bebb-gk-B2.2b 2023-bebb-gk-B2.2b 2024-bebb-gk-B2.2c;
Analysis;Kurvenuntersuchung;Extrempunkte berechnen;Extrempunkt bei Produkt mit e-Funktion;2025-bebb-gk-B2.2b 2024-bebb-gk-B2.1b;
Analysis;Kurvenuntersuchung;Extrempunkte berechnen;Extrempunkte und ihre Verbindungsgerade;2025-bebb-gk-B2.1b;
Analysis;Kurvenuntersuchung;Wendepunkte berechnen;Wendepunkt am Graphen ablesen und markieren;2022-bebb-gk-A1.2a 2022-bebb-gk-A1.2b;
Analysis;Kurvenuntersuchung;Wendepunkte berechnen;Wendepunkt über f''(x) = 0 (ganzrational);2023-bebb-gk-B2.2c 2026-bb-gk-B2.1c;
Analysis;Kurvenuntersuchung;Wendepunkte berechnen;Wendepunkt im Sachzusammenhang deuten;2022-bebb-gk-B2.1l;
Analysis;Kurvenuntersuchung;Wendepunkte berechnen;f'' mit Produktregel, Wendepunkt bei e-Funktion;2024-bebb-gk-B2.1c 2023-bebb-gk-B2.1f;
Analysis;Kurvenuntersuchung;Monotonie und Krümmung aus der Ableitung begründen;Monotonie aus bekanntem Extrempunkt;2023-bebb-gk-B2.1e;
Analysis;Kurvenuntersuchung;Monotonie und Krümmung aus der Ableitung begründen;Vorzeichen von f' am Term;2024-bebb-gk-A1.7a;
Analysis;Kurvenuntersuchung;Monotonie und Krümmung aus der Ableitung begründen;Vorzeichen von f' am Graphen von f';2026-bb-gk-A1.7a 2022-bebb-gk-B2.1c 2023-bebb-gk-B2.2f;
Analysis;Kurvenuntersuchung;Monotonie und Krümmung aus der Ableitung begründen;Aussagen nahe einem Extrempunkt beurteilen;2023-bebb-gk-B2.1d;
Analysis;Kurvenuntersuchung;Monotonie und Krümmung aus der Ableitung begründen;Lage eines Punktes aus Bedingungen an f und f';2026-bb-gk-B2.1h;
Analysis;Kurvenuntersuchung;Grenzverhalten angeben;ganzrationale Funktion;2022-bebb-gk-B2.2a 2026-bb-gk-B2.1a;
Analysis;Kurvenuntersuchung;Grenzverhalten angeben;Produkt mit e-Funktion;2023-bebb-gk-B2.1a 2025-bebb-gk-B2.2a 2022-bebb-gk-B2.1b;
Analysis;Kurvenuntersuchung;Symmetrie am Term begründen;über die Exponenten;2024-bebb-gk-A1.1a 2024-bebb-gk-B2.2a;
Analysis;Kurvenuntersuchung;Symmetrie am Term begründen;f(−x) = −f(x), dann Nullstellen;2025-bebb-gk-B2.1a;
Analysis;Kurvenuntersuchung;Graph verschieben, spiegeln, strecken;gespiegelten Term angeben;2023-bebb-gk-B2.1i 2024-bebb-gk-B2.1g;
Analysis;Kurvenuntersuchung;Graph verschieben, spiegeln, strecken;Abbildung zwischen zwei Graphen angeben;2026-bb-gk-B2.2f;
Analysis;Kurvenuntersuchung;Graph verschieben, spiegeln, strecken;Term nach Verschiebung ermitteln;2024-bebb-gk-A1.7b;
Analysis;Kurvenuntersuchung;Graph verschieben, spiegeln, strecken;Streckfaktor und Verschiebung durch Koeffizientenvergleich;2023-bebb-gk-B2.2j;
Analysis;Kurvenuntersuchung;Graph verschieben, spiegeln, strecken;Aussage über Verschiebung oder Streckung beurteilen;2024-bebb-gk-A1.4b 2026-bb-gk-A1.4b;
Analysis;Kurvenuntersuchung;Graph verschieben, spiegeln, strecken;Drehung um den Ursprung;2025-bebb-gk-B2.1c;
Analysis;Kurvenuntersuchung;Graph verschieben, spiegeln, strecken;Verschiebung einer Geraden aus dem Abstand (Steigungsdreieck);2026-bb-gk-B2.1e;
Analysis;Kurvenuntersuchung;Maße im Sachzusammenhang aus dem Graphen berechnen;Maße aus Extrempunkten ablesen;2026-bb-gk-A1.4a;
Analysis;Kurvenuntersuchung;Maße im Sachzusammenhang aus dem Graphen berechnen;Länge oder Weg aus Funktionswerten;2022-bebb-gk-B2.1k 2026-bb-gk-B2.1f;
Analysis;Kurvenuntersuchung;Maße im Sachzusammenhang aus dem Graphen berechnen;Durchmesser aus Funktionswert mit Maßstab;;2024-bebb-gk-B2.1g
Analysis;Kurvenuntersuchung;Maße im Sachzusammenhang aus dem Graphen berechnen;Quader um das Profil mit Maßstab;2023-bebb-gk-B2.1k 2024-bebb-gk-B2.1h;
Analysis;Kurvenuntersuchung;Maße im Sachzusammenhang aus dem Graphen berechnen;Länge eines Streckenzugs mit Kreisbögen;2026-bb-gk-B2.1i;
Analysis;Kurvenuntersuchung;Gleichungen und Ungleichungen zwischen Funktionen lösen;Schnittstelle nachweisen;2022-bebb-gk-B2.1d;
Analysis;Kurvenuntersuchung;Gleichungen und Ungleichungen zwischen Funktionen lösen;Ungleichung über die faktorisierte Differenz;2023-bebb-gk-B2.2g;
Analysis;Kurvenuntersuchung;Gleichungen und Ungleichungen zwischen Funktionen lösen;Gleichung aus Differenzenquotient und Ableitung;2025-bebb-gk-A1.7a;
Analysis;Kurvenuntersuchung;Gleichungen und Ungleichungen zwischen Funktionen lösen;Funktionalgleichung grafisch lösen;2025-bebb-gk-B2.2g;
Analysis;Kurvenuntersuchung;Gleichungen und Ungleichungen zwischen Funktionen lösen;Lösungsweg für eine Betragsungleichung beschreiben;2024-bebb-gk-B2.2h;
Analysis;Kurvenuntersuchung;Graph skizzieren und Verlauf beschreiben;Wert am Graphen ablesen;2023-bebb-gk-B2.2h;
Analysis;Kurvenuntersuchung;Graph skizzieren und Verlauf beschreiben;Verlauf im Sachzusammenhang beschreiben;2025-bebb-gk-B2.2e;
Analysis;Kurvenuntersuchung;Graph skizzieren und Verlauf beschreiben;Graph aus bekannten Punkten skizzieren und Aussage prüfen;2023-bebb-gk-B2.2e;
Analysis;Kurvenuntersuchung;Funktionsgleichung aus Bedingungen aufstellen;Gerade durch zwei Punkte;2022-bebb-gk-B2.2g;
Analysis;Kurvenuntersuchung;Funktionsgleichung aus Bedingungen aufstellen;Parameter aus knickfreiem Übergang;2022-bebb-gk-B2.2k;
Analysis;Kurvenuntersuchung;Funktionsgleichung aus Bedingungen aufstellen;ganzrationale Funktion dritten Grades;2023-bebb-gk-B2.2k;
Analysis;Kurvenuntersuchung;Extremalproblem: Zielfunktion aufstellen und maximieren;Rechteck unter dem Graphen;2022-bebb-gk-B2.1h;
Analysis;Kurvenuntersuchung;Extremalproblem: Zielfunktion aufstellen und maximieren;Abstand zweier Graphen;2024-bebb-gk-B2.2g;
Analysis;Ableitung + Tangente;Tangentengleichung aufstellen;Tangente in einem Punkt;2022-bebb-gk-A1.1b 2025-bebb-gk-A1.1a 2026-bb-gk-B2.2b;
Analysis;Ableitung + Tangente;Tangentengleichung aufstellen;Gerade als Tangente nachweisen;2026-bb-gk-B2.1d 2023-bebb-gk-A1.3b;
Analysis;Ableitung + Tangente;Tangentengleichung aufstellen;Tangente am gespiegelten Punkt;2023-bebb-gk-A1.1a;
Analysis;Ableitung + Tangente;Tangentengleichung aufstellen;parallele Tangente über f'(x) = m;2025-bebb-gk-A1.1b;
Analysis;Ableitung + Tangente;Tangentengleichung aufstellen;weiterer gemeinsamer Punkt von Tangente und Graph;2023-bebb-gk-B2.2d;
Analysis;Ableitung + Tangente;Steigungswinkel und Schnittwinkel berechnen;Steigungswinkel über den Arkustangens;2022-bebb-gk-B2.2e;
Analysis;Ableitung + Tangente;Steigungswinkel und Schnittwinkel berechnen;Schnittwinkel zweier Graphen;2022-bebb-gk-B2.1e 2023-bebb-gk-B2.1j;
Analysis;Ableitung + Tangente;Steigungswinkel und Schnittwinkel berechnen;Bereich mit Mindeststeigungswinkel;2022-bebb-gk-B2.2f;
Analysis;Ableitung + Tangente;Steigungswinkel und Schnittwinkel berechnen;Winkelvorgabe prüfen;2024-bebb-gk-B2.1i 2025-bebb-gk-B2.1d;
Analysis;Ableitung + Tangente;Dreieck aus Tangente, Normale und Achsen berechnen;Umfang aus den Achsenabschnitten;2023-bebb-gk-A1.1b 2026-bb-gk-B2.2c;
Analysis;Ableitung + Tangente;Dreieck aus Tangente, Normale und Achsen berechnen;Umfang und Umkreismittelpunkt;2022-bebb-gk-B2.1g;
Analysis;Ableitung + Tangente;Dreieck aus Tangente, Normale und Achsen berechnen;Dreieck aus Tangente, Normale und y-Achse;2024-bebb-gk-B2.2d;
Analysis;Ableitung + Tangente;Dreieck aus Tangente, Normale und Achsen berechnen;Dreiecke einzeichnen und Ähnlichkeit begründen;2023-bebb-gk-B2.1g;
Analysis;Ableitung + Tangente;Änderungsrate berechnen und deuten;Ableitungswert als Tangentensteigung;2024-bebb-gk-A1.4a;
Analysis;Ableitung + Tangente;Änderungsrate berechnen und deuten;mittlere Änderungsrate aus dem Graphen;2025-bebb-gk-B2.2f;
Analysis;Ableitung + Tangente;Änderungsrate berechnen und deuten;Zeitraum mit Mindeständerungsrate über f'(x) = c;2022-bebb-gk-B2.1m;
Analysis;Ableitung + Tangente;Änderungsrate berechnen und deuten;mittlere und momentane Änderungsrate vergleichen;2026-bb-gk-B2.2h;
Analysis;Ableitung + Tangente;Änderungsrate berechnen und deuten;Differenzenquotient als Steigung deuten;2025-bebb-gk-A1.7b 2022-bebb-gk-B2.2c;
Analysis;Ableitung + Tangente;Änderungsrate berechnen und deuten;Proportionalität von Bestand und Änderungsrate;2026-bb-gk-B2.2i;
Analysis;Ableitung + Tangente;Normale: senkrechte Gerade über die Steigung;Produkt der Steigungen gleich −1 deuten;2023-bebb-gk-B2.1h;
Analysis;Ableitung + Tangente;Normale: senkrechte Gerade über die Steigung;Aussagen über die Normale beurteilen;2024-bebb-gk-B2.1d;
Analysis;Ableitung + Tangente;Normale: senkrechte Gerade über die Steigung;Lösungsweg für eine gemeinsame Normale;2022-bebb-gk-B2.2j;
Analysis;Integral;Fläche zwischen Graph und Achse oder Gerade berechnen;ein Flächenstück;2025-bebb-gk-A1.4b;
Analysis;Integral;Fläche zwischen Graph und Achse oder Gerade berechnen;zwei Flächenstücke;2024-bebb-gk-A1.1b;
Analysis;Integral;Fläche zwischen Graph und Achse oder Gerade berechnen;Fläche zwischen Graph und Gerade als Term;2026-bb-gk-B2.2d;
Analysis;Integral;Fläche zwischen Graph und Achse oder Gerade berechnen;mit Maßstab und Symmetrie;2024-bebb-gk-B2.1j 2026-bb-gk-B2.1g;
Analysis;Integral;Fläche zwischen Graph und Achse oder Gerade berechnen;symmetrische Figur aus der Stammfunktion mit Maßstab;;2023-bebb-gk-B2.1l
Analysis;Integral;Fläche zwischen Graph und Achse oder Gerade berechnen;Integral minus Dreieck oder Trapez;2022-bebb-gk-B2.2h 2025-bebb-gk-B2.1e;
Analysis;Integral;Bestimmtes Integral berechnen;mit selbst gebildeter Stammfunktion;2026-bb-gk-A1.1a;
Analysis;Integral;Bestimmtes Integral berechnen;mit vorgegebener Stammfunktion, Abweichung in Prozent;2025-bebb-gk-B2.2d;
Analysis;Integral;Bestimmtes Integral berechnen;Mittelwert einer Funktion;2023-bebb-gk-B2.2i;
Analysis;Integral;Stammfunktion bilden und nachweisen;durch Ableiten nachweisen;2024-bebb-gk-B2.1e 2022-bebb-gk-B2.2d;
Analysis;Integral;Stammfunktion bilden und nachweisen;aus einer Integralgleichung ermitteln;2023-bebb-gk-B2.1l;
Analysis;Integral;Integral und Fläche am Graphen deuten;Integral durch Kästchenzählen;2023-bebb-gk-A1.2a;
Analysis;Integral;Integral und Fläche am Graphen deuten;Vorzeichen von Integralen am Graphen;2026-bb-gk-A1.1b 2022-bebb-gk-B2.1f;
Analysis;Integral;Integral und Fläche am Graphen deuten;Näherung als Vieleck begründen;2025-bebb-gk-B2.2c;
Analysis;Integral;Integral und Fläche am Graphen deuten;Sehne statt Graph: Fläche vergleichen;2022-bebb-gk-B2.2i;
Analysis;Integral;Integral und Fläche am Graphen deuten;Lösungsschritte geometrisch deuten;2024-bebb-gk-B2.2e 2023-bebb-gk-B2.1m;
Analysis;Integral;Integral und Fläche am Graphen deuten;Existenz eines Flächenstücks begründen;2022-bebb-gk-B2.1i;
Analysis;Integral;Stammfunktion am Graphen: skizzieren und deuten;Graph einer Stammfunktion skizzieren;2023-bebb-gk-A1.2b;
Analysis;Integral;Stammfunktion am Graphen: skizzieren und deuten;Extremstelle der Stammfunktion über den Vorzeichenwechsel;2026-bb-gk-B2.1b;
Analysis;Integral;Stammfunktion am Graphen: skizzieren und deuten;Aussagen über Extrem- und Wendepunkte der Stammfunktion beurteilen;2026-bb-gk-A1.7b 2024-bebb-gk-B2.1f;
Analysis;Integral;Parameter aus einer Flächenbedingung bestimmen;Streckfaktor aus dem Flächeninhalt;2024-bebb-gk-B2.2f;
Analysis;Integral;Parameter aus einer Flächenbedingung bestimmen;Grenze oder Gerade aus dem Flächeninhalt;2022-bebb-gk-A1.3a 2026-bb-gk-B2.2e;
Geometrie;Punkte, Flächen, Körper;Seitenlängen berechnen und Figur nachweisen;gleichschenkliges Dreieck;2022-bebb-gk-A1.5a 2023-bebb-gk-A1.5a;
Geometrie;Punkte, Flächen, Körper;Seitenlängen berechnen und Figur nachweisen;Raute oder gleichseitiges Dreieck, dazu Teilpunkt;2022-bebb-gk-B3d 2023-bebb-gk-B3a;
Geometrie;Punkte, Flächen, Körper;Seitenlängen berechnen und Figur nachweisen;Flächenverhältnis aus Seitenlängen;2022-bebb-gk-B3a;
Geometrie;Punkte, Flächen, Körper;Seitenlängen berechnen und Figur nachweisen;Parameter aus Gleichschenkligkeit oder Flächeninhalt;2026-bb-gk-A1.5b 2022-bebb-gk-A1.5b;
Geometrie;Punkte, Flächen, Körper;Parallele Seiten über kollineare Vektoren nachweisen (Trapez);Trapez nachweisen und Fläche berechnen;2026-bb-gk-B3a;
Geometrie;Punkte, Flächen, Körper;Parallele Seiten über kollineare Vektoren nachweisen (Trapez);Trapezgrundfläche und Pyramidenvolumen;2024-bebb-gk-B3a;
Geometrie;Punkte, Flächen, Körper;Punkte berechnen: Mittelpunkt, Spiegelpunkt, Eckpunkt;Mittelpunkt und Spiegelpunkt an einer Koordinatenebene;2026-bb-gk-B3d;
Geometrie;Punkte, Flächen, Körper;Punkte berechnen: Mittelpunkt, Spiegelpunkt, Eckpunkt;Spiegelpunkt an einem Punkt;2025-bebb-gk-A1.5a;
Geometrie;Punkte, Flächen, Körper;Punkte berechnen: Mittelpunkt, Spiegelpunkt, Eckpunkt;Spiegelpunkt an einer Ebene über den Lotfußpunkt;2026-bb-gk-A1.2b;
Geometrie;Punkte, Flächen, Körper;Punkte berechnen: Mittelpunkt, Spiegelpunkt, Eckpunkt;vierte Ecke einer Raute;2023-bebb-gk-A1.5b;
Geometrie;Punkte, Flächen, Körper;Punkte berechnen: Mittelpunkt, Spiegelpunkt, Eckpunkt;Ecken mit gleichem Abstand zu einem Mittelpunkt;2024-bebb-gk-A1.8a;
Geometrie;Punkte, Flächen, Körper;Punkte berechnen: Mittelpunkt, Spiegelpunkt, Eckpunkt;Bildpunkt einer Drehung um eine Kante;2023-bebb-gk-B3i;
Geometrie;Punkte, Flächen, Körper;Flächeninhalt und Volumen berechnen;Kanten und Volumen einer Pyramide;2025-bebb-gk-B3a;
Geometrie;Punkte, Flächen, Körper;Flächeninhalt und Volumen berechnen;Pyramidenvolumen über die Trapezgrundfläche;;2024-bebb-gk-B3a
Geometrie;Punkte, Flächen, Körper;Flächeninhalt und Volumen berechnen;Rautenfläche aus den Diagonalen, mal vier;;2022-bebb-gk-B3f
Geometrie;Punkte, Flächen, Körper;Flächeninhalt und Volumen berechnen;Flächenverhältnis über einen Vektorterm;2024-bebb-gk-A1.5a;
Geometrie;Punkte, Flächen, Körper;Flächeninhalt und Volumen berechnen;Volumen als Differenz zweier Pyramiden;2023-bebb-gk-B3g 2022-bebb-gk-B3h;
Geometrie;Punkte, Flächen, Körper;Flächeninhalt und Volumen berechnen;Würfel in einer Pyramide;2024-bebb-gk-B3f;
Geometrie;Punkte, Flächen, Körper;Netz eines Körpers vervollständigen;fehlende Seitenflächen anlegen;2024-bebb-gk-B3c;
Geometrie;Winkel + Abstände;Rechten Winkel über das Skalarprodukt nachweisen;Skalarprodukt zweier Kantenvektoren;2026-bb-gk-A1.5a 2024-bebb-gk-B3b;
Geometrie;Winkel + Abstände;Rechten Winkel über das Skalarprodukt nachweisen;Orthogonalität zweier Geraden;2025-bebb-gk-A1.2b;
Geometrie;Winkel + Abstände;Rechten Winkel über das Skalarprodukt nachweisen;Normalenvektor über zwei Skalarprodukte nachweisen;2025-bebb-gk-A1.8a 2022-bebb-gk-B3c;
Geometrie;Winkel + Abstände;Rechten Winkel über das Skalarprodukt nachweisen;Parameter für einen rechten Winkel;2024-bebb-gk-A1.2b 2022-bebb-gk-A1.4c;
Geometrie;Winkel + Abstände;Rechten Winkel über das Skalarprodukt nachweisen;Ansatz mit unbekannter Koordinate erläutern;2025-bebb-gk-B3d;
Geometrie;Winkel + Abstände;Rechten Winkel über das Skalarprodukt nachweisen;Punkt aus Orthogonalität und Ebenenbedingung;2026-bb-gk-A1.8a;
Geometrie;Winkel + Abstände;Winkel berechnen;zwischen zwei Kanten;2026-bb-gk-B3b;
Geometrie;Winkel + Abstände;Winkel berechnen;Innenwinkel, dann Flächen;2022-bebb-gk-B3f;
Geometrie;Winkel + Abstände;Winkel berechnen;Neigungswinkel einer Ebene über die Normalenvektoren;2023-bebb-gk-B3e 2024-bebb-gk-B3e 2025-bebb-gk-B3c;
Geometrie;Winkel + Abstände;Abstand zu einer Ebene bestimmen;Abstand zweier Punkte mit dem Abstand der Ebenen vergleichen;2023-bebb-gk-B3c;
Geometrie;Winkel + Abstände;Abstand zu einer Ebene bestimmen;Verhältnis von Abständen über den Strahlensatz;2022-bebb-gk-B3g;
Geometrie;Winkel + Abstände;Abstand zu einer Ebene bestimmen;Punkt mit vorgegebenem Abstand auf der Lotgeraden;2025-bebb-gk-A1.8b;
Geometrie;Winkel + Abstände;Lotfußpunkt auf einer Geraden;Gleichungspaar für den Lotfußpunkt deuten;2026-bb-gk-B3c;
Geometrie;Winkel + Abstände;Lotfußpunkt auf einer Geraden;Lösungsweg beschreiben;2022-bebb-gk-B3i;
Geometrie;Winkel + Abstände;Lotfußpunkt auf einer Geraden;Lösungsweg über Lotgerade und Ebene erläutern;2023-bebb-gk-B3h;
Geometrie;Geraden + Ebenen;Punktprobe an Gerade und Ebene;Punkt in Ebene;2022-bebb-gk-A1.4a;
Geometrie;Geraden + Ebenen;Punktprobe an Gerade und Ebene;Punkt auf Gerade;2023-bebb-gk-A1.4a 2025-bebb-gk-A1.2a;
Geometrie;Geraden + Ebenen;Punktprobe an Gerade und Ebene;Punktprobe, dann Normalenvektor kollinear;2025-bebb-gk-A1.5b 2026-bb-gk-A1.2a;
Geometrie;Geraden + Ebenen;Punktprobe an Gerade und Ebene;Lage zwischen zwei parallelen Ebenen;2023-bebb-gk-B3f;
Geometrie;Geraden + Ebenen;Ebenengleichung aufstellen;Parameterform aus drei Punkten;2022-bebb-gk-B3b;
Geometrie;Geraden + Ebenen;Ebenengleichung aufstellen;Koordinatenform aus Punkten;2024-bebb-gk-B3d 2025-bebb-gk-B3b;
Geometrie;Geraden + Ebenen;Ebenengleichung aufstellen;parallele Ebene durch einen Punkt;;2022-bebb-gk-B3c
Geometrie;Geraden + Ebenen;Ebenengleichung aufstellen;Spiegelebene aus Punkt und Spiegelpunkt;2026-bb-gk-B3e;
Geometrie;Geraden + Ebenen;Lage von Geraden und Ebenen erkennen und begründen;Symmetrieebene eines Körpers auswählen;2022-bebb-gk-B3e;
Geometrie;Geraden + Ebenen;Lage von Geraden und Ebenen erkennen und begründen;Lage einer Ebene aus der Koordinatengleichung;2022-bebb-gk-A1.4b;
Geometrie;Geraden + Ebenen;Lage von Geraden und Ebenen erkennen und begründen;Gerade parallel zu einer Koordinatenebene;2024-bebb-gk-A1.2a;
Geometrie;Geraden + Ebenen;Lage von Geraden und Ebenen erkennen und begründen;parallele Ebenen über die Normalenvektoren;2023-bebb-gk-B3b;
Geometrie;Geraden + Ebenen;Schnittpunkt berechnen;Gerade und Ebene;2023-bebb-gk-B3d;
Geometrie;Geraden + Ebenen;Schnittpunkt berechnen;Parameter aus dem Schnitt zweier Geraden;2023-bebb-gk-A1.4b;
Stochastik;Baumdiagramm + bedingte Wahrscheinlichkeit;Baumdiagramm zeichnen;zweistufig beschriften;2025-bebb-gk-B4a;
Stochastik;Baumdiagramm + bedingte Wahrscheinlichkeit;Baumdiagramm zeichnen;Einzelwahrscheinlichkeit aus einer Pfadwahrscheinlichkeit erschließen;2024-bebb-gk-B4.2a;
Stochastik;Baumdiagramm + bedingte Wahrscheinlichkeit;Baumdiagramm zeichnen;mit unbekanntem Anteil;2024-bebb-gk-A1.9a;
Stochastik;Baumdiagramm + bedingte Wahrscheinlichkeit;Wahrscheinlichkeit über die Pfadregeln berechnen;ein Pfad als Potenz;2024-bebb-gk-A1.6a;
Stochastik;Baumdiagramm + bedingte Wahrscheinlichkeit;Wahrscheinlichkeit über die Pfadregeln berechnen;Summe zweier Pfade;2023-bebb-gk-A1.6a 2025-bebb-gk-B4b;
Stochastik;Baumdiagramm + bedingte Wahrscheinlichkeit;Wahrscheinlichkeit über die Pfadregeln berechnen;genau einmal;2025-bebb-gk-A1.3b;
Stochastik;Baumdiagramm + bedingte Wahrscheinlichkeit;Wahrscheinlichkeit über die Pfadregeln berechnen;Verhältnis zweier Pfade;2026-bb-gk-B4d;
Stochastik;Baumdiagramm + bedingte Wahrscheinlichkeit;Wahrscheinlichkeit über die Pfadregeln berechnen;Treffer unmittelbar hintereinander;2024-bebb-gk-B4.2b;
Stochastik;Baumdiagramm + bedingte Wahrscheinlichkeit;Wahrscheinlichkeit über die Pfadregeln berechnen;mindestens einer über das Gegenereignis;2022-bebb-gk-B4f;
Stochastik;Baumdiagramm + bedingte Wahrscheinlichkeit;Ziehen ohne Zurücklegen;zweimal ziehen;2025-bebb-gk-A1.6a;
Stochastik;Baumdiagramm + bedingte Wahrscheinlichkeit;Ziehen ohne Zurücklegen;mehrfach ziehen als Produkt;2023-bebb-gk-B4.1g;
Stochastik;Baumdiagramm + bedingte Wahrscheinlichkeit;Ziehen ohne Zurücklegen;Gegenereignis;2022-bebb-gk-A1.6a;
Stochastik;Baumdiagramm + bedingte Wahrscheinlichkeit;Ziehen ohne Zurücklegen;Mehrheit einer Sorte;2023-bebb-gk-A1.6b;
Stochastik;Baumdiagramm + bedingte Wahrscheinlichkeit;Ziehen ohne Zurücklegen;über Binomialkoeffizienten;2023-bebb-gk-B4.1h;
Stochastik;Baumdiagramm + bedingte Wahrscheinlichkeit;Ziehen ohne Zurücklegen;Urne aus einer Wahrscheinlichkeit erschließen;2022-bebb-gk-A1.6b;
Stochastik;Baumdiagramm + bedingte Wahrscheinlichkeit;Unbekannten Anteil aus einer Randwahrscheinlichkeit berechnen;Summe der Pfade gleichsetzen;2026-bb-gk-B4e;
Stochastik;Baumdiagramm + bedingte Wahrscheinlichkeit;Unbekannten Anteil aus einer Randwahrscheinlichkeit berechnen;Anteil einordnen;2022-bebb-gk-B4j;
Stochastik;Baumdiagramm + bedingte Wahrscheinlichkeit;Unbekannten Anteil aus einer Randwahrscheinlichkeit berechnen;aus einem Befragungsverfahren;2024-bebb-gk-A1.9b;
Stochastik;Baumdiagramm + bedingte Wahrscheinlichkeit;Vierfeldertafel ausfüllen und ablesen;Tafel aus Anteilen vervollständigen;2023-bebb-gk-B4.1a 2024-bebb-gk-B4.1b 2022-bebb-gk-B4h;
Stochastik;Baumdiagramm + bedingte Wahrscheinlichkeit;Vierfeldertafel ausfüllen und ablesen;Vereinigung aus der Tafel;2023-bebb-gk-B4.1b;
Stochastik;Baumdiagramm + bedingte Wahrscheinlichkeit;Vierfeldertafel ausfüllen und ablesen;genau eines von zwei Ereignissen;2024-bebb-gk-B4.1c 2022-bebb-gk-A1.7b;
Stochastik;Baumdiagramm + bedingte Wahrscheinlichkeit;Bedingte Wahrscheinlichkeit berechnen;Schnittanteil durch Randanteil;2022-bebb-gk-A1.7a 2023-bebb-gk-B4.1c;
Stochastik;Baumdiagramm + bedingte Wahrscheinlichkeit;Bedingte Wahrscheinlichkeit berechnen;zwei bedingte Anteile vergleichen;2022-bebb-gk-B4i;
Stochastik;Baumdiagramm + bedingte Wahrscheinlichkeit;Bedingte Wahrscheinlichkeit berechnen;Term mit Parameter deuten und grafisch lösen;2025-bebb-gk-B4e;
Stochastik;Baumdiagramm + bedingte Wahrscheinlichkeit;Bedingte Wahrscheinlichkeit berechnen;Monotonie bei Änderung eines Anteils;2026-bb-gk-B4f;
Stochastik;Baumdiagramm + bedingte Wahrscheinlichkeit;Unabhängigkeit prüfen;über bedingte Anteile;;2022-bebb-gk-B4i
Stochastik;Baumdiagramm + bedingte Wahrscheinlichkeit;Unabhängigkeit prüfen;über die Produktregel;2024-bebb-gk-B4.1d;
Stochastik;Baumdiagramm + bedingte Wahrscheinlichkeit;Ereignis und Wahrscheinlichkeitsterm deuten;bedingte und Schnittwahrscheinlichkeit im Sachzusammenhang;2022-bebb-gk-B4g 2024-bebb-gk-B4.1a;
Stochastik;Baumdiagramm + bedingte Wahrscheinlichkeit;Ereignis und Wahrscheinlichkeitsterm deuten;Ereignis zu einem Term beschreiben;2025-bebb-gk-A1.3a 2024-bebb-gk-A1.6b 2025-bebb-gk-A1.6b;
Stochastik;Binomialverteilung;Bernoulli-Formel: Term angeben und deuten;fehlende Werte im Term;2026-bb-gk-B4a;
Stochastik;Binomialverteilung;Bernoulli-Formel: Term angeben und deuten;Term für eine Wahrscheinlichkeit angeben;2026-bb-gk-A1.3a;
Stochastik;Binomialverteilung;Bernoulli-Formel: Term angeben und deuten;kumulierte Summe als Sachaussage;2023-bebb-gk-B4.1e;
Stochastik;Binomialverteilung;Bernoulli-Formel: Term angeben und deuten;Bedingung in X ≥ k übersetzen;2023-bebb-gk-B4.1d;
Stochastik;Binomialverteilung;Binomialwahrscheinlichkeit mit dem Rechner ermitteln;einzeln und kumuliert;2022-bebb-gk-B4b 2026-bb-gk-B4b;
Stochastik;Binomialverteilung;Binomialwahrscheinlichkeit mit dem Rechner ermitteln;Grenze k zu einer Schranke;2025-bebb-gk-B4d;
Stochastik;Binomialverteilung;Mindestanzahl oder p aus einer Potenzgleichung bestimmen;Mindestanzahl n über 1 − q^n;2022-bebb-gk-B4d 2023-bebb-gk-B4.1f;
Stochastik;Binomialverteilung;Mindestanzahl oder p aus einer Potenzgleichung bestimmen;p aus P(X = 0);2022-bebb-gk-B4e;
Stochastik;Binomialverteilung;Verteilung im Säulendiagramm lesen;Intervall ablesen;2023-bebb-gk-A1.7a;
Stochastik;Binomialverteilung;Verteilung im Säulendiagramm lesen;Werte zu Bedingungen ablesen;2026-bb-gk-A1.6b;
Stochastik;Binomialverteilung;Verteilung im Säulendiagramm lesen;Gegenzufallsgröße erläutern;2026-bb-gk-B4c;
Stochastik;Binomialverteilung;Verteilung im Säulendiagramm lesen;passendes Diagramm begründet auswählen;2023-bebb-gk-A1.7b;
Stochastik;Binomialverteilung;Verteilung im Säulendiagramm lesen;Einzelwahrscheinlichkeit aus Symmetrie und kumulierten Werten;2025-bebb-gk-A1.9b;
Stochastik;Binomialverteilung;Binomialverteilung begründen;Bernoulli-Bedingungen nennen;2022-bebb-gk-B4a;
Stochastik;Erwartungswert;Erwartungswert der Binomialverteilung nutzen;p aus der höchsten Säule;2026-bb-gk-A1.6a;
Stochastik;Erwartungswert;Erwartungswert der Binomialverteilung nutzen;Abweichung vom Erwartungswert;2022-bebb-gk-B4c;
Stochastik;Erwartungswert;Erwartungswert der Binomialverteilung nutzen;Maximum der Verteilung über den Erwartungswert beurteilen;2025-bebb-gk-B4c 2025-bebb-gk-A1.9a;
Stochastik;Erwartungswert;Erwartungswert der Binomialverteilung nutzen;n und p aus Erwartungswert und Standardabweichung;2026-bb-gk-A1.9a;
Stochastik;Erwartungswert;Erwartungswert eines Spiels berechnen und deuten;Summand deuten;2023-bebb-gk-B4.2a;
Stochastik;Erwartungswert;Erwartungswert eines Spiels berechnen und deuten;mit dem Einsatz vergleichen;2023-bebb-gk-B4.2b;
Stochastik;Erwartungswert;Erwartungswert eines Spiels berechnen und deuten;Gleichung aus den Spielregeln herleiten;2024-bebb-gk-B4.2c;
Stochastik;Erwartungswert;Erwartungswert eines Spiels berechnen und deuten;Unbekannte aus einer Erwartungswertbedingung;2023-bebb-gk-B4.2c;
nur Hilfsmittelfrei (kein Skript);–;Ergebnisse und Anordnungen aufzählen;aufzählen und zählen;2024-bebb-gk-A1.3a 2024-bebb-gk-A1.3b 2026-bb-gk-A1.3b;
