id;teil;wortlaut;abbildung;punkte;fundstelle;platz;stufe;sicher;anmerkung;zwischenfragen
2022-bebb-gk-A1.1a;a;Berechne die Nullstellen der Funktion $f$ mit $f(x) = x^3 - 8x^2 + 12x$.;;2;Abi GK 2022 · A1.1 a;haupt;Nullstellen und Achsenschnittpunkte berechnen – Nullstellen durch Ausklammern;ja;innermathematisch;Klammere $x$ aus und zerlege den Rest in Linearfaktoren.
2022-bebb-gk-A1.2;vorspann;Die Abbildung zeigt den Graphen einer Funktion $f$ für $0 \le x \le 2{,}2$.;"Graph: Gitter, x von 0 bis 2,2 in Zehntelschritten, y von −0,1 bis 0,25; Graph fällt von links oben steil zum Tiefpunkt bei etwa (0,2 | −0,11), steigt durch die Nullstelle bei etwa 0,4 mit abnehmender Steigung zu einem flachen Bereich um (0,9 | 0,2), steigt weiter zum Hochpunkt bei etwa (1,6 | 0,25), fällt zum Tiefpunkt bei etwa (2 | 0,2) und steigt dann steil an";;Abi GK 2022 · A1.2;;;nein;"Vorspann für 1.2a und 1.2b; Funktionsterm nicht bekannt";
2022-bebb-gk-A1.2a;a;Gib mithilfe des Graphen je einen Wert für $a$ und $b$ an, sodass $f\'(0{,}2) = a$ und $f\'\'(b) = 0$ gilt.;Graph aus dem Vorspann;2;Abi GK 2022 · A1.2 a;haupt;Wendepunkte berechnen – Wendepunkt am Graphen ablesen und markieren;nein;"offene Antwort (jede Wendestelle zählt); Lage der Wendestellen nur aus der Beschreibung";
2022-bebb-gk-A1.2b;b;Markiere auf dem Graphen einen Punkt $P$, für den $f\'\'(x_P) = 0$ und $f\'(x_P) < 0$ gilt. Begründe deine Wahl.;Graph aus dem Vorspann;3;Abi GK 2022 · A1.2 b;haupt;Wendepunkte berechnen – Wendepunkt am Graphen ablesen und markieren;nein;Zeichnen und Begründen;
2022-bebb-gk-B2.1-T1;vorspann;Gegeben ist die in $\mathbb{R}$ definierte Funktion $f$ mit $f(x) = (x + 2)\cdot e^{-x}$. Ihre Ableitung ist $f\'(x) = -(x + 1)\cdot e^{-x}$.;;;Abi GK 2022 · B2.1;;;ja;Vorspann für 2.1a bis 2.1h (Aufgabenteil 1);
2022-bebb-gk-B2.1a;a;Gib die Punkte an, in denen der Graph von $f$ die Koordinatenachsen schneidet. Begründe, dass der Graph einen Hochpunkt hat, und gib seine Koordinaten an.;;5;Abi GK 2022 · B2.1 a;haupt+neben;Nullstellen und Achsenschnittpunkte berechnen – Achsenschnittpunkte, dann weiter (Hochpunkt, Raute) | neben: Extrempunkte berechnen – Hochpunkt aus gegebener Ableitung begründen;ja;;"Berechne $f(0)$. ; Löse $f\'(x) = 0$ und berechne den Funktionswert an dieser Stelle."
2022-bebb-gk-B2.1b;b;Gib den Grenzwert von $f(x)$ für $x \to +\infty$ an. Beschreibe, wie der Graph von $f$ für große $x$ verläuft.;;2;Abi GK 2022 · B2.1 b;haupt;Grenzverhalten angeben – Produkt mit e-Funktion;ja;;
2022-bebb-gk-B2.1c;c;Die Abbildung zeigt die Graphen von $f$ und $f\'$, beschriftet mit I und II. Gegeben: Der Hochpunkt des Graphen von $f$ liegt bei $x = -1$. Entscheide, welcher Graph zu $f\'$ gehört, und begründe deine Entscheidung.;"Graph: Koordinatensystem ohne Skalierung; Graph I (f) steigt von links unten, Hochpunkt links der y-Achse, fällt rechts flach gegen die x-Achse; Graph II (f') fällt von links oben steil durch die x-Achse (bei −1), Tiefpunkt (0 | −1) auf der y-Achse, nähert sich von unten der x-Achse; Beschriftungen I, II";2;Abi GK 2022 · B2.1 c;haupt;Monotonie und Krümmung aus der Ableitung begründen – Vorzeichen von f' am Graphen von f';ja;Zwischenergebnis aus 2.1a als „gegeben“;
2022-bebb-gk-B2.1d;d;Weise nach, dass sich die Graphen von $f$ und $f\'$ an der Stelle $x = -1{,}5$ schneiden.;;2;Abi GK 2022 · B2.1 d;haupt;Gleichungen und Ungleichungen zwischen Funktionen lösen – Schnittstelle nachweisen;ja;;
2022-bebb-gk-B2.1h;h;Der Ursprung und ein Punkt $P(u \mid v)$ des Graphen von $f$ mit $u > 0$ sind gegenüberliegende Ecken eines Rechtecks, dessen Seiten parallel zu den Koordinatenachsen liegen. Für genau einen Wert von $u$ ist der Flächeninhalt des Rechtecks am größten. Ermittle für diesen Fall die Koordinaten von $P$. Zur Kontrolle: Für die Ableitung der Flächeninhaltsfunktion gilt $A\'(u) = (2 - u^2)\cdot e^{-u}$.;;5;Abi GK 2022 · B2.1 h;haupt;Extremalproblem: Zielfunktion aufstellen und maximieren – Rechteck unter dem Graphen;ja;;"Stelle den Flächeninhalt $A(u)$ als Term in $u$ auf. ; Löse $A\'(u) = 0$ für $u > 0$."
2022-bebb-gk-B2.1-T2;vorspann;Ein Tauchroboter bewegt sich 30 Minuten lang nur senkrecht nach unten und oben. Sein Abstand von der Wasseroberfläche wird beschrieben durch $h(t) = \frac{9}{40}t^3 - \frac{27}{2}t^2 + \frac{405}{2}t$ mit $0 \le t \le 30$ ($t$: Zeit in Minuten, $h(t)$: Abstand in Metern).;"Graph: t von 0 bis 30, h(t) von 0 bis 1000; Graph steigt vom Ursprung zum Hochpunkt (10 | 900), fällt dann bis (30 | 0), Wendepunkt bei t = 20";;Abi GK 2022 · B2.1;;;ja;Vorspann für 2.1j bis 2.1l (Aufgabenteil 2);
2022-bebb-gk-B2.1j;j;Weise nach, dass der Roboter nach 10 Minuten am weitesten von der Wasseroberfläche entfernt ist und dieser Abstand 900 m beträgt.;Graph aus dem Vorspann;3;Abi GK 2022 · B2.1 j;haupt;Extrempunkte berechnen – f'(x0) = 0 an vorgegebener Stelle nachweisen;ja;;"Bestimme $h\'(t)$ und $h\'\'(t)$. ; Berechne $h\'(10)$ und $h\'\'(10)$."
2022-bebb-gk-B2.1k;k;Gegeben: Den größten Abstand von 900 m erreicht der Roboter nach 10 Minuten. Berechne den Weg, den er in den ersten 15 Minuten insgesamt zurücklegt.;Graph aus dem Vorspann;3;Abi GK 2022 · B2.1 k;haupt;Maße im Sachzusammenhang aus dem Graphen berechnen – Länge oder Weg aus Funktionswerten;ja;Zwischenergebnis aus 2.1j als „gegeben“;"Berechne $h(15)$. ; Berechne, wie viele Meter der Roboter zwischen der 10. und der 15. Minute wieder aufsteigt."
2022-bebb-gk-B2.1l;l;Beschreibe, was der Wendepunkt des Graphen von $h$ für die Bewegung des Roboters bedeutet.;Graph aus dem Vorspann;2;Abi GK 2022 · B2.1 l;haupt;Wendepunkte berechnen – Wendepunkt im Sachzusammenhang deuten;ja;;Löse $h\'\'(t) = 0$.
2022-bebb-gk-B2.2;vorspann;Gegeben ist die Funktion $f$ mit $f(x) = -\frac{1}{6}x^3 + \frac{1}{2}x^2$, $x \in \mathbb{R}$.;;;Abi GK 2022 · B2.2;;;ja;"Vorspann für 2.2a und 2.2b; 2.2g und 2.2k stehen für sich";
2022-bebb-gk-B2.2a;a;Gib an, wie sich die Funktionswerte von $f$ für $x \to +\infty$ und für $x \to -\infty$ verhalten.;;2;Abi GK 2022 · B2.2 a;haupt;Grenzverhalten angeben – ganzrationale Funktion;ja;;Gib den Summanden mit der höchsten Potenz von $x$ an.
2022-bebb-gk-B2.2b;b;Ermittle Lage und Art aller Extrempunkte des Graphen von $f$.;;6;Abi GK 2022 · B2.2 b;haupt;Extrempunkte berechnen – Lage und Art aller Extrempunkte (ganzrational);ja;;"Bestimme $f\'(x)$. ; Bestimme $f\'\'(x)$."
2022-bebb-gk-B2.2g;g;Ein Betonteil für den Hochwasserschutz hat im Querschnitt einen geraden unteren Rand. Er liegt auf der Geraden $g$ durch $C(0{,}4 \mid -0{,}4)$ und $D(2 \mid 1{,}2)$. Weise nach, dass $g(x) = x - 0{,}8$ eine Gleichung dieser Geraden ist.;"Skizze: Querschnitt eines Betonteils: oberer Rand von A (Ursprung) nach B(2 | 1,5) als s-förmiger Bogen, unterer Rand Gerade von C(0,4 | −0,4) nach D(2 | 1,2), Seiten AC und BD; Beschriftungen A, B, C, D; zum Lösen nicht nötig";2;Abi GK 2022 · B2.2 g;haupt;Funktionsgleichung aus Bedingungen aufstellen – Gerade durch zwei Punkte;ja;;
2022-bebb-gk-B2.2k;k;"Bei einem größeren Bauteil verläuft der obere Rand zwischen $R(2 \mid 1)$ und $S(4 \mid 4)$ geradlinig. Links davon führt eine Kurve vom Ursprung nach $R$, rechts eine Kurve von $S$ nach $(5 \mid 5)$. Im Ursprung schließt der Rand waagerecht an; an den Übergängen im Ursprung, in $R$, in $S$ und in $(5 \mid 5)$ hat er keinen Knick. Das Kurvenstück vom Ursprung bis $R$ soll der Graph von $k(x) = a\cdot x^4 + b\cdot x^2$ sein. Weise nach, dass sich eine solche Funktion $k$ dafür eignet, und bestimme $a$ und $b$.";"Graph: Gitter, x von 0 bis 6, y von 0 bis 5; s-förmige Kurve vom Ursprung über R(2 | 1) und S(4 | 4) nach (5 | 5), zwischen R und S geradlinig; Beschriftungen R, S";5;Abi GK 2022 · B2.2 k;haupt;Funktionsgleichung aus Bedingungen aufstellen – Parameter aus knickfreiem Übergang;ja;"„waagerecht im Ursprung“ aus der Kurzlösung (k'(0) = 0) erschlossen; Verlauf hinter (5 | 5) im Katalog offen";"Berechne die Steigung der Strecke $RS$. ; Stelle die Gleichungen für $k(2) = 1$ und $k\'(2) = 1{,}5$ auf."
2023-bebb-gk-A1.3a;a;Die in $\mathbb{R}$ definierte Funktion $f$ mit $f(x) = x^3 - 3x^2$ hat genau zwei Extremstellen. Berechne diese beiden Stellen.;;2;Abi GK 2023 · A1.3 a;haupt;Extrempunkte berechnen – Extremstellen aus f'(x) = 0;ja;innermathematisch;Bestimme $f\'(x)$.
2023-bebb-gk-B2.1;vorspann;"Gegeben ist die in $\mathbb{R}$ definierte Funktion $f$ mit $f(x) = 0{,}5\cdot(x^2 - 4)\cdot e^x$; ihr Graph heißt $G$. Die erste Ableitung ist $f\'(x) = (0{,}5x^2 + x - 2)\cdot e^x$.";;;Abi GK 2023 · B2.1;;;ja;Vorspann für 2.1a bis 2.1k;
2023-bebb-gk-B2.1a;a;Gib an, wie sich die Funktionswerte von $f$ für $x \to +\infty$ und für $x \to -\infty$ verhalten.;;2;Abi GK 2023 · B2.1 a;haupt;Grenzverhalten angeben – Produkt mit e-Funktion;ja;;
2023-bebb-gk-B2.1b;b;Bestimme die Koordinaten der Punkte, in denen $G$ die beiden Koordinatenachsen schneidet. Diese drei Punkte bilden zusammen mit einem Punkt $R$ die Ecken einer Raute. Gib die Koordinaten von $R$ an.;;5;Abi GK 2023 · B2.1 b;haupt;Nullstellen und Achsenschnittpunkte berechnen – Achsenschnittpunkte, dann weiter (Hochpunkt, Raute);ja;;"Berechne $f(0)$. ; Löse $x^2 - 4 = 0$."
2023-bebb-gk-B2.1c;c;Zeige, dass $G$ an der Stelle $x = -1 + \sqrt{5}$ eine waagerechte Tangente hat. Berechne den Funktionswert an dieser Stelle.;;2;Abi GK 2023 · B2.1 c;haupt;Extrempunkte berechnen – f'(x0) = 0 an vorgegebener Stelle nachweisen;ja;;Berechne $(-1 + \sqrt{5})^2$.
2023-bebb-gk-B2.1d;d;"Gegeben: $G$ hat genau zwei Extrempunkte, einen im II. und einen im IV. Quadranten; der Tiefpunkt ist $T(-1 + \sqrt{5} \mid f(-1 + \sqrt{5}))$. Entscheide ohne weitere Rechnung, ob die beiden Aussagen wahr sind, und begründe jeweils. (I) $f(-0{,}9 + \sqrt{5})$ ist kleiner als die $y$-Koordinate des Tiefpunkts. (II) $f\'(-0{,}9 + \sqrt{5})$ ist größer als null.";;4;Abi GK 2023 · B2.1 d;haupt;Monotonie und Krümmung aus der Ableitung begründen – Aussagen nahe einem Extrempunkt beurteilen;ja;Zwischenergebnis aus 2.1c als „gegeben“;Gib an, ob $-0{,}9 + \sqrt{5}$ links oder rechts der Tiefstelle liegt.
2023-bebb-gk-B2.1e;e;"Gegeben: Der Tiefpunkt von $G$ liegt bei $x = -1 + \sqrt{5}$; für $x \ge 0$ hat $G$ keinen weiteren Extrempunkt. Gib das Monotonieverhalten von $f$ für $x \ge 0$ an.";;2;Abi GK 2023 · B2.1 e;haupt;Monotonie und Krümmung aus der Ableitung begründen – Monotonie aus bekanntem Extrempunkt;ja;Zwischenergebnis aus 2.1c als „gegeben“;Runde $-1 + \sqrt{5}$ auf zwei Nachkommastellen.
2023-bebb-gk-B2.1f;f;$G$ hat zwei Wendepunkte. Berechne ihre Koordinaten und runde auf zwei Nachkommastellen.;;5;Abi GK 2023 · B2.1 f;haupt;Wendepunkte berechnen – f'' mit Produktregel, Wendepunkt bei e-Funktion;ja;;"Bestimme $f\'\'(x)$ mit der Produktregel. ; Löse $0{,}5x^2 + 2x - 1 = 0$."
2023-bebb-gk-B2.1i;i;"Die Abbildung zeigt die Draufsicht auf die Platte eines Beistelltischs (1 LE entspricht 15 cm). Die Platte ist symmetrisch zu beiden Koordinatenachsen. Ihr Rand im III. Quadranten ist der Teil von $G$ zwischen $(-2 \mid 0)$ und $(0 \mid -2)$; die Ränder in den anderen drei Quadranten sind Teile der Graphen weiterer Funktionen. Gib für zwei dieser Ränder je eine Funktionsgleichung an und nenne den Quadranten.";"Skizze: Millimetergitter, Achsen von −2 bis 2; Draufsicht der Tischplatte: vierfach symmetrische, nach innen gewölbte Sternfigur mit den Spitzen (±2 | 0) und (0 | ±2); Rand im III. Quadranten mit G beschriftet, liegt zwischen Sehne und Ursprung (bei x = −1 auf Höhe −0,55)";2;Abi GK 2023 · B2.1 i;haupt;Graph verschieben, spiegeln, strecken – gespiegelten Term angeben;ja;"Buchstaben g, h, k weggelassen, weil die Zuordnung im Katalog offen ist; dafür Quadrant nennen";
2023-bebb-gk-B2.1k;k;"Gegeben: Die Spitzen der Tischplatte liegen bei $(\pm 2 \mid 0)$ und $(0 \mid \pm 2)$; 1 LE entspricht 15 cm. Der Tisch ist 0,5 m hoch und wird in einem quaderförmigen Karton mit quadratischer Grundfläche geliefert. Die Kanten der Grundfläche verlaufen parallel zu den Koordinatenachsen. Bestimme, wie viele Liter der Karton mindestens fassen muss.";Skizze aus 2.1i;4;Abi GK 2023 · B2.1 k;haupt;Maße im Sachzusammenhang aus dem Graphen berechnen – Quader um das Profil mit Maßstab;nein;"Befund: ohne Vorgabe zur Lage reicht ein um 45° gedrehter Karton (90 l); Satz „Kanten parallel zu den Achsen“ ergänzt, damit 180 l eindeutig ist";Gib die Seitenlänge der Grundfläche in cm an.
2023-bebb-gk-B2.2;vorspann;Gegeben ist die Funktion $f$ mit $f(x) = x^3 - 12x^2 + 45x - 50$, $x \in \mathbb{R}$. Man kann den Term auch als $f(x) = (x - 5)\cdot(x^2 - 7x + 10)$ schreiben.;;;Abi GK 2023 · B2.2;;;ja;Vorspann für 2.2a bis 2.2c, 2.2e, 2.2g, 2.2j;
2023-bebb-gk-B2.2a;a;Gib die Koordinaten des Punkts an, in dem der Graph von $f$ die $y$-Achse schneidet. Ermittle, wie viele Nullstellen $f$ hat.;;4;Abi GK 2023 · B2.2 a;haupt;Nullstellen und Achsenschnittpunkte berechnen – Anzahl der Nullstellen aus der faktorisierten Form;ja;;Zerlege $x^2 - 7x + 10$ in Linearfaktoren.
2023-bebb-gk-B2.2b;b;Bestimme Lage und Art aller Extrempunkte des Graphen von $f$.;;6;Abi GK 2023 · B2.2 b;haupt;Extrempunkte berechnen – Lage und Art aller Extrempunkte (ganzrational);ja;;"Bestimme $f\'(x)$. ; Bestimme $f\'\'(x)$."
2023-bebb-gk-B2.2c;c;Der Graph von $f$ hat genau einen Wendepunkt. Berechne seine Koordinaten.;;3;Abi GK 2023 · B2.2 c;haupt;Wendepunkte berechnen – Wendepunkt über f''(x) = 0 (ganzrational);ja;;Bestimme $f\'\'(x)$.
2023-bebb-gk-B2.2e;e;Gegeben: Der Graph von $f$ hat den Hochpunkt $H(3 \mid 4)$, den Tiefpunkt $T(5 \mid 0)$ und den Wendepunkt $W(4 \mid 2)$. Skizziere den Graphen von $f$ für $0 \le x \le 7$. Beurteile mithilfe deiner Skizze die Aussage: „Jede Tangente an den Graphen von $f$ hat mit dem Graphen zwei gemeinsame Punkte.“;keine (eigene Skizze);4;Abi GK 2023 · B2.2 e;haupt;Graph skizzieren und Verlauf beschreiben – Graph aus bekannten Punkten skizzieren und Aussage prüfen;ja;Ergebnisse aus 2.2b und 2.2c als „gegeben“;"Berechne $f(0)$ und $f(7)$. ; Bestimme eine Gleichung der Tangente im Wendepunkt."
2023-bebb-gk-B2.2f;f;Gegeben ist die Funktion $g$ mit $g(x) = 0{,}4x^3 - 6x^2 + 30x - 50$, $x \in \mathbb{R}$. Die Abbildung zeigt den Graphen von $g\'$. Begründe mithilfe der Abbildung: (1) Der Graph von $g$ hat nur in einem Punkt eine waagerechte Tangente. (2) Der Graph von $g$ hat keinen Extrempunkt.;"Graph: Millimetergitter, x von 0 bis 7, y von 0 bis 6; nach oben geöffnete Parabel (Graph von g′), berührt die x-Achse im Scheitel (5 | 0), geht durch etwa (3 | 4,8) und (7 | 4,8) und läuft oben aus dem Bild; Beschriftung g′";3;Abi GK 2023 · B2.2 f;haupt;Monotonie und Krümmung aus der Ableitung begründen – Vorzeichen von f' am Graphen von f';ja;;Lies ab, an welcher Stelle der Graph von $g\'$ die $x$-Achse berührt.
2023-bebb-gk-B2.2g;g;Gegeben ist außerdem $g(x) = 0{,}4x^3 - 6x^2 + 30x - 50$. Bestimme rechnerisch alle $x \in \mathbb{R}$, für die $f(x) > g(x)$ gilt.;;5;Abi GK 2023 · B2.2 g;haupt;Gleichungen und Ungleichungen zwischen Funktionen lösen – Ungleichung über die faktorisierte Differenz;ja;;Vereinfache $f(x) - g(x)$ und zerlege in Faktoren.
2023-bebb-gk-B2.2h;h;"Ein Hersteller prüft Temperatursteuerungen für Backöfen. Nach dem Einschalten steigt die Temperatur; ist die Solltemperatur erreicht, schaltet die Heizung ab, und unter einem bestimmten Wert schaltet sie wieder ein. Die Abbildung zeigt den Temperaturverlauf. Die ersten 5 Minuten heißen Startphase, die Zeit danach Dauerphase. Gib näherungsweise die durchschnittliche Temperatur in der Dauerphase an.";"Diagramm: Gitter, Zeit in Minuten von 0 bis 20 (beschriftet 2, 4, …, 18), Temperatur in °C von 20 bis 260 in Schritten von 20; Kurve von (0 | 20) steil ansteigend, bei etwa 2 min 200 °C, Maximum etwa 238 °C bei 3,5 min, danach wellenförmig mit Tiefs bei etwa 222 °C (5,5; 9,5; 13,5; 17,5 min) und Hochs bei etwa 240 bis 245 °C (7,5; 11,5; 15,5; 19,5 min)";1;Abi GK 2023 · B2.2 h;haupt;Graph skizzieren und Verlauf beschreiben – Wert am Graphen ablesen;nein;"Ablesewert; Kurve nur beschrieben";Lies die tiefste und die höchste Temperatur in der Dauerphase ab.
2023-bebb-gk-B2.2j;j;Die Funktion $h$ mit $h(x) = 4x^3 - 48x^2 + 180x + 20$ beschreibt den Temperaturverlauf eines anderen Ofens. Sie entsteht aus $f$ durch $h(x) = c\cdot(f(x) + d)$. Ermittle die Werte von $c$ und $d$. Beschreibe, wie der Graph von $h$ aus dem Graphen von $f$ entsteht.;;4;Abi GK 2023 · B2.2 j;haupt;Graph verschieben, spiegeln, strecken – Streckfaktor und Verschiebung durch Koeffizientenvergleich;ja;;"Vergleiche die Faktoren vor $x^3$ in $h(x)$ und $f(x)$. ; Berechne $\frac{h(x)}{c} - f(x)$."
2023-bebb-gk-B2.2k;k;"Für eine neue Heizung soll der Temperaturverlauf in der Startphase durch eine ganzrationale Funktion $k$ dritten Grades beschrieben werden ($x$: Zeit in Minuten, $k(x)$: Temperatur in °C). Es gilt $k(0) = 20$ und $k\'(0) = 130$; im Punkt $(5 \mid 220)$ hat der Graph von $k$ eine waagerechte Tangente. Ermittle eine Gleichung von $k$.";;6;Abi GK 2023 · B2.2 k;haupt;Funktionsgleichung aus Bedingungen aufstellen – ganzrationale Funktion dritten Grades;ja;"Befund: Katalog nennt (5 | 220) „Hochpunkt“, die Lösung hat dort aber einen Tiefpunkt (k″(5) = 4 > 0); hier als „waagerechte Tangente“ gestellt";"Setze $k(x) = ax^3 + bx^2 + cx + d$ an und bestimme $d$ und $c$. ; Stelle die Gleichungen für $k(5) = 220$ und $k\'(5) = 0$ auf."
2024-bebb-gk-A1.1a;a;Begründe, dass der Graph der Funktion $f$ mit $f(x) = x^3 - 4x$, $x \in \mathbb{R}$, punktsymmetrisch zum Koordinatenursprung ist.;;1;Abi GK 2024 · A1.1 a;haupt;Symmetrie am Term begründen – über die Exponenten;ja;innermathematisch;
2024-bebb-gk-A1.4b;b;"Gegeben sind die in $\mathbb{R}$ definierten Funktionen $g$ mit $g(x) = 2e^x - 2$ und $h$ mit $h(x) = e^x + 1$; es gilt $g\'(0) = 2$. Beurteile die Aussage: „Man kann den Graphen von $g$ so in $y$-Richtung verschieben, dass der Graph von $h$ entsteht.“";"Graph: Gitter, x von −3 bis 2, y von −2 bis 4; Graph von h über der Asymptote y = 1 flach ansteigend; Graph von g aus der Nähe von y = −2 kommend, durch den Ursprung steigend, rechts von x ≈ 1,1 über h; Beschriftungen „Graph von h“, „Graph von g“";2;Abi GK 2024 · A1.4 b;haupt;Graph verschieben, spiegeln, strecken – Aussage über Verschiebung oder Streckung beurteilen;ja;Zwischenergebnis g'(0) = 2 aus 1.4a als „gegeben“;Berechne $h\'(0)$.
2024-bebb-gk-A1.7;vorspann;"Gegeben ist die in $\mathbb{R}$ definierte Funktion $f$ mit $f(x) = e^{0{,}5x} - e$; ihr Graph heißt $G$.";;;Abi GK 2024 · A1.7;;;ja;Vorspann für 1.7a und 1.7b;
2024-bebb-gk-A1.7a;a;Weise nach, dass $G$ streng monoton steigt.;;2;Abi GK 2024 · A1.7 a;haupt;Monotonie und Krümmung aus der Ableitung begründen – Vorzeichen von f' am Term;ja;;Bestimme $f\'(x)$.
2024-bebb-gk-A1.7b;b;"$G$ wird in Richtung der $x$-Achse so verschoben, dass er durch den Ursprung geht; so entsteht der Graph einer Funktion $h$. Ermittle eine Gleichung von $h$.";;3;Abi GK 2024 · A1.7 b;haupt;Graph verschieben, spiegeln, strecken – Term nach Verschiebung ermitteln;ja;;Berechne die Nullstelle von $f$.
2024-bebb-gk-B2.1;vorspann;Gegeben ist die in $\mathbb{R}$ definierte Funktion $f$ mit $f(x) = (x - 2)\cdot e^{-\frac{x}{2} + 3}$ und ihrer Ableitung $f\'(x) = \left(-\frac{x}{2} + 2\right)\cdot e^{-\frac{x}{2} + 3}$. Die Abbildung zeigt den Graphen $G_f$ und den Graphen von $f\'$.;"Graph: Koordinatensystem ohne Skalierung; G_f steigt aus dem negativen Bereich steil durch die Nullstelle 2 zum Hochpunkt (4 | 2e) und fällt dann flach gegen die x-Achse; Graph von f′ fällt von hohen positiven Werten durch die Nullstelle 4 zum Tiefpunkt (6 | −1) und nähert sich dann der x-Achse; Beschriftungen G_f, G_f′";;Abi GK 2024 · B2.1;;;ja;Vorspann für 2.1a bis 2.1h;
2024-bebb-gk-B2.1a;a;$f$ hat genau eine Nullstelle. Gib sie an. Ermittle die Koordinaten des Punkts, in dem $G_f$ die $y$-Achse schneidet.;Graph aus dem Vorspann;2;Abi GK 2024 · B2.1 a;haupt;Nullstellen und Achsenschnittpunkte berechnen – Nullstelle und y-Achsenschnittpunkt bei e-Funktion;ja;;Berechne $f(0)$.
2024-bebb-gk-B2.1b;b;$G_f$ hat genau einen Hochpunkt. Bestimme seine Koordinaten.;Graph aus dem Vorspann;3;Abi GK 2024 · B2.1 b;haupt;Extrempunkte berechnen – Extrempunkt bei Produkt mit e-Funktion;ja;;"Löse $f\'(x) = 0$. ; Prüfe das Vorzeichen von $f\'$ links und rechts dieser Stelle."
2024-bebb-gk-B2.1c;c;Weise nach, dass $f\'\'(x) = \left(\frac{x}{4} - \frac{3}{2}\right)\cdot e^{-\frac{x}{2} + 3}$ gilt. $G_f$ hat genau einen Wendepunkt. Zeige, dass dies der Punkt $(6 \mid 4)$ ist.;;4;Abi GK 2024 · B2.1 c;haupt;Wendepunkte berechnen – f'' mit Produktregel, Wendepunkt bei e-Funktion;ja;;"Berechne $f\'\'(6)$ und $f(6)$. ; Prüfe das Vorzeichen von $f\'\'$ links und rechts von 6."
2024-bebb-gk-B2.1g;g;"Ein Schrankknauf entsteht, wenn $G_f$ für $2 \le x \le 11$ um die $x$-Achse rotiert. Die Abbildung zeigt seinen Querschnitt: oben begrenzt durch $G_f$, unten durch den Graphen einer Funktion $g$, der durch Spiegelung von $G_f$ an der $x$-Achse entsteht. Der Sockel liegt bei $x = 11$; 1 LE entspricht 0,5 cm. Gib eine Gleichung von $g$ an. Bestimme den Durchmesser des Sockels in Millimetern.";"Skizze: Querschnitt des Knaufs, geschlossene, zur x-Achse symmetrische Kurve von der Spitze S auf der x-Achse (x = 2) nach rechts bauchig bis etwa ±5,4, dann schmaler bis zum Sockel bei x = 11; Winkel α an der Spitze; Beschriftungen S, α, Sockel";3;Abi GK 2024 · B2.1 g;haupt+neben;Graph verschieben, spiegeln, strecken – gespiegelten Term angeben | neben: Maße im Sachzusammenhang aus dem Graphen berechnen – Durchmesser aus Funktionswert mit Maßstab;ja;;Berechne $f(11)$.
2024-bebb-gk-B2.1h;h;"Gegeben: Der Hochpunkt von $G_f$ ist $(4 \mid 2e)$. Der Schrankknauf (Rotationskörper von $G_f$ um die $x$-Achse für $2 \le x \le 11$, 1 LE entspricht 0,5 cm) wird aus einem quaderförmigen Holzstück gedreht; das Holz hat die Dichte 0,86 g/cm³. Gib die Maße an, die das Holzstück mindestens haben muss. Berechne die Masse dieses Holzstücks.";Skizze aus 2.1g;4;Abi GK 2024 · B2.1 h;haupt;Maße im Sachzusammenhang aus dem Graphen berechnen – Quader um das Profil mit Maßstab;ja;Zwischenergebnis aus 2.1b als „gegeben“;"Gib die Länge des Knaufs in LE an. ; Gib den größten Durchmesser des Knaufs in LE an."
2024-bebb-gk-B2.2;vorspann;"Gegeben ist die Funktion $f$ mit $f(x) = 0{,}5x^4 - 4x^2 + 3{,}5$, $x \in \mathbb{R}$; ihr Graph heißt $G_f$.";;;Abi GK 2024 · B2.2;;;ja;Vorspann für 2.2a bis 2.2h;
2024-bebb-gk-B2.2a;a;Weise nach, dass $G_f$ achsensymmetrisch zur $y$-Achse ist.;;2;Abi GK 2024 · B2.2 a;haupt;Symmetrie am Term begründen – über die Exponenten;ja;;
2024-bebb-gk-B2.2b;b;Gegeben: $G_f$ ist achsensymmetrisch zur $y$-Achse, und $(1 \mid 0)$ liegt auf $G_f$. Begründe ohne Rechnung, dass auch $(-1 \mid 0)$ auf $G_f$ liegt. Bestimme die übrigen Schnittpunkte von $G_f$ mit der $x$-Achse.;;4;Abi GK 2024 · B2.2 b;haupt;Nullstellen und Achsenschnittpunkte berechnen – Nullstellen über Symmetrie und Substitution;ja;Ergebnis aus 2.2a als „gegeben“;Ersetze $x^2$ durch $u$ und löse $0{,}5u^2 - 4u + 3{,}5 = 0$.
2024-bebb-gk-B2.2c;c;Bestimme Lage und Art der Extrempunkte von $G_f$.;;6;Abi GK 2024 · B2.2 c;haupt;Extrempunkte berechnen – Lage und Art aller Extrempunkte (ganzrational);ja;;"Bestimme $f\'(x)$ und zerlege in Faktoren. ; Bestimme $f\'\'(x)$."
2024-bebb-gk-B2.2g;g;Für $-1 \le x \le 1$ wird $f$ durch $p(x) = -3{,}5x^2 + 3{,}5$ angenähert. Die Differenz von $p$ und $f$ ist in diesem Bereich an genau zwei Stellen am größten. Zeige, dass diese größte Differenz $\frac{1}{8}$ beträgt.;;4;Abi GK 2024 · B2.2 g;haupt;Extremalproblem: Zielfunktion aufstellen und maximieren – Abstand zweier Graphen;ja;;"Stelle $d(x) = p(x) - f(x)$ auf. ; Löse $d\'(x) = 0$."
2024-bebb-gk-B2.2h;h;Gegeben: Für $-1 \le x \le 1$ beträgt die größte Differenz von $p(x) = -3{,}5x^2 + 3{,}5$ und $f(x)$ genau $\frac{1}{8}$. Für $x \ge 1$ soll $p$ als Näherung für $f$ gelten, solange der Betrag der Differenz höchstens dreimal so groß ist wie diese größte Differenz. Beschreibe einen Lösungsweg, mit dem du alle $x \ge 1$ ermittelst, für die $p$ als Näherung geeignet ist.;;3;Abi GK 2024 · B2.2 h;haupt;Gleichungen und Ungleichungen zwischen Funktionen lösen – Lösungsweg für eine Betragsungleichung beschreiben;ja;Ergebnis aus 2.2g als „gegeben“;Schreibe die Bedingung als Ungleichung mit Betrag.
2025-bebb-gk-A1.4a;a;"Gegeben ist die in $\mathbb{R}$ definierte Funktion $f$ mit $f(x) = 2e^x - 2e$; die Abbildung zeigt ihren Graphen. Weise nach, dass 1 eine Nullstelle von $f$ ist.";"Graph: x von −4 bis 2, y von −4 bis 2; Graph von f kommt von links fast waagerecht nahe −2e ≈ −5,4, steigt durch (0 | 2 − 2e ≈ −3,4) und die Nullstelle 1, dann steil nach oben; zum Lösen nicht nötig";1;Abi GK 2025 · A1.4 a;haupt;Nullstellen und Achsenschnittpunkte berechnen – Funktionswert oder Nullstelle durch Einsetzen;ja;;
2025-bebb-gk-A1.7a;a;"Gegeben ist die in $\mathbb{R}$ definierte Funktion $f$ mit $f(x) = -x^2 + 4x - 1$; die Abbildung zeigt ihren Graphen. Gib einen Term von $f\'$ an. Ermittle rechnerisch alle Lösungen der Gleichung $\frac{f(x) - 0}{x - 0} = f\'(x)$.";"Graph: Gitter, x von −2 bis 6, y von −6 bis 3; nach unten geöffnete Parabel mit Scheitel (2 | 3), Nullstellen bei etwa 0,27 und 3,73, y-Achsenabschnitt −1";3;Abi GK 2025 · A1.7 a;haupt;Gleichungen und Ungleichungen zwischen Funktionen lösen – Gleichung aus Differenzenquotient und Ableitung;ja;;Multipliziere die Gleichung mit $x$ und vereinfache.
2025-bebb-gk-B2.1;vorspann;"Gegeben ist die in $\mathbb{R}$ definierte Funktion $f$ mit $f(x) = \frac{2}{25}x^3 - \frac{3}{2}x$; ihr Graph heißt $G_f$. Aus $G_f$ und der Geraden $g$ mit $g(x) = \frac{1}{2}x$ wird ein Windrad gestaltet (Abbildung).";"Graph: Gitter, x und y von −6 bis 6; Kreis um den Ursprung mit Radius etwa 5,6; darin G_f (s-förmig durch den Ursprung, Hochpunkt (−2,5 | 2,5), Tiefpunkt (2,5 | −2,5)) und die Gerade g von B(−5 | −2,5) bis A(5 | 2,5); gepunktet die um 90° gedrehten Kopien, sodass vier Flügel entstehen; Beschriftungen A, B, G_f, g";;Abi GK 2025 · B2.1;;;ja;Vorspann für 2.1a bis 2.1c;
2025-bebb-gk-B2.1a;a;Weise nach, dass $G_f$ punktsymmetrisch zum Ursprung ist. Bestimme die Nullstellen von $f$.;;5;Abi GK 2025 · B2.1 a;haupt;Symmetrie am Term begründen – f(−x) = −f(x), dann Nullstellen;ja;;"Klammere $x$ aus. ; Löse $\frac{2}{25}x^2 - \frac{3}{2} = 0$."
2025-bebb-gk-B2.1b;b;$G_f$ hat genau zwei Extrempunkte. Bestimme ihre Koordinaten. Zeige, dass die Gerade durch diese beiden Punkte die Winkelhalbierende des II. und IV. Quadranten ist.;;7;Abi GK 2025 · B2.1 b;haupt;Extrempunkte berechnen – Extrempunkte und ihre Verbindungsgerade;ja;;"Bestimme $f\'(x)$ und $f\'\'(x)$. ; Löse $f\'(x) = 0$."
2025-bebb-gk-B2.1c;c;Für das Windrad werden $G_f$ und die Strecke von $g$ für $-5 \le x \le 5$ um 90° gegen den Uhrzeigersinn um den Ursprung gedreht. Dabei wird $g$ zur Geraden $g^*$ und der Punkt $A(5 \mid 2{,}5)$, in dem sich $G_f$ und $g$ schneiden, zum Punkt $A^*$. Begründe, dass $g^*(x) = -2x$ gilt. Gib die Koordinaten von $A^*$ an.;Graph aus dem Vorspann;3;Abi GK 2025 · B2.1 c;haupt;Graph verschieben, spiegeln, strecken – Drehung um den Ursprung;ja;;Gib an, wohin ein Punkt $(x \mid y)$ bei einer Drehung um 90° gegen den Uhrzeigersinn um den Ursprung abgebildet wird.
2025-bebb-gk-B2.2-T1;vorspann;"Gegeben ist die Funktion $f$ mit $f(x) = (2 - x)\cdot e^x$, $x \in \mathbb{R}$; die Abbildung zeigt ihren Graphen.";"Graph: x von −5 bis 2, y von 0 bis 3; Graph kommt von links nahe 0, steigt durch (0 | 2) zum Hochpunkt (1 | e), fällt durch die Nullstelle 2 und dann steil";;Abi GK 2025 · B2.2;;;ja;Vorspann für 2.2a und 2.2b (Aufgabenteil 1);
2025-bebb-gk-B2.2a;a;Gib die Nullstelle von $f$ an. Gib an, wie sich $f(x)$ für $x \to -\infty$ und für $x \to +\infty$ verhält.;Graph aus dem Vorspann;3;Abi GK 2025 · B2.2 a;haupt;Grenzverhalten angeben – Produkt mit e-Funktion;ja;;
2025-bebb-gk-B2.2b;b;Berechne die Koordinaten des Hochpunkts des Graphen von $f$.;;4;Abi GK 2025 · B2.2 b;haupt;Extrempunkte berechnen – Extrempunkt bei Produkt mit e-Funktion;ja;;"Bestimme $f\'(x)$ mit der Produktregel. ; Löse $f\'(x) = 0$."
2025-bebb-gk-B2.2-T2;vorspann;"Unter einem Beitrag auf einer Internetseite werden Likes gesammelt. $a(x)$ ist die Anzahl der Likes, die seit 12:00 Uhr abgegeben wurden; $x$ ist die Zeit in Stunden seit 12:00 Uhr. Die Abbildung zeigt den Graphen von $a$.";"Graph: x von 0 bis 7 (Stunden), y von 0 bis 3000; Graph steigt von 0 erst immer steiler, ab etwa x = 1 immer flacher und nähert sich 2500; a(2) ≈ 1500, a(4) ≈ 2300";;Abi GK 2025 · B2.2;;;nein;"Vorspann für 2.2e und 2.2g (Aufgabenteil 2); Term von a im Katalog nicht erfasst";
2025-bebb-gk-B2.2e;e;Beschreibe den Verlauf des Graphen von $a$ im Sachzusammenhang.;Graph aus dem Vorspann;2;Abi GK 2025 · B2.2 e;haupt;Graph skizzieren und Verlauf beschreiben – Verlauf im Sachzusammenhang beschreiben;nein;Graph nur beschrieben;
2025-bebb-gk-B2.2g;g;Die Gleichung $a(x + 3) = a(x) + 1000$ hat für $x > 0$ genau eine Lösung. Ermittle diese Lösung grafisch mithilfe der Abbildung. Deute die Gleichung im Sachzusammenhang.;Graph aus dem Vorspann;5;Abi GK 2025 · B2.2 g;haupt;Gleichungen und Ungleichungen zwischen Funktionen lösen – Funktionalgleichung grafisch lösen;nein;"grafische Lösung (≈ 1,9) hängt an der Zeichnung; Graph nur beschrieben";
2026-bb-gk-A1.4;vorspann;Gegeben ist die in $\mathbb{R}$ definierte Funktion $f$ mit $f(x) = \sin x$. Drei direkt aufeinanderfolgende Extrempunkte ihres Graphen, $A\left(\frac{\pi}{2} \mid 1\right)$, $B\left(\frac{3\pi}{2} \mid -1\right)$ und $C\left(\frac{5\pi}{2} \mid 1\right)$, sind die Ecken des Dreiecks $ABC$ (Abbildung).;"Graph: x von 0 bis 3π (Marken π/2, π, 3π/2, 2π, 5π/2, 3π); gestrichelt der Graph von sin x; durchgezogen das Dreieck ABC mit A(π/2 | 1), C(5π/2 | 1) oben und B(3π/2 | −1) unten; AB und BC schneiden die x-Achse bei π und 2π";;Abi GK 2026 · A1.4;;;ja;Vorspann für 1.4a und 1.4b;
2026-bb-gk-A1.4a;a;Berechne den Flächeninhalt des Dreiecks $ABC$.;;2;Abi GK 2026 · A1.4 a;haupt;Maße im Sachzusammenhang aus dem Graphen berechnen – Maße aus Extrempunkten ablesen;ja;;Gib die Länge der Seite $AC$ und die Höhe auf $AC$ an.
2026-bb-gk-A1.4b;b;Gegeben ist die Funktion $g$ mit $g(x) = 2\cdot\sin\left(\frac{1}{3}x\right)$, $x \in \mathbb{R}$. Betrachte die Strecke zwischen zwei direkt aufeinanderfolgenden Extrempunkten des Graphen von $g$. Untersuche, ob diese Strecke kürzer ist als die Strecke $AB$.;;3;Abi GK 2026 · A1.4 b;haupt;Graph verschieben, spiegeln, strecken – Aussage über Verschiebung oder Streckung beurteilen;ja;;"Berechne die Länge der Strecke $AB$. ; Gib zwei aufeinanderfolgende Extrempunkte des Graphen von $g$ an."
2026-bb-gk-A1.7a;a;Die Abbildung zeigt den Graphen der Ableitung $f\'$ einer in $\mathbb{R}$ definierten Funktion $f$. Die einzige Nullstelle von $f\'$ ist $-3$. Begründe, dass $f$ für $x \le -3$ monoton fällt und für $x \ge -3$ monoton steigt.;"Graph: Gitter, x von −4 bis 4, y von −3 bis 4; Graph von f′ (beschriftet) kommt von links unten, steigt steil durch die einzige Nullstelle −3 zum Hochpunkt (−2 | 4), fällt dann und nähert sich für große x von oben der x-Achse (bei x = 4 etwa 0,2)";2;Abi GK 2026 · A1.7 a;haupt;Monotonie und Krümmung aus der Ableitung begründen – Vorzeichen von f' am Graphen von f';ja;Vorzeichen von f′ nur aus der Abbildung;
2026-bb-gk-B2.1-T1;vorspann;"Gegeben ist die in $\mathbb{R}$ definierte Funktion $f$ mit $f(x) = \frac{1}{12}(x^4 + 4x^3 + 24)$. Ihre Ableitung ist $f\'(x) = x^2\cdot\left(\frac{1}{3}x + 1\right) = \frac{1}{3}x^3 + x^2$; die Abbildung zeigt den Graphen von $f\'$.";"Graph: Gitter, x von −3 bis 2, y von −1 bis 2; Graph von f′ mit Nullstelle −3 (Vorzeichenwechsel) und 0 (Berührung), Hochpunkt (−2 | 4/3), steigend für x > 0; Beschriftung „Graph von f′“";;Abi GK 2026 · B2.1;;;ja;Vorspann für 2.1a und 2.1c (Aufgabenteil 1);
2026-bb-gk-B2.1a;a;Gib an, wie sich $f\'(x)$ für $x \to -\infty$ und für $x \to +\infty$ verhält.;Graph aus dem Vorspann;2;Abi GK 2026 · B2.1 a;haupt;Grenzverhalten angeben – ganzrationale Funktion;ja;;Gib den Summanden mit der höchsten Potenz von $x$ an.
2026-bb-gk-B2.1c;c;Der Graph von $f$ hat genau zwei Wendepunkte. Berechne ihre Koordinaten.;;4;Abi GK 2026 · B2.1 c;haupt;Wendepunkte berechnen – Wendepunkt über f''(x) = 0 (ganzrational);ja;;"Bestimme $f\'\'(x)$ und zerlege in Faktoren. ; Bestimme $f\'\'\'(x)$ und setze die beiden Stellen ein."
2026-bb-gk-B2.1e;e;"Gegeben ist die Gerade $t$ mit $t(x) = \frac{4}{3}x + \frac{10}{3}$. Verschiebt man $t$ um $z$ Einheiten in negative $y$-Richtung, entsteht eine Gerade $h$, die von $t$ den Abstand 5 hat. Ermittle einen Wert für $z$; die Abbildung hilft dir dabei.";"Skizze: Koordinatensystem ohne Skalierung mit den parallelen Geraden t (durch ihren y-Achsenabschnitt) und h darunter; Lot vom y-Achsenabschnitt von t auf h mit rechtem Winkel; Beschriftungen t, h";4;Abi GK 2026 · B2.1 e;haupt;Graph verschieben, spiegeln, strecken – Verschiebung einer Geraden aus dem Abstand (Steigungsdreieck);ja;t(x) hier gegeben (im Heft aus 2.1d);Zeichne an $t$ ein Steigungsdreieck mit den Katheten 3 und 4 und bestimme die Länge der dritten Seite.
2026-bb-gk-B2.1-T2;vorspann;"Die Abbildung zeigt den Schienenverlauf einer Modelleisenbahn von oben; er ist symmetrisch zur $x$-Achse und zur $y$-Achse. Für $-2 \le x \le 0$ beschreibt der Graph $G$ der Funktion $g$ mit $g(x) = \frac{1}{3}x^3 + x^2$ den oberen Verlauf; er beginnt in $A\left(-2 \mid \frac{4}{3}\right)$. Oberer und unterer Verlauf sind links und rechts durch je einen Halbkreis verbunden, der waagerecht an die Schienen anschließt. 1 LE entspricht 1 m.";"Graph: Gitter, x von −4 bis 4, y von −1,5 bis 1,5; liegende Acht: oberer Bogen von A(−2 | 4/3) durch den Ursprung (dort Berührung der Achse, Kreuzung mit dem unteren Bogen) nach (2 | 4/3), unterer Bogen spiegelbildlich; links und rechts Halbkreise um (±2 | 0) mit Radius 4/3; grau die rechteckige Holzplatte; Beschriftungen A, G, oberer/unterer Schienenverlauf, Holzplatte";;Abi GK 2026 · B2.1;;;ja;Vorspann für 2.1f bis 2.1i (Aufgabenteil 2);
2026-bb-gk-B2.1f;f;Weise nach, dass der ganze Schienenverlauf auf eine rechteckige Holzplatte von 2,7 m mal 6,7 m passt.;Graph aus dem Vorspann;2;Abi GK 2026 · B2.1 f;haupt;Maße im Sachzusammenhang aus dem Graphen berechnen – Länge oder Weg aus Funktionswerten;ja;;"Gib den Radius der Halbkreise an. ; Gib an, bis zu welchem $x$-Wert die Halbkreise reichen."
2026-bb-gk-B2.1h;h;An der Strecke wird ein Sensor im Punkt $Q(x_Q \mid y_Q)$ mit $x_Q \neq 0$ angebracht. Für ihn gilt $y_Q = -g(-x_Q)$ und $g\'(-x_Q) = 0$. Beschreibe mithilfe der Abbildung, wo der Sensor liegt.;Graph aus dem Vorspann;2;Abi GK 2026 · B2.1 h;haupt;Monotonie und Krümmung aus der Ableitung begründen – Lage eines Punktes aus Bedingungen an f und f';ja;;"Löse $g\'(x) = 0$. ; Berechne $x_Q$ und $y_Q$."
2026-bb-gk-B2.1i;i;Der Bogen des Schienenverlaufs von $A$ bis zum Ursprung ist etwa 2,5 m lang. Ein Zug fährt 3,5 m pro Minute. Ermittle, wie lange er für eine ganze Runde braucht.;Graph aus dem Vorspann;3;Abi GK 2026 · B2.1 i;haupt;Maße im Sachzusammenhang aus dem Graphen berechnen – Länge eines Streckenzugs mit Kreisbögen;ja;;"Berechne die Länge der vier Bögen zusammen. ; Berechne die Länge der beiden Halbkreise zusammen."
2026-bb-gk-B2.2;vorspann;"Gegeben ist die Funktion $f$ mit $f(x) = 3e^x + 1$, $x \in \mathbb{R}$; ihr Graph heißt $G_f$.";"Graph: Gitter, x von −3 bis 2, y von 0 bis 6; G_f nähert sich links y = 1, geht durch (0 | 4) und steigt steil; zum Lösen nicht nötig";;Abi GK 2026 · B2.2;;;ja;Vorspann für 2.2a und 2.2f;
2026-bb-gk-B2.2a;a;Begründe am Funktionsterm, dass $G_f$ die $x$-Achse nicht schneidet. Gib die Wertemenge von $f$ an.;;3;Abi GK 2026 · B2.2 a;haupt;Nullstellen und Achsenschnittpunkte berechnen – Nullstelle und y-Achsenschnittpunkt bei e-Funktion;ja;;
2026-bb-gk-B2.2f;f;Der Graph der Funktion $k$ mit $k(x) = 60e^{-\frac{x}{400}} + 20$ entsteht aus $G_f$ unter anderem durch eine Streckung in $y$-Richtung mit dem Faktor 20. Der Faktor $-\frac{1}{400}$ im Exponenten bewirkt weitere Veränderungen. Gib diese an.;;2;Abi GK 2026 · B2.2 f;haupt;Graph verschieben, spiegeln, strecken – Abbildung zwischen zwei Graphen angeben;ja;;
2026-bb-gk-B2.2g;g;"Ein Speicherofen kühlt ab. Die Temperatur seiner Oberfläche in °C wird beschrieben durch $k(x) = 60e^{-\frac{x}{400}} + 20$; $x$ ist die Zeit in Minuten seit Beginn des Abkühlens. Gib die Temperatur zu Beginn an.";;1;Abi GK 2026 · B2.2 g;haupt;Nullstellen und Achsenschnittpunkte berechnen – Funktionswert oder Nullstelle durch Einsetzen;ja;;Berechne $k(0)$.
