id;wortlaut_kurz;skizze_kurz;ergebnis_kurz;zwischen_kurz;wortlaut_voll;skizze_voll;bemerkung
2023-OS-B1b;"Mia gibt 25 % ihres Gewinns an ihre Eltern ab; das sind 200 €. Gib an, wie hoch der ganze Gewinn war.";;800 €;G = 200 € · 100 : 25 = 800 €;;;T3: gekürzt (Wettbewerb weg)
2025-OS-B1a;;;30 €;G = 6 € · 100 : 20 = 30 €;;;"volle Fassung (T3); Rechnung in der Schreibweise des Merkkastens (B7/B8)"
2017-OS-B1d;Kreuze die Gleichung an, die für dieses Dreieck gilt: $x^2=y^2+z^2$ / $z^2=x^2-y^2$ / $z^2\cdot y^2=x^2$ / $z^2=x^2+y^2$;"dreieck: (0|0) (3,2|0) (0|2,2); Seiten $z$ / $x$ / $y$; rechter Winkel 1";z² = x² + y²;;;;T2: „x und y Katheten, z Hypotenuse“ zeigt die Skizze
2021-OS-B1h;Kreuze die Formel an, mit der man z berechnet: $z=\sqrt{x^2-y^2}$ / $z=\sqrt{x^2+y^2}$ / $z=\sqrt{y^2-x^2}$ / $z=y^2+x^2$;"dreieck: (0|0) (3,2|0) (3,2|2,2); Seiten $y$ / $z$ / $x$; rechter Winkel 2";z = √(x² + y²);;;;T2
2026-FOR-B1j;Kreuze an, mit welcher Gleichung man w berechnen kann: $w=\sqrt{v^2-u^2}$ / $w=\sqrt{u^2-v^2}$ / $w=\sqrt{u^2+v^2}$;"dreieck: (0|0) (3,2|0) (3,2|2,2); Seiten $v$ / $w$ / $u$; rechter Winkel 2";w = √(u² + v²);;;;"T2; Lage wie im Original (rechter Winkel unten rechts)"
2024-OS-B1f;Kreuze die Gleichung an, mit der man die Länge von z berechnen kann: $z=x^2-y^2$ / $z=\sqrt{x^2+y^2}$ / $z=x+y$ / $z=\sqrt{x^2-y^2}$;"dreieck: (0|0) (3,2|0) (0|2,2); Seiten $x$ / $y$ / $z$; rechter Winkel 1";z = √(x² − y²);z² = x² − y²;;;T2
2020-OS-K7a;;;;;Im Dreieck ABC ist bei C ein rechter Winkel. Die Strecke $\overline{BC}$ ist 12 m lang, die Strecke $\overline{AC}$ 34 m. Berechne die Länge der Strecke $\overline{AB}$.;"dreieck: (0|0) (1,2|3,4) (0|3,4); Seiten – / – / –; Ecken A B C; rechter Winkel 3; nicht maßstabsgerecht";"T1: Punkt Q weg (nur 7b); T5: 12 m kurz, 34 m lang gezeichnet"
2025-OS-K4a;Familie Yücel baut vor der Haustür eine Rampe für Rollstühle. Berechne die Länge x der Rampe.;"dreieck: (0|0) (5,95|0) (5,95|0,56); Seiten 16 cm / $x$ / 170 cm; rechter Winkel 2; nicht maßstabsgerecht";x ≈ 170,8 cm;x² = 170² + 16² = 29 156;;;"nur gekürzt: Winkel α weg (T1); T2: Maße nur in der Skizze"
2019-OS-K3a;Amir (A), Ben (B) und Chris (C) spielen sich beim Training den Ball zu. Ermittle den Abstand zwischen Ben und Chris.;"dreieck: (0|1,6) (0|0) (3,22|0); Seiten – / 9 m / 4 m; Ecken A B C; rechter Winkel 2; nicht maßstabsgerecht";$\overline{BC}$ = √65 ≈ 8,06 m;$\overline{BC}$² = 9² − 4² = 65;;;"T1: Winkel α weg; T2"
2024-OS-K6a;Eine Seilbahn führt vom Ort B im Tal zum Ort A auf einem Berg. Berechne den Höhenunterschied $\overline{FA}$ zwischen B und A.;"dreieck: (0|2,87) (2,55|0) (0|0); Seiten 255 m / – / 384 m; Ecken A B F; rechter Winkel 3; nicht maßstabsgerecht";$\overline{FA}$ ≈ 287,1 m;$\overline{FA}$² = 384² − 255² = 82 431;;;"T1: zweite Seilbahn, C und Winkel weg; T2"
2026-FOR-K4a;Im Parallelogramm ABCD ist die Höhe h eingezeichnet. Berechne die Höhe h.;"tikz: \begin{tikzpicture}[line width=0.6pt,baseline=(current bounding box.north)]\coordinate (A) at (0,0); \coordinate (B) at (3.6,0); \coordinate (F) at (4.9,0); \coordinate (C) at (4.9,2.92); \coordinate (D) at (1.3,2.92);\draw (A)--(B)--(C)--(D)--cycle; \draw[dashed] (B)--(F); \draw[dashed] (C)--(F); \mbrwmarke{(F)}{(C)}{(B)}\node[font=\small,anchor=north east] at (A) {$A$}; \node[font=\small,anchor=north east,inner sep=1pt] at (3.55,-0.05) {$B$}; \node[font=\small,anchor=south west] at (C) {$C$}; \node[font=\small,anchor=south east] at (D) {$D$}; \node[font=\small,anchor=north west] at (F) {$F$};\node[font=\small,anchor=east] at ($(B)!0.5!(C)+(-0.15,0)$) {32 cm}; \node[font=\small,anchor=north,inner sep=1pt] at (4.3,-0.32) {13 cm}; \node[font=\small,anchor=west] at ($(F)!0.5!(C)+(0.12,0)$) {$h$};\node[font=\scriptsize,mbgrau,anchor=north west] at ([yshift=-2pt]current bounding box.south west) {nicht maßstabsgerecht};\end{tikzpicture}";h = √855 ≈ 29,2 cm;h² = 32² − 13² = 855;;;"T1: Winkel ε weg; T2: Maße nur in der Skizze"
2022-OS-K5a;Im Dreieck ABC ist $h_c$ die Höhe auf die Seite $\overline{AB}$. Weise nach, dass die Strecke $\overline{AD}$ etwa 12,0 m lang ist.;"tikz: \begin{tikzpicture}[line width=0.6pt,baseline=(current bounding box.north)]\coordinate (A) at (0,0); \coordinate (D) at (3.6,0); \coordinate (B) at (6.4,0); \coordinate (C) at (3.6,2.22);\draw (A)--(B)--(C)--cycle; \draw[dashed] (C)--(D); \mbrwmarke{(D)}{(C)}{(B)}\node[font=\small,below left] at (A) {$A$}; \node[font=\small,below right] at (B) {$B$}; \node[font=\small,above] at (C) {$C$}; \node[font=\small,below] at (D) {$D$};\node[font=\small,anchor=south east] at ($(A)!0.5!(C)+(-0.08,0.08)$) {14,1 m}; \node[font=\small,anchor=east] at ($(D)!0.3!(C)+(-0.1,0)$) {$h_c \approx 7{,}4$ m};\node[font=\scriptsize,mbgrau,anchor=north west] at ([yshift=-2pt]current bounding box.south west) {nicht maßstabsgerecht};\end{tikzpicture}";$\overline{AD}$ = √144,05 ≈ 12,0 m;$\overline{AD}$² = 14,1² − 7,4² = 144,05;;;"T1: Winkel 52° und γ₁ weg; T2"
2016-OS-K7b;;;;;"An einem Fluss liegen der Bioladen C, eine Brücke D und eine Anlegestelle B auf einer Geraden am Ufer. Von einem Ausflugslokal A führt ein 920 m langer Weg zum Bioladen; vom Bioladen bis zur Brücke sind es 541 m. Die Strecke $\overline{AD}$ steht senkrecht auf dem Ufer. Vom Lokal A soll ein neuer Weg direkt zur Brücke D führen. Ermittle die Länge von $\overline{AD}$.";"tikz: \begin{tikzpicture}[line width=0.6pt,baseline=(current bounding box.north)]\coordinate (C) at (0,2.98); \coordinate (D) at (2.16,2.98); \coordinate (B) at (3.6,2.98); \coordinate (A) at (2.16,0);\draw (-0.5,2.98) -- (4.4,2.98); \draw (A)--(C); \draw[dashed] (A)--(D); \mbrwmarke{(D)}{(A)}{(C)}\fill (C) circle (1.2pt); \fill (D) circle (1.2pt); \fill (B) circle (1.2pt); \fill (A) circle (1.2pt);\node[font=\small,above] at (C) {$C$}; \node[font=\small,above] at (D) {$D$}; \node[font=\small,above] at (B) {$B$}; \node[font=\small,below] at (A) {$A$};\node[font=\small,anchor=north east] at ($(A)!0.5!(C)+(-0.1,-0.05)$) {920 m}; \node[font=\small,anchor=north] at ($(C)!0.5!(D)+(0,-0.1)$) {541 m};\node[font=\scriptsize,mbgrau,anchor=west] at (4.4,2.98) {Ufer};\node[font=\scriptsize,mbgrau,anchor=north west] at ([yshift=-2pt]current bounding box.south west) {nicht maßstabsgerecht};\end{tikzpicture}";"T1: Winkel 54° und 70° weg (nur 7a/7c); T6: ein Stamm"
2026-FOR-K2c;Ein Turm besteht aus einem Zylinder mit einem Kegeldach. Bestimme die Gesamthöhe des Turms.;"tikz: \begin{tikzpicture}[line width=0.6pt,baseline=(current bounding box.north)]\draw (-0.6,0) -- (-0.6,3.0); \draw (0.6,0) -- (0.6,3.0);\draw (-0.6,0) arc (180:360:0.6cm and 0.18cm); \draw[dashed,line width=0.4pt] (-0.6,0) arc (180:0:0.6cm and 0.18cm);\draw (-0.6,3.0) arc (180:360:0.6cm and 0.18cm); \draw[dashed,line width=0.4pt] (-0.6,3.0) arc (180:0:0.6cm and 0.18cm);\draw (-0.6,3.0) -- (0,3.86) -- (0.6,3.0); \draw[dashed,line width=0.4pt] (0,0) -- (0.6,0); \fill (0,0) circle (0.8pt);\node[font=\small,anchor=north] at (0.3,-0.22) {$r = 4{,}7$ m}; \node[font=\small,anchor=west] at (0.72,1.5) {$h = 25{,}0$ m};\node[font=\small,anchor=south west] at (0.36,3.5) {$s = 8{,}6$ m};\node[font=\scriptsize,mbgrau,anchor=north west] at ([yshift=-2pt]current bounding box.south west) {nicht maßstabsgerecht};\end{tikzpicture}";Gesamthöhe ≈ 32,2 m;"Kegelhöhe² = 8,6² − 4,7² = 51,87; Kegelhöhe ≈ 7,20 m";;;T2: Maße nur in der Skizze
2019-OS-K2d;Die Punkte A, B und C bilden ein Dreieck. Berechne die Länge der Strecke $\overline{BC}$.;"Koordinatensystem: x −1..3; y −3..3; Gitter ja (Kästchen 0,5); Punkte A(0|−2), B(2|−2), C(0|2) als Dreieck verbunden";$\overline{BC}$ = √20 ≈ 4,47;"$\overline{AB}$ = 2, $\overline{AC}$ = 4; $\overline{BC}$² = 2² + 4² = 20";;;"nur gekürzt: Winkel β und Graphen f, g, h weg (T1); Koordinaten nur im Bild wie im Original"
2015-OS-K6c;Tim baut das Modell einer Pyramide mit quadratischer Grundfläche: Die Grundkante ist 0,80 m lang, die Pyramide ist 0,68 m hoch. Berechne die Höhe einer Seitenfläche.;;$h_s$ ≈ 0,79 m;"halbe Grundkante 0,40 m; $h_s$² = 0,40² + 0,68² = 0,6224";;;"nur gekürzt: Flächeninhalt der Seitenfläche weg (T1); Sache bleibt (T4), Stufe versteckt (halbe Grundkante); Skizze des Originals (Pyramide ohne Maße) und Schritt b „Zeichne die Höhe ein und beschrifte“ mitnehmen (Bauregeln 4.3, Lehrer 07.10.)"
2025-OS-K2a;Ein Drachenviereck ABCD hat die Diagonalen $\overline{AC}$ = 50 cm und $\overline{BD}$ = 80 cm. Berechne die Länge der Seite $\overline{AB}$.;"tikz: \begin{tikzpicture}[line width=0.6pt,baseline=(current bounding box.north)]\coordinate (A) at (-2.2,0); \coordinate (C) at (2.2,0); \coordinate (D) at (0,1.75); \coordinate (B) at (0,-3.85); \coordinate (F) at (0,0);\draw (A)--(B)--(C)--(D)--cycle; \draw[line width=0.4pt] (A)--(C); \draw[line width=0.4pt] (B)--(D); \mbrwmarke{(F)}{(C)}{(D)}\node[font=\small,left] at (A) {$A$}; \node[font=\small,right] at (C) {$C$}; \node[font=\small,above] at (D) {$D$}; \node[font=\small,below] at (B) {$B$}; \node[font=\small,anchor=north east] at (-0.05,-0.05) {$F$};\node[font=\small,anchor=west] at (0.08,1.12) {25 cm};\node[font=\scriptsize,mbgrau,anchor=north west] at ([yshift=-2pt]current bounding box.south west) {nicht maßstabsgerecht};\end{tikzpicture}";$\overline{AB}$ ≈ 60,4 cm;"$\overline{AF}$ = 25 cm, $\overline{BF}$ = 80 − 25 = 55 cm; $\overline{AB}$² = 25² + 55² = 3650";;;"nur gekürzt: Symmetrieachsen weg (T1); Bestätigung BF = 55 cm gehört jetzt zur Rechnung"
2018-OS-K6d;"Ein runder Turm hat 6,4 m Durchmesser und ein Dach in Form eines Kegels; die Höhe des Daches ist bekannt. Beschreibe, wie man die Länge eines Dachbalkens berechnen kann.";"Schrägbild: Kegel (Dach) mit gestrichelter Grundkreisellipse; ein Pfeil „Dachbalken“ zeigt auf eine Mantellinie; nicht maßstabsgerecht";Radius 3,2 m und Dachhöhe h als Katheten, Dachbalken als Hypotenuse: s = √(3,2² + h²);;;;T2: Dachbalken von der Spitze zum Rand zeigt die Skizze
2022-OS-K2c;;;;;Ein Becher hat die Form eines Zylinders ohne Deckel. Er ist 7 cm hoch und hat den Radius 3,2 cm. Ein Rührstab steht schräg im Becher: Er berührt unten den Rand des Bodens und lehnt oben am gegenüberliegenden Rand. 2 cm des Stabs ragen über den Becher hinaus. Bestimme die Länge des Stabs.;"Schrägbild: stehender Zylinder ohne Deckel; Stab von der unteren linken Bodenkante zur oberen rechten Kante, ragt oben heraus; nicht maßstabsgerecht";T6: der Stamm stand im Wortlaut zweimal (Vorspann und Teilaufgabe) – einmal
