alt;neu;thema_neu;art
Anteil einer unterteilten Kreisfläche bestimmen;Bruchteil einer Fläche bestimmen;;zusammenziehen
Trapezfläche im Koordinatensystem aus Funktionsgraph und Geraden berechnen;Flächeninhalt einer von Graphen begrenzten Figur berechnen;;umbenennen
Flächeninhalt eines Vierecks aus den Achsenschnittpunkten zweier Funktionsgraphen berechnen;Flächeninhalt einer von Graphen begrenzten Figur berechnen;;zusammenziehen
Winkel als Differenz zweier Teilwinkel in einem zusammengesetzten rechtwinkligen Dreieck nachweisen;Winkel aus Teilwinkeln berechnen;;zusammenziehen
Flächenberechnung eines Vielecks anhand einer vorgegebenen Gleichung erläutern;Gleichung zu Figur erläutern;;umbenennen
Dreieck aus Koordinaten als gleichschenklig-rechtwinklig nachweisen;Dreiecksart aus Koordinaten nachweisen;;umbenennen
Gleich große oder doppelt so große Winkel in einer aus kongruenten Dreiecken zusammengesetzten Figur kennzeichnen;Winkel in zusammengesetzter Figur kennzeichnen;;umbenennen
Farbmenge aus Fläche und Ergiebigkeit berechnen;Materialbedarf aus Fläche berechnen;;zusammenziehen
Parameter einer Exponentialfunktion aus Graph bestimmen;Parameter einer Exponentialfunktion bestimmen;;umbenennen
Parameter einer Exponentialfunktion aus einer Wertetabelle bestimmen;Parameter einer Exponentialfunktion bestimmen;;zusammenziehen
Wertetabelle auf Exponentialfunktion prüfen;Wachstumsfaktor aus Tabelle bestimmen;;zusammenziehen
Sachaufgabe zu einer Gleichungskette formulieren;Gleichungskette im Sachzusammenhang erläutern;;umbenennen
Aussage über einen Logarithmusterm als Abstand zur y-Achse prüfen;Aussage zu Logarithmusterm prüfen;;umbenennen
Exponentialfunktion vertikal verschieben und Schnittpunkt mit der y-Achse angeben;Exponentialfunktion verschieben;;umbenennen
Maximale Anzahl rechteckiger Objekte auf einer Fläche bestimmen;Anzahl gleicher Rechtecke auf Fläche bestimmen;;umbenennen
Flächeninhalt eines Drachenvierecks aus Diagonalen berechnen;Flächeninhalt Drachenviereck berechnen;;zusammenziehen
Innendurchmesser eines Kreisrings aus Flächeninhalt und Außendurchmesser berechnen;Kreisringmaß aus Fläche berechnen;;umbenennen
Flächeninhalt eines aus vier kongruenten rechtwinkligen Dreiecken zusammengesetzten Vierecks berechnen;Flächeninhalt zusammengesetzter Figur berechnen;;zusammenziehen
Symmetrie einer geraden Funktion zur Bestimmung eines Funktionswertes ohne Rechnung nutzen;Funktionswert über Symmetrie bestimmen;;umbenennen
Datenreihen anhand von Kenngrößen vergleichen und begründen;Datenreihen anhand von Kenngrößen vergleichen;;umbenennen
Mehrere Kenngrößen zweier Datenreihen vergleichend bestimmen;Datenreihen anhand von Kenngrößen vergleichen;;zusammenziehen
Streckenlänge über ein konstruiertes Parallelogramm im Vieleck begründen;Streckenlänge im Vieleck begründen;;umbenennen
Grundfläche eines Prismas im Körpernetz kennzeichnen;Grundfläche im Netz kennzeichnen;;umbenennen
Maße eines Körpers aus einem bemaßten Netz im Maßstab ablesen;Maße aus Netz im Maßstab ablesen;;umbenennen
Geradengleichung aus Steigung und Punkt bestimmen;Geradengleichung aus Punkt und einem Parameter bestimmen;;umbenennen
Anstieg einer linearen Funktion aus Punkt und y-Achsenabschnitt berechnen;Geradengleichung aus Punkt und einem Parameter bestimmen;;zusammenziehen
Lineare Funktion aus Steigung und Schnittbedingung bestimmen;Geradengleichung aus Punkt und einem Parameter bestimmen;;zusammenziehen
Prozentualen Zuwachs aus Anfangs- und Endwert berechnen;Prozentuale Veränderung berechnen;;zusammenziehen
Prozentuale Abweichung eines Werts von einem Vergleichswert berechnen;Prozentuale Veränderung berechnen;;zusammenziehen
Prozentuale Abweichung einer Modellfläche von der tatsächlichen Fläche berechnen;Prozentuale Veränderung berechnen;;zusammenziehen
Gesamtmenge aus Pro-Kopf-Angabe, Anteil und Einwohnerzahl berechnen;Gesamtmenge aus Pro-Kopf-Angabe berechnen;;umbenennen
Funktionswerte einer Parabel im Sachkontext berechnen;Funktionswert berechnen;;zusammenziehen
x-Werte einer quadratischen Funktion zu gegebenem Funktionswert berechnen;Argument zu Funktionswert berechnen;;zusammenziehen
Parabelgleichung aus Spannweite und Höhe eines Bogens bestimmen;Parabelgleichung aus Scheitel und Punkt bestimmen;;zusammenziehen
Schnittpunktanzahl von Graphen begründen;Anzahl gemeinsamer Punkte zweier Graphen begründen;;umbenennen
Fehlende Schnittpunkte zweier Funktionen über Wertebereiche begründen;Anzahl gemeinsamer Punkte zweier Graphen begründen;;zusammenziehen
Schnittpunktgleichung zweier Parabeln herleiten;Schnittpunkte zweier Parabeln berechnen;;umbenennen
Parabelgleichung aus zwei Nullstellen aufstellen und Nullstellen bestätigen;Parabelgleichung aus Nullstellen aufstellen;;umbenennen
Aussage über eine mehrfach gebrochene Streckenteilung prüfen;Aussage über Bruchteile einer Größe prüfen;;umbenennen
Maximale ganzzahlige Menge aus Grenzwert berechnen;Ganzzahlige Anzahl aus Grenzwert bestimmen;Runden und Überschlag;umbenennen
Anzahl Objekte aus Masse und Tragfähigkeit berechnen;Ganzzahlige Anzahl aus Grenzwert bestimmen;;zusammenziehen
Transportanzahl aus Volumen und Masse berechnen;Ganzzahlige Anzahl aus Grenzwert bestimmen;;zusammenziehen
Winkel im allgemeinen Dreieck über Sinussatz berechnen;Sinussatz Winkel berechnen;;zusammenziehen
Winkel im allgemeinen Dreieck über Kosinussatz berechnen;Kosinussatz Winkel berechnen;;umbenennen
Seite im allgemeinen Dreieck über Kosinussatz berechnen;Kosinussatz Seite berechnen;;umbenennen
Seite im rechtwinkligen Dreieck aus Winkel und Kathete berechnen;Seite im rechtwinkligen Dreieck berechnen;;zusammenziehen
Winkel eines Drachenvierecks aus Diagonalenabschnitten berechnen;Winkel im rechtwinkligen Dreieck berechnen;;zusammenziehen
Höhe eines Drachenvierecks aus geteiltem Winkel und Diagonalen berechnen;Diagonale eines Drachenvierecks über Winkelfunktion berechnen;;umbenennen
Formel für die Tiefe eines Kegels aus Durchmesser und Öffnungswinkel herleiten;Formel über Winkelfunktion herleiten;;umbenennen
Trapezhöhe über den aus einem angrenzenden Dreieck übertragenen Winkel berechnen;Seite im rechtwinkligen Dreieck berechnen;;zusammenziehen
Graph einer trigonometrischen Funktion durch Streckung und Verschiebung beschreiben;Transformation einer trigonometrischen Funktion beschreiben;;umbenennen
Masse eines zusammengesetzten Körpers berechnen;Volumen zusammengesetzter Körper berechnen;;umbenennen
Volumen eines aus Kegel und Halbkugel zusammengesetzten Körpers mit Nebenbedingung berechnen;Volumen zusammengesetzter Körper berechnen;;zusammenziehen
Kantenlänge einer quadratischen Grundfläche aus Volumen berechnen;Grundkante aus Volumen berechnen;;umbenennen
Kugeldurchmesser aus Anzahl nebeneinanderliegender Kugeln bestimmen;Kugeldurchmesser aus Anordnung bestimmen;;umbenennen
Kantensumme eines Quaders mit Seitenlängen in Abhängigkeit von der Höhe berechnen;Term zu Körper angeben;;zusammenziehen
Durchmesser einer Halbkugel aus der Oberfläche berechnen;Kugelmaß aus Oberfläche berechnen;;umbenennen
Fläche zweier Mantelflächen eines Prismas mit trapezförmiger Grundfläche berechnen;Mantelfläche Prisma berechnen;;zusammenziehen
Wahrscheinlichkeit für die Position des ersten Treffers berechnen;Wahrscheinlichkeit mehrstufig ohne Zurücklegen;;zusammenziehen
Länge auf der Mantellinie eines Kegels bei Teilfüllung über Ähnlichkeit bestimmen;Streckenlänge über Ähnlichkeit berechnen;;umbenennen
Grundstücksbreiten aus einem in Teilflächen zerlegten Trapez bestimmen;Streckenlänge über Ähnlichkeit berechnen;;zusammenziehen
