id;marke;quelle;kapitel;stufe;handgriffe;art;eltern_id;wortlaut;abbildung;loesung;schritte;zahlart;fragerichtung;darstellung;woerter;bemerkung
2014-OS-B1i-h1;nach P10 ’14;P10 2014 · 1i;prozent;Prozent und Anteil umwandeln;prozent:Prozent und Anteil umwandeln;herausgeloest;2014-OS-B1i;In einem Rechteck sind 3/5 der Fläche grau. Gib diesen Anteil in Prozent an.;;3/5 = 60/100 = 60 %;1;bruch;vorwärts;Text;14;
2014-OS-K2b-h1;nach P10 ’14;P10 2014 · 2b;dreiecke;Winkelsumme;dreiecke:Winkelsumme;herausgeloest;2014-OS-K2b;Im Dreieck aus Jugendherberge J, Forsthaus F und Restaurant R ist der Winkel bei F 60° und der Winkel bei R 50° groß. Berechne den Winkel bei J.;;∢J = 180° − 60° − 50° = 70°;1;ganz;vorwärts;Text;28;
2014-OS-K3b-h1;nach P10 ’14;P10 2014 · 3b;prozent;Prozentwert;prozent:Prozentwert;herausgeloest;2014-OS-K3b;Lena hat an ihrem 14. Geburtstag 824,32 € auf dem Sparbuch. Die Bank zahlt 2 % Zinsen im Jahr. Berechne die Zinsen für ein Jahr.;;Z = 824,32 € · 0,02 = 16,4864 € ≈ 16,49 €;1;dezimal;vorwärts;Text;25;
2014-OS-K6a-h1;nach P10 ’14;P10 2014 · 6a;prozent;Prozent und Anteil umwandeln;prozent:Prozent und Anteil umwandeln;herausgeloest;2014-OS-K6a;Die Wahrscheinlichkeit, dass der Zeiger eines Glücksrads auf B zeigt, ist 3/8. Gib sie in Prozent an.;;3/8 = 0,375 = 37,5 %;1;bruch;vorwärts;Text;17;
2014-OS-K7a-h1;nach P10 ’14;P10 2014 · 7a;lineare;rechnerisch an Gerade und Parabel;lineare:rechnerisch an Gerade und Parabel;herausgeloest;2014-OS-K7a;Die Gerade g hat die Gleichung g(x) = 2x − 3. Prüfe mit einer Rechnung, ob der Punkt S(−3 | −9) auf g liegt.;;g(−3) = 2 · (−3) − 3 = −9 ⇒ S liegt auf g;1;ganz;Aussage prüfen;Text;24;
2015-OS-B1a-h1;nach P10 ’15;P10 2015 · 1a;prozent;Prozent und Anteil umwandeln;prozent:Prozent und Anteil umwandeln;herausgeloest;2015-OS-B1a;In einem Topf liegen 6 Kugeln, 3 davon sind weiß. Gib den Anteil der weißen Kugeln in Prozent an.;;3/6 = 1/2 = 50 %;1;ganz;vorwärts;Text;19;
2015-OS-K2b-h1;nach P10 ’15;P10 2015 · 2b;prozent;Prozentwert;prozent:Prozentwert;herausgeloest;2015-OS-K2b;Eine Familie müsste am Fernsehturm 43,50 € Eintritt zahlen. Im Winter gibt es 20 % Rabatt. Berechne, wie viel Euro sie spart.;;W = 43,50 € · 0,2 = 8,70 €;1;dezimal;vorwärts;Text;22;Muster beispiel-zwischenschritt.html, Beispiel 1
2015-OS-K4a-h1;nach P10 ’15;P10 2015 · 4a;lineare;erkennen und ablesen;lineare:erkennen und ablesen;herausgeloest;2015-OS-K4a;Der Graph zeigt die Höhe h (in m) eines Fallschirmspringers in Abhängigkeit von der Zeit t (in s). Lies ab, nach wie vielen Sekunden er landet.;Graph aus P10 2015 Aufgabe 4: Strecke von (20 | 1200) bis (260 | 0), Gitter 20 s;t = 260 s (Schnittpunkt mit der t-Achse);1;ganz;vorwärts;Diagramm;26;Absprunghöhe weggelassen, Landezeit = Nullstelle
2015-OS-K5d-h1;nach P10 ’15;P10 2015 · 5d;dreiecke;Seite berechnen;dreiecke:Seite berechnen;herausgeloest;2015-OS-K5d;Im Dreieck AED ist bei E ein rechter Winkel. Die Hypotenuse AD ist 4,1 cm lang, der Winkel bei D beträgt 21°. Berechne die Länge der Kathete AE.;;AE = 4,1 cm · sin 21° ≈ 1,47 cm;1;krumm;vorwärts;Text;28;
2015-OS-K6c-h1;nach P10 ’15;P10 2015 · 6c;dreiecke;Kathete oder Hypotenuse direkt;dreiecke:Kathete oder Hypotenuse direkt;herausgeloest;2015-OS-K6c;Ein rechtwinkliges Dreieck hat die Katheten 0,68 m und 0,40 m. Berechne die Länge der Hypotenuse.;;h_s = √(0,68² + 0,40²) = √0,6224 ≈ 0,79 m;1;krumm;vorwärts;Text;16;In der Pyramide: Höhe, halbe Grundkante und Seitenhöhe
2015-OS-K7c-h1;nach P10 ’15;P10 2015 · 7c;daten;Winkel berechnen und beschriften;daten:Winkel berechnen und beschriften;herausgeloest;2015-OS-K7c;Von 83 Elfmetern wurden 12 nicht verwandelt. Berechne den Mittelpunktswinkel, den dieser Anteil in einem Kreisdiagramm bekommt.;;α = 12/83 · 360° = 4320/83° ≈ 52°;1;krumm;vorwärts;Text;17;
2015-OS-K7d-h1;nach P10 ’15;P10 2015 · 7d;wahrscheinlichkeit;ohne Zurücklegen;wahrscheinlichkeit:ohne Zurücklegen;herausgeloest;2015-OS-K7d;"11 Spieler schießen nacheinander je einen Elfmeter; die Reihenfolge wird ausgelost. Berechne die Wahrscheinlichkeit, dass Ronny unter den ersten drei Schützen ist.";;P = 1 − 10/11 · 9/10 · 8/9 = 3/11 ≈ 27,3 %;2;bruch;vorwärts;Text;22;
2016-OS-K2c-h1;nach P10 ’16;P10 2016 · 2c;prozent;Prozentsatz;prozent:Prozentsatz;herausgeloest;2016-OS-K2c;Ein Filmpark hatte 2009 320 000 Besucher. 2010 kamen 80 000 Besucher mehr. Berechne, wie viel Prozent der Besucherzahl von 2009 das sind.;;p = 80 000 : 320 000 = 0,25 = 25 %;1;ganz;vorwärts;Text;23;Ablesen und Differenz weggelassen
2016-OS-K5b-h1;nach P10 ’16;P10 2016 · 5b;wahrscheinlichkeit;Ergebnisse aufzählen;wahrscheinlichkeit:Ergebnisse aufzählen;herausgeloest;2016-OS-K5b;"Aus den Ziffern 2, 3 und 6 wird eine dreistellige Zahl gebildet; jede Ziffer kommt genau einmal vor. Schreib alle möglichen Zahlen auf.";;236, 263, 326, 362, 623, 632 (6 Zahlen);1;ganz;vorwärts;Text;23;
2016-OS-K5b-h2;nach P10 ’16;P10 2016 · 5b;wahrscheinlichkeit;Wahrscheinlichkeit angeben;wahrscheinlichkeit:Wahrscheinlichkeit angeben;herausgeloest;2016-OS-K5b;Von den sechs Zahlen 236, 263, 326, 362, 623 und 632 wird eine zufällig gezogen. Gib die Wahrscheinlichkeit an, dass sie gerade ist.;;P(gerade) = 4/6 = 2/3 ≈ 66,7 %;1;bruch;vorwärts;Text;23;
2016-OS-K6d-h1;nach P10 ’16;P10 2016 · 6d;gleichungssysteme;lösen;gleichungssysteme:lösen;herausgeloest;2016-OS-K6d;x ist die Zahl der Dreibettzimmer, y die Zahl der Fünfbettzimmer einer Jugendherberge. Löse das Gleichungssystem I: x + y = 16, II: 3x + 5y = 66.;;x = 7, y = 9 (7 Dreibett-, 9 Fünfbettzimmer);3;ganz;vorwärts;Text;28;
2016-OS-K7c-h1;nach P10 ’16;P10 2016 · 7c;dreiecke;Winkelsumme;dreiecke:Winkelsumme;herausgeloest;2016-OS-K7c;Im Dreieck ACD ist bei D ein rechter Winkel, der Winkel bei C beträgt 54°. Berechne den Winkel bei A.;;∢CAD = 180° − 90° − 54° = 36°;1;ganz;vorwärts;Text;20;
2017-OS-K3b-h1;nach P10 ’17;P10 2017 · 3b;flaechen;Grundfigur berechnen;flaechen:Grundfigur berechnen;herausgeloest;2017-OS-K3b;An die kurzen Seiten eines rechteckigen Pools sind zwei Halbkreise mit 5 m Durchmesser gesetzt. Zusammen bilden sie einen Kreis. Berechne seinen Flächeninhalt.;;A = π · 2,5² = 6,25π m² ≈ 19,63 m²;2;krumm;vorwärts;Text;23;
2017-OS-K4c-h1;nach P10 ’17;P10 2017 · 4c;flaechen;Grundfigur berechnen;flaechen:Grundfigur berechnen;herausgeloest;2017-OS-K4c;"Die beiden Dachflächen eines Dachbodens sind Rechtecke, beide 8,00 m lang; die eine ist 4,50 m, die andere 7,00 m breit. Berechne ihren Flächeninhalt zusammen.";;A = 8 · (4,5 + 7,0) = 92 m²;2;dezimal;vorwärts;Text;25;
2017-OS-K6a-h1;nach P10 ’17;P10 2017 · 6a;prozent;Prozent und Anteil umwandeln;prozent:Prozent und Anteil umwandeln;herausgeloest;2017-OS-K6a;Die Wahrscheinlichkeit, an einem Zahlenschloss die richtige Ziffer beim ersten Versuch zu treffen, ist 1/10. Gib sie in Prozent an.;;1/10 = 10 %;1;bruch;vorwärts;Text;20;
2017-OS-K6b-h1;nach P10 ’17;P10 2017 · 6b;wahrscheinlichkeit;Wahrscheinlichkeit angeben;wahrscheinlichkeit:Wahrscheinlichkeit angeben;herausgeloest;2017-OS-K6b;Für ein Zahlenschloss kommen 6 Nummern in Frage, genau eine ist richtig. Gib die Wahrscheinlichkeit an, beim ersten Versuch die richtige zu treffen.;;P = 1/6 ≈ 16,7 %;1;bruch;vorwärts;Text;23;
2017-OS-K6b-h2;nach P10 ’17;P10 2017 · 6b;wahrscheinlichkeit;ohne Zurücklegen;wahrscheinlichkeit:ohne Zurücklegen;herausgeloest;2017-OS-K6b;Für ein Zahlenschloss kommen 6 Nummern in Frage, genau eine ist richtig. Jan probiert sie nacheinander aus, ohne eine zu wiederholen. Berechne die Wahrscheinlichkeit, dass er spätestens beim zweiten Versuch richtig liegt.;;P = 1/6 + 5/6 · 1/5 = 2/6 = 1/3 ≈ 33,3 %;2;bruch;vorwärts;Text;32;
2018-OS-B1j-h1;nach P10 ’18;P10 2018 · 1j;prozent;Prozentwert;prozent:Prozentwert;herausgeloest;2018-OS-B1j;"Ein Glücksrad hat 5 gleich große Felder; 40 % davon sollen rot sein. Gib an, wie viele Felder rot sind.";;W = 5 · 0,4 = 2 Felder;1;ganz;vorwärts;Text;20;
2018-OS-K2a-h1;nach P10 ’18;P10 2018 · 2a;prozent;Erhöhung und Veränderung in Prozent;prozent:Erhöhung und Veränderung in Prozent;herausgeloest;2018-OS-K2a;Ein Unternehmen hatte 2013 einen Umsatz von 600 000 €. Der Umsatz steigt um 8 %. Berechne den neuen Umsatz.;;600 000 € · 1,08 = 648 000 €;1;ganz;vorwärts;Text;20;
2018-OS-K2c-h1;nach P10 ’18;P10 2018 · 2c;wachstum;Tabelle ergänzen;wachstum:Tabelle ergänzen;herausgeloest;2018-OS-K2c;Der Umsatz eines Unternehmens betrug 2017 816 293 € und wächst jedes Jahr um 8 %. Berechne den Umsatz für 2018 und 2019.;;2018: 816 293 € · 1,08 = 881 596,44 € ≈ 881 596 € | 2019: 881 596,44 € · 1,08 ≈ 952 124 €;2;krumm;vorwärts;Text;23;
2018-OS-K3d-h1;nach P10 ’18;P10 2018 · 3d;prozent;Prozent und Anteil umwandeln;prozent:Prozent und Anteil umwandeln;herausgeloest;2018-OS-K3d;„Jede 15. Frau isst 1- bis 3-mal pro Woche Fleisch.“ Gib diesen Anteil in Prozent an.;;1/15 = 20/3 % ≈ 6,7 %;1;bruch;vorwärts;Text;16;
2018-OS-K6a-h1;nach P10 ’18;P10 2018 · 6a;flaechen;Grundfigur berechnen;flaechen:Grundfigur berechnen;herausgeloest;2018-OS-K6a;Ein runder Turm hat einen Durchmesser von 6,4 m. Berechne seine Grundfläche.;;A = π · 3,2² = 10,24π m² ≈ 32,17 m²;2;krumm;vorwärts;Text;12;
2018-OS-K7c-h1;nach P10 ’18;P10 2018 · 7c;wahrscheinlichkeit;Ergebnisse aufzählen;wahrscheinlichkeit:Ergebnisse aufzählen;herausgeloest;2018-OS-K7c;"Ein Gast nimmt blind nacheinander zwei Pfannkuchen; jeder ist mit Marmelade (M) oder Senf (S) gefüllt. Schreib alle Ergebnisse auf, bei denen mindestens ein Senf-Pfannkuchen dabei ist.";;(S | M), (M | S), (S | S);1;ganz;vorwärts;Text;27;
2019-OS-B1g-h1;nach P10 ’19;P10 2019 · 1g;prozent;Grundwert;prozent:Grundwert;herausgeloest;2019-OS-B1g;In einem Gefäß liegen 4 schwarze Kugeln. Sie sind 2/3 aller Kugeln im Gefäß. Berechne, wie viele Kugeln insgesamt im Gefäß liegen.;;G = 4 : 2/3 = 6 Kugeln (1/3 sind 2 Kugeln);2;bruch;rückwärts;Text;22;Bruch-Grundwert
2019-OS-K2d-h1;nach P10 ’19;P10 2019 · 2d;dreiecke;Winkel berechnen;dreiecke:Winkel berechnen;herausgeloest;2019-OS-K2d;"Im Dreieck ABC ist bei A ein rechter Winkel; AB ist 2 Einheiten, AC 4 Einheiten lang. Berechne den Winkel β bei B.";;tan β = 4 : 2 = 2 ⇒ β ≈ 63,4°;1;krumm;vorwärts;Text;23;
2019-OS-K3c-h1;nach P10 ’19;P10 2019 · 3c;dreiecke;Winkelsumme;dreiecke:Winkelsumme;herausgeloest;2019-OS-K3c;Im Dreieck ABC ist bei B ein rechter Winkel, der Winkel bei A beträgt 64°. Berechne den Winkel bei C.;;∢ACB = 180° − 90° − 64° = 26°;1;ganz;vorwärts;Text;20;
2019-OS-K4c-h1;nach P10 ’19;P10 2019 · 4c;koerper;Volumen direkt;koerper:Volumen direkt;herausgeloest;2019-OS-K4c;Ein Prisma hat eine dreieckige Grundfläche von 0,975 m² und ist 1,20 m hoch. Berechne sein Volumen.;;V = 0,975 m² · 1,2 m = 1,17 m³;1;dezimal;vorwärts;Text;17;
2019-OS-K4c-h2;nach P10 ’19;P10 2019 · 4c;prozent;Prozentwert;prozent:Prozentwert;herausgeloest;2019-OS-K4c;In ein Prisma passen 1,2 m³ Wasser. Es ist zu 10 % gefüllt. Berechne, wie viel m³ Wasser darin sind.;;W = 1,2 m³ · 0,1 = 0,12 m³;1;dezimal;vorwärts;Text;20;
2019-OS-K5b-h1;nach P10 ’19;P10 2019 · 5b;prozent;Prozent und Anteil umwandeln;prozent:Prozent und Anteil umwandeln;herausgeloest;2019-OS-K5b;„Drei Viertel der Mädchen sehen in ihrer Freizeit fern.“ Gib den Anteil in Prozent an.;;3/4 = 75 %;1;bruch;vorwärts;Text;15;
2019-OS-K5c-h1;nach P10 ’19;P10 2019 · 5c;daten;falschen Eindruck erklären;daten:falschen Eindruck erklären;herausgeloest;2019-OS-K5c;Ein Säulendiagramm zeigt, wie viel Prozent der Jugendlichen Bücher lesen: 2011 44 %, 2015 36 %. Die Hochachse beginnt bei 30 %. Erkläre, warum der Rückgang im Diagramm größer aussieht, als er ist.;Säulendiagramm aus P10 2019 Aufgabe 5, Achse ab 30 %;"Achse beginnt bei 30 % statt bei 0: sichtbar sind nur 14 und 6 Prozentpunkte, die Säule wirkt mehr als halbiert; tatsächlich sinkt der Anteil nur um 8 Prozentpunkte";1;ganz;Aussage prüfen;Diagramm;33;
2019-OS-K6b-h1;nach P10 ’19;P10 2019 · 6b;wahrscheinlichkeit;ohne Zurücklegen;wahrscheinlichkeit:ohne Zurücklegen;herausgeloest;2019-OS-K6b;In einer Kiste liegen 20 Buntstifte, 4 davon sind rot. Marie nimmt blind nacheinander drei Stifte heraus und legt keinen zurück. Berechne die Wahrscheinlichkeit, dass alle drei rot sind.;;P = 4/20 · 3/19 · 2/18 = 1/285 ≈ 0,35 %;1;bruch;vorwärts;Text;29;
2020-OS-K6a-h1;nach P10 ’20;P10 2020 · 6a;wahrscheinlichkeit;Wahrscheinlichkeit angeben;wahrscheinlichkeit:Wahrscheinlichkeit angeben;herausgeloest;2020-OS-K6a;"Ein Würfel wird zweimal geworfen; es gibt 36 Augenpaare. Bei 6 davon zeigt der zweite Wurf eine 2. Gib die Wahrscheinlichkeit dafür in Prozent an.";;P = 6/36 = 1/6 ≈ 16,7 %;1;bruch;vorwärts;Text;25;
2020-OS-K6c-h1;nach P10 ’20;P10 2020 · 6c;wahrscheinlichkeit;Pfadregel;wahrscheinlichkeit:Pfadregel;herausgeloest;2020-OS-K6c;Lisa würfelt dreimal. Berechne die Wahrscheinlichkeit, dass sie im ersten und im zweiten Wurf eine 6 würfelt und im dritten keine.;;P = 1/6 · 1/6 · 5/6 = 5/216 ≈ 2,3 %;1;bruch;vorwärts;Text;21;ein Pfad des Baums
2020-OS-K7c-h1;nach P10 ’20;P10 2020 · 7c;dreiecke;Winkelsumme;dreiecke:Winkelsumme;herausgeloest;2020-OS-K7c;Im Dreieck DEF ist der Winkel bei F 115° und der Winkel bei E 16° groß. Berechne den Winkel bei D.;;∢D = 180° − 115° − 16° = 49°;1;ganz;vorwärts;Text;21;
2021-OS-K2b-h1;nach P10 ’21;P10 2021 · 2b;lineare;rechnerisch an Gerade und Parabel;lineare:rechnerisch an Gerade und Parabel;herausgeloest;2021-OS-K2b;Die lineare Funktion f hat die Gleichung y = 3x + 1. Prüfe mit einer Rechnung, ob der Punkt Q(5 | 0) auf dem Graphen von f liegt.;;f(5) = 3 · 5 + 1 = 16 ≠ 0 ⇒ Q liegt nicht auf dem Graphen;1;ganz;Aussage prüfen;Text;28;
2021-OS-K2c-h1;nach P10 ’21;P10 2021 · 2c;quadratische;Nullstellen berechnen;quadratische:Nullstellen berechnen;herausgeloest;2021-OS-K2c;Beim Gleichsetzen einer Parabel mit einer Geraden entsteht die Gleichung x² − x − 2 = 0. Berechne ihre Lösungen.;;x² − x − 2 = 0 ⇒ x₁ = −1, x₂ = 2;2;ganz;vorwärts;Text;20;
2021-OS-K3c-h1;nach P10 ’21;P10 2021 · 3c;dreiecke;Winkelsumme;dreiecke:Winkelsumme;herausgeloest;2021-OS-K3c;Im Dreieck BCD ist der Winkel bei D 60° und der Winkel bei B 74° groß. Berechne den Winkel bei C.;;∢BCD = 180° − 60° − 74° = 46°;1;ganz;vorwärts;Text;21;
2021-OS-K5a-h1;nach P10 ’21;P10 2021 · 5a;daten;Mittelwert;daten:Mittelwert;herausgeloest;2021-OS-K5a;"Im Hamburger Hafen wurden 2009 bis 2017 so viele Container (in Millionen) be- und entladen: 7,0; 7,9; 9,0; 8,9; 9,3; 9,7; 8,8; 8,9; 8,8. Berechne den Durchschnitt.";;Summe 78,3 ⇒ 78,3 : 9 = 8,7 Millionen;2;dezimal;vorwärts;Tabelle;27;Diagramm als Zahlenreihe
2021-OS-K7b-h1;nach P10 ’21;P10 2021 · 7b;gleichungssysteme;lösen;gleichungssysteme:lösen;herausgeloest;2021-OS-K7b;x ist der Eintritt für einen Erwachsenen, y der für ein Kind (in €). Löse das Gleichungssystem I: 2x + 2y = 77,80, II: x + 3y = 64,90.;;x = 25,90, y = 13 (Erwachsener 25,90 €, Kind 13,00 €);3;dezimal;vorwärts;Text;29;
2022-OS-B1a-h1;nach P10 ’22;P10 2022 · 1a;prozent;Prozent und Anteil umwandeln;prozent:Prozent und Anteil umwandeln;herausgeloest;2022-OS-B1a;20 % einer Fläche sollen markiert werden. Gib an, welcher Bruchteil der Fläche das ist.;;20 % = 20/100 = 1/5;1;ganz;vorwärts;Text;15;
2022-OS-K2a-h1;nach P10 ’22;P10 2022 · 2a;koerper;Netz mit Maßen skizzieren;koerper:Netz mit Maßen skizzieren;herausgeloest;2022-OS-K2a;Die Mantelfläche eines zylinderförmigen Bechers (r = 3,2 cm, h = 7 cm) wird zu einem Rechteck abgewickelt. Berechne die Länge und die Breite des Rechtecks.;;Länge = 2 · π · 3,2 = 6,4π cm ≈ 20,1 cm | Breite = 7 cm;1;krumm;vorwärts;Text;26;
2022-OS-K3a-h1;nach P10 ’22;P10 2022 · 3a;lineare;Gleichung aufstellen und rückwärts rechnen;lineare:Gleichung aufstellen und rückwärts rechnen;herausgeloest;2022-OS-K3a;Berechne die Nullstelle der Funktion f mit f(x) = −2x + 3.;;−2x + 3 = 0 ⇒ x = 1,5;1;dezimal;rückwärts;Text;12;
2022-OS-K3c-h1;nach P10 ’22;P10 2022 · 3c;quadratische;Nullstellen berechnen;quadratische:Nullstellen berechnen;herausgeloest;2022-OS-K3c;Beim Gleichsetzen einer Parabel mit einer Geraden entsteht die Gleichung x² − 2x − 3 = 0. Berechne ihre Lösungen.;;x² − 2x − 3 = 0 ⇒ x₁ = −1, x₂ = 3;2;ganz;vorwärts;Text;20;
2022-OS-K4a-h1;nach P10 ’22;P10 2022 · 4a;daten;Mittelwert;daten:Mittelwert;herausgeloest;2022-OS-K4a;Von 1 200 befragten Jugendlichen lasen mehrmals pro Woche ein Buch: 2017 468, 2018 432, 2019 485, 2020 470, 2021 400. Berechne den Durchschnitt dieser fünf Werte.;;(468 + 432 + 485 + 470 + 400) : 5 = 2255 : 5 = 451;2;ganz;vorwärts;Tabelle;27;Diagramm als Zahlenreihe
2022-OS-K4b-h1;nach P10 ’22;P10 2022 · 4b;prozent;Prozentsatz;prozent:Prozentsatz;herausgeloest;2022-OS-K4b;2020 lasen 470 Jugendliche regelmäßig, 2021 nur noch 400. Berechne, um wie viel Prozent die Zahl gesunken ist.;;70 : 470 = 7/47 ≈ 14,9 %;2;krumm;vorwärts;Text;18;Muster beispiel-zwischenschritt.html, Beispiel 2
2022-OS-K5e-h1;nach P10 ’22;P10 2022 · 5e;dreiecke;Seite berechnen;dreiecke:Seite berechnen;herausgeloest;2022-OS-K5e;Im Dreieck DBC ist bei D ein rechter Winkel. Die Kathete DC ist 7,4 m lang, der Winkel bei B beträgt 52°. Berechne die Länge der Kathete DB.;;DB = 7,4 m : tan 52° ≈ 5,8 m;1;krumm;vorwärts;Text;28;
2022-OS-K5e-h2;nach P10 ’22;P10 2022 · 5e;flaechen;Grundfigur berechnen;flaechen:Grundfigur berechnen;herausgeloest;2022-OS-K5e;Ein Dreieck hat die Grundseite c ≈ 17,8 m und die Höhe 7,4 m. Berechne seinen Flächeninhalt.;;A = 17,8 · 7,4 : 2 = 65,86 m² ≈ 65,9 m²;1;dezimal;vorwärts;Text;17;
2023-OS-B1d-h1;nach P10 ’23;P10 2023 · 1d;prozent;Prozent und Anteil umwandeln;prozent:Prozent und Anteil umwandeln;herausgeloest;2023-OS-B1d;25 % einer Fläche sollen markiert werden. Gib an, welcher Bruchteil der Fläche das ist.;;25 % = 25/100 = 1/4;1;ganz;vorwärts;Text;15;
2023-OS-B1f-h1;nach P10 ’23;P10 2023 · 1f;prozent;Prozent und Anteil umwandeln;prozent:Prozent und Anteil umwandeln;herausgeloest;2023-OS-B1f;Schreib 44 % als Dezimalzahl.;;44 % = 0,44;1;ganz;vorwärts;Text;5;
2023-OS-B1g-h1;nach P10 ’23;P10 2023 · 1g;dreiecke;Winkelsumme;dreiecke:Winkelsumme;herausgeloest;2023-OS-B1g;Im Dreieck ABC sind die Winkel bei A und bei B je 70° groß. Gib die Größe des Winkels γ an.;;γ = 180° − 2 · 70° = 40°;1;ganz;vorwärts;Text;21;
2023-OS-K2c-h1;nach P10 ’23;P10 2023 · 2c;dreiecke;Seite berechnen;dreiecke:Seite berechnen;herausgeloest;2023-OS-K2c;Ein Trapez ist 8,00 m hoch. Die Winkel an der unteren Seite sind je 56° groß. Berechne die Länge eines Schenkels.;;s = 8 m : sin 56° ≈ 9,65 m;1;krumm;vorwärts;Text;21;
2023-OS-K3b-h1;nach P10 ’23;P10 2023 · 3b;lineare;Gleichung aufstellen und rückwärts rechnen;lineare:Gleichung aufstellen und rückwärts rechnen;herausgeloest;2023-OS-K3b;Ein Transporter kostet einmalig 120 € Miete für eine Woche und dazu 0,09 € je gefahrenem Kilometer. Stelle eine Gleichung auf, mit der man die Kosten K für x Kilometer berechnen kann.;;K(x) = 0,09x + 120;1;dezimal;vorwärts;Text;32;Probe mit 470 km: 162,30 €
2023-OS-K4a-h1;nach P10 ’23;P10 2023 · 4a;lineare;aus Gleichung zeichnen;lineare:aus Gleichung zeichnen;herausgeloest;2023-OS-K4a;Zeichne die Gerade f mit f(x) = 4x − 2 in ein Koordinatensystem.;leeres Koordinatensystem;Gerade durch (0 | −2) und (1 | 2): y-Achsenabschnitt −2, Steigungsdreieck 1 nach rechts, 4 nach oben;1;ganz;vorwärts;Bild;13;
2023-OS-K4b-h1;nach P10 ’23;P10 2023 · 4b;quadratische;Scheitelpunkt ablesen;quadratische:Scheitelpunkt ablesen;herausgeloest;2023-OS-K4b;Im Koordinatensystem ist eine nach unten geöffnete Normalparabel gezeichnet. Gib ihren Scheitelpunkt an.;Graph aus P10 2023 Aufgabe 4: nach unten geöffnete Normalparabel mit Scheitel (−1 | 6);S(−1 | 6);1;ganz;vorwärts;Bild;13;
2023-OS-K4c-h1;nach P10 ’23;P10 2023 · 4c;quadratische;Nullstellen berechnen;quadratische:Nullstellen berechnen;herausgeloest;2023-OS-K4c;Beim Gleichsetzen p(x) = −10 entsteht die Gleichung x² + 2x − 15 = 0. Berechne ihre Lösungen.;;x² + 2x − 15 = 0 ⇒ x₁ = −5, x₂ = 3;2;ganz;vorwärts;Text;18;
2023-OS-K5c-h1;nach P10 ’23;P10 2023 · 5c;flaechen;Grundfigur berechnen;flaechen:Grundfigur berechnen;herausgeloest;2023-OS-K5c;Aus einem Blechstreifen werden 12 kreisrunde Deckel mit dem Radius 4 cm ausgestanzt. Berechne den Flächeninhalt aller Deckel zusammen.;;A = 12 · π · 4² = 192π cm² ≈ 603,2 cm²;2;krumm;vorwärts;Text;19;
2023-OS-K5c-h2;nach P10 ’23;P10 2023 · 5c;prozent;Prozentsatz;prozent:Prozentsatz;herausgeloest;2023-OS-K5c;Von einem 800 cm² großen Blechstreifen bleiben 196,8 cm² als Abfall übrig. Berechne, wie viel Prozent des Streifens das sind.;;p = 196,8 : 800 = 0,246 = 24,6 %;1;dezimal;vorwärts;Text;20;
2023-OS-K6b-h1;nach P10 ’23;P10 2023 · 6b;prozent;Prozentsatz;prozent:Prozentsatz;herausgeloest;2023-OS-K6b;2020 lebten auf der Erde rund 7,8 Milliarden Menschen, davon 1,95 Milliarden Kinder. Berechne den Anteil der Kinder in Prozent.;;p = 1,95 : 7,8 = 0,25 = 25 %;1;dezimal;vorwärts;Text;20;
2023-OS-K7a-h1;nach P10 ’23;P10 2023 · 7a;dreiecke;Winkelsumme;dreiecke:Winkelsumme;herausgeloest;2023-OS-K7a;Im Dreieck ABF ist bei F ein rechter Winkel und bei A ein Winkel von 45°. Berechne den Winkel bei B.;;∢ABF = 180° − 90° − 45° = 45°;1;ganz;vorwärts;Text;21;
2024-OS-B1e-h1;nach P10 ’24;P10 2024 · 1e;prozent;Prozentwert;prozent:Prozentwert;herausgeloest;2024-OS-B1e;Der Eintritt in ein Schwimmbad kostet 3,50 €. Berechne 20 % davon.;;W = 3,50 € · 0,2 = 0,70 €;1;dezimal;vorwärts;Text;12;Gegenprobe Auftrag K: Prozentwert 2024 als Zwischenschritt
2024-OS-K2b-h1;nach P10 ’24;P10 2024 · 2b;prozent;Erhöhung und Veränderung in Prozent;prozent:Erhöhung und Veränderung in Prozent;herausgeloest;2024-OS-K2b;Im April 2021 fielen 19,2 mm Niederschlag, im Monatsdurchschnitt 48,5 mm. Berechne, um wie viel Prozent der April unter dem Durchschnitt lag.;;(48,5 − 19,2) : 48,5 = 29,3 : 48,5 = 293/485 ≈ 60,4 %;2;krumm;vorwärts;Text;22;
2024-OS-K3b-h1;nach P10 ’24;P10 2024 · 3b;quadratische;Scheitelpunkt ablesen;quadratische:Scheitelpunkt ablesen;herausgeloest;2024-OS-K3b;Gib den Scheitelpunkt der Parabel p mit p(x) = x² − 4 an.;;S(0 | −4);1;ganz;vorwärts;Text;13;
2024-OS-K3d-h1;nach P10 ’24;P10 2024 · 3d;quadratische;Nullstellen berechnen;quadratische:Nullstellen berechnen;herausgeloest;2024-OS-K3d;Beim Gleichsetzen einer Geraden mit einer Parabel entsteht die Gleichung x² − 4x − 5 = 0. Berechne ihre Lösungen.;;x² − 4x − 5 = 0 ⇒ x₁ = −1, x₂ = 5;2;ganz;vorwärts;Text;20;
2024-OS-K4c-h1;nach P10 ’24;P10 2024 · 4c;koerper;Volumen direkt;koerper:Volumen direkt;herausgeloest;2024-OS-K4c;Ein Kegel hat den Radius r = 30 cm und die Höhe h = 80 cm. Berechne sein Volumen.;;V = 1/3 · π · 30² · 80 = 24 000π cm³ ≈ 75 398 cm³;1;krumm;vorwärts;Text;19;zweiter Teil (Zylinder 30,5 cm/81 cm) gleicher Handgriff
2024-OS-K5b-h1;nach P10 ’24;P10 2024 · 5b;wahrscheinlichkeit;Pfadregel;wahrscheinlichkeit:Pfadregel;herausgeloest;2024-OS-K5b;"Benjamin zieht in zwei Wochen jeweils einen von fünf Zetteln; einer davon ist der Joker. Berechne die Wahrscheinlichkeit, dass er beide Male den Joker zieht.";;P = 1/5 · 1/5 = 1/25 = 4 %;1;bruch;vorwärts;Text;25;
2024-OS-K6d-h1;nach P10 ’24;P10 2024 · 6d;dreiecke;Winkelsumme;dreiecke:Winkelsumme;herausgeloest;2024-OS-K6d;Im Dreieck ABC ist α = 38° und β = 108°. Berechne γ.;;γ = 180° − 38° − 108° = 34°;1;ganz;vorwärts;Text;13;
2024-OS-K7b-h1;nach P10 ’24;P10 2024 · 7b;gleichungssysteme;lösen;gleichungssysteme:lösen;herausgeloest;2024-OS-K7b;r ist die Zahl der Rosen, t die Zahl der Tulpen in einem Strauß. Löse das Gleichungssystem I: 2,30r + 1,70t = 26,90, II: r + t = 13.;;r = 8, t = 5 (8 Rosen, 5 Tulpen);3;dezimal;vorwärts;Text;29;
2025-OS-K2c-h1;nach P10 ’25;P10 2025 · 2c;dreiecke;gleichschenkliges Dreieck;dreiecke:gleichschenkliges Dreieck | dreiecke:Winkelsumme;herausgeloest;2025-OS-K2c;Im Dreieck AFD ist bei F ein rechter Winkel, und AF und DF sind beide 25 cm lang. Begründe, dass der Winkel bei D 45° groß ist.;;AF = DF ⇒ gleichschenklig, Basiswinkel gleich: (180° − 90°) : 2 = 45°;1;ganz;Aussage prüfen;Text;27;
2025-OS-K3d-h1;nach P10 ’25;P10 2025 · 3d;wahrscheinlichkeit;Pfadregel;wahrscheinlichkeit:Pfadregel;herausgeloest;2025-OS-K3d;"Auf einer Scheibe mit 4 gleich großen Feldern steht auf 2 Feldern eine 1, auf einer zweiten Scheibe mit 4 Feldern auf 2 Feldern eine 3. Beide Scheiben werden gedreht; erst wird links, dann rechts abgelesen. Berechne die Wahrscheinlichkeit für die Zahl 13.";;P(13) = 2/4 · 2/4 = 1/4 = 25 %;1;bruch;vorwärts;Text;43;
2025-OS-K4a-h1;nach P10 ’25;P10 2025 · 4a;dreiecke;Winkel berechnen;dreiecke:Winkel berechnen;herausgeloest;2025-OS-K4a;"Eine Rampe überwindet eine 16 cm hohe Stufe; waagerecht ist sie 170 cm lang. Berechne den Anstiegswinkel α.";;tan α = 16 : 170 = 8/85 ⇒ α ≈ 5,4°;1;krumm;vorwärts;Text;18;
2025-OS-K4b-h1;nach P10 ’25;P10 2025 · 4b;prozent;Prozentsatz;prozent:Prozentsatz;herausgeloest;2025-OS-K4b;Eine Rampe steigt auf 170 cm waagerechter Strecke um 16 cm an. Berechne ihre Steigung in Prozent.;;16 : 170 = 8/85 ≈ 9,4 %;1;krumm;vorwärts;Text;17;
2025-OS-K4c-h1;nach P10 ’25;P10 2025 · 4c;dreiecke;Winkelsumme;dreiecke:Winkelsumme;herausgeloest;2025-OS-K4c;In einem Dreieck sind zwei Winkel 5° und 141° groß. Berechne den dritten Winkel.;;180° − 5° − 141° = 34°;1;ganz;vorwärts;Text;14;
2025-OS-K5a-h1;nach P10 ’25;P10 2025 · 5a;lineare;zeichnen und Aussagen prüfen;lineare:zeichnen und Aussagen prüfen;herausgeloest;2025-OS-K5a;Der Graph einer linearen Funktion f geht durch A(−2 | 6) und B(3 | −1,5). Entscheide, ob f monoton steigt oder fällt, und begründe.;;f fällt: von A nach B wird x größer und y kleiner (Steigung (−1,5 − 6) : 5 = −1,5);1;dezimal;Aussage prüfen;Text;24;
2025-OS-K5b-h1;nach P10 ’25;P10 2025 · 5b;quadratische;Scheitelpunkt ablesen;quadratische:Scheitelpunkt ablesen;herausgeloest;2025-OS-K5b;Im Koordinatensystem ist die Parabel p mit p(x) = x² − 6x + 7 gezeichnet. Gib ihren Scheitelpunkt an.;Graph aus P10 2025 Aufgabe 5: Normalparabel mit Scheitel (3 | −2);S(3 | −2);1;ganz;vorwärts;Bild;19;
2025-OS-K6a-h1;nach P10 ’25;P10 2025 · 6a;daten;Minimum, Maximum, Spannweite;daten:Minimum, Maximum, Spannweite;herausgeloest;2025-OS-K6a;Die Kinder einer Kita-Gruppe sind 5, 2, 1, 4, 2, 4, 2, 4, 2 und 2 Jahre alt. Berechne die Spannweite.;;5 − 1 = 4 Jahre;1;ganz;vorwärts;Text;21;
2025-OS-K6b-h1;nach P10 ’25;P10 2025 · 6b;prozent;Prozentsatz;prozent:Prozentsatz;herausgeloest;2025-OS-K6b;In einer Kita sind 5 von 11 Erziehenden jünger als 50 Jahre. Berechne diesen Anteil in Prozent.;;5 : 11 = 5/11 ≈ 45,5 %;1;krumm;vorwärts;Text;17;
2025-OS-K6b-h2;nach P10 ’25;P10 2025 · 6b;daten;Winkel berechnen und beschriften;daten:Winkel berechnen und beschriften;herausgeloest;2025-OS-K6b;5 von 11 Erziehenden sind jünger als 50 Jahre. Berechne den Mittelpunktswinkel für diesen Anteil im Kreisdiagramm.;;5/11 · 360° = 1800/11° ≈ 163,6°;1;krumm;vorwärts;Text;17;
2025-OS-K6c-h1;nach P10 ’25;P10 2025 · 6c;daten;Mittelwert;daten:Mittelwert;herausgeloest;2025-OS-K6c;Die 11 Erziehenden einer Kita sind 52, 57, 33, 44, 31, 30, 66, 58, 61, 41 und 55 Jahre alt. Bestimme das Durchschnittsalter.;;Summe 528 ⇒ 528 : 11 = 48 Jahre;2;ganz;vorwärts;Text;23;
2026-FOR-K3c-h1;nach P10 ’26;P10 2026 FOR · 3c;prozent;Prozentsatz;prozent:Prozentsatz;herausgeloest;2026-FOR-K3c;Der Benzinpreis stieg von 1,79 € auf 1,84 €, also um 0,05 €. Berechne, wie viel Prozent von 1,79 € das sind.;;0,05 : 1,79 = 5/179 ≈ 2,8 %;1;krumm;vorwärts;Text;22;
2026-FOR-K6b-h1;nach P10 ’26;P10 2026 FOR · 6b;wahrscheinlichkeit;Pfadregel;wahrscheinlichkeit:Pfadregel;herausgeloest;2026-FOR-K6b;Würfel A zeigt mit der Wahrscheinlichkeit 3/6 eine ungerade Zahl, Würfel B mit 5/6. Beide werden nacheinander geworfen. Berechne die Wahrscheinlichkeit, dass beide eine ungerade Zahl zeigen.;;P = 3/6 · 5/6 = 15/36 = 5/12 ≈ 41,7 %;1;bruch;vorwärts;Text;27;
2026-FOR-K6c-h1;nach P10 ’26;P10 2026 FOR · 6c;wahrscheinlichkeit;Pfadregel;wahrscheinlichkeit:Pfadregel;herausgeloest;2026-FOR-K6c;Würfel A zeigt mit der Wahrscheinlichkeit 3/6 eine gerade Zahl, Würfel B mit 1/6. Beide werden nacheinander geworfen. Berechne die Wahrscheinlichkeit, dass beide eine gerade Zahl zeigen.;;P = 3/6 · 1/6 = 3/36 = 1/12 ≈ 8,3 %;1;bruch;vorwärts;Text;27;
2026-FOR-K6d-h1;nach P10 ’26;P10 2026 FOR · 6d;wahrscheinlichkeit;Pfadregel;wahrscheinlichkeit:Pfadregel;herausgeloest;2026-FOR-K6d;Würfel A zeigt mit der Wahrscheinlichkeit 2/6 eine 1, Würfel B mit 3/6. Beide werden nacheinander geworfen. Berechne die Wahrscheinlichkeit, dass beide eine 1 zeigen.;;P = 2/6 · 3/6 = 6/36 = 1/6 ≈ 16,7 %;1;bruch;vorwärts;Text;25;
2014-GYM-K2c-h1;nach P10 ’14;P10 2014 GYM · 2c;quadratische;Scheitelpunktform angeben;quadratische:Scheitelpunktform angeben;herausgeloest;2014-GYM-K2c;"Der Scheitelpunkt einer Parabel p liegt bei S(1,5 | 0); die Parabel ist mit dem Faktor a gestreckt. Schreib eine Gleichung von p in Scheitelpunktform auf.";;p(x) = a · (x − 1,5)²;1;dezimal;vorwärts;Text;26;Probe mit a = 4/3 aus der Aufgabe: p(0) = 3
2014-GYM-K3c-h1;nach P10 ’14;P10 2014 GYM · 3c;wahrscheinlichkeit;Wahrscheinlichkeit angeben;wahrscheinlichkeit:Wahrscheinlichkeit angeben;herausgeloest;2014-GYM-K3c;5 Schüler losen ihre Startplätze 1 bis 5 aus. Gib die Wahrscheinlichkeit an, dass Franz Platz 1 oder 2 bekommt.;;P = 2/5 = 40 %;1;bruch;vorwärts;Text;20;
2014-GYM-K4b-h1;nach P10 ’14;P10 2014 GYM · 4b;wachstum;Faktor bestimmen, Gleichung aufstellen;wachstum:Faktor bestimmen, Gleichung aufstellen;herausgeloest;2014-GYM-K4b;Eine Kapsel enthält 500 mg Wirkstoff. Im Körper halbiert sich die Masse jede Stunde. Berechne die Masse nach 2 Stunden.;;500 mg · 0,5² = 125 mg;1;ganz;vorwärts;Text;20;
2014-GYM-K4b-h2;nach P10 ’14;P10 2014 GYM · 4b;wachstum;Graph zuordnen und begründen;wachstum:Graph zuordnen und begründen;herausgeloest;2014-GYM-K4b;Die Masse eines Wirkstoffs sinkt in jeder Stunde auf die Hälfte: 500, 250, 125, 62,5 mg. Begründe, dass die Abnahme exponentiell und nicht linear ist.;;"gleicher Faktor 0,5 je Stunde; die Abnahmen (250, 125, 62,5 mg) sind nicht gleich groß";1;dezimal;Aussage prüfen;Tabelle;25;
2014-GYM-K5c-h1;nach P10 ’14;P10 2014 GYM · 5c;dreiecke;Dreieck erst in Figur oder Körper finden;dreiecke:Dreieck erst in Figur oder Körper finden | dreiecke:Kathete oder Hypotenuse direkt;herausgeloest;2014-GYM-K5c;Ein Kegel hat den Radius 154 m und die Mantellinie 193 m. Berechne seine Höhe.;;h = √(193² − 154²) = √13 533 ≈ 116,3 m;1;krumm;vorwärts;Text;15;
2015-GYM-K2c-h1;nach P10 ’15;P10 2015 GYM · 2c;dreiecke;Dreieck erst in Figur oder Körper finden;dreiecke:Dreieck erst in Figur oder Körper finden | dreiecke:Kathete oder Hypotenuse direkt;herausgeloest;2015-GYM-K2c;Berechne den Abstand des Punktes R(5 | 2) vom Ursprung O(0 | 0).;;OR = √(5² + 2²) = √29 ≈ 5,39 LE;1;krumm;vorwärts;Text;13;
2015-GYM-K3a-h1;nach P10 ’15;P10 2015 GYM · 3a;lineare;Tarife vergleichen;lineare:Tarife vergleichen;herausgeloest;2015-GYM-K3a;Eurobus verlangt 200 € Buchungsgebühr und 1,50 € je km, Travelbus 2,00 € je km ohne Gebühr. Berechne die Kosten für 350 km bei beiden und gib das günstigere Angebot an.;;Eurobus 200 + 1,5 · 350 = 725 € | Travelbus 2 · 350 = 700 € ⇒ Travelbus;2;dezimal;vergleichen;Text;31;
2015-GYM-K3b-h1;nach P10 ’15;P10 2015 GYM · 3b;gleichungssysteme;aufstellen;gleichungssysteme:aufstellen;herausgeloest;2015-GYM-K3b;Eine Jugendherberge hat 16 Zimmer mit zusammen 66 Betten, nur Dreibett- und Fünfbettzimmer. Stelle zwei Gleichungen für die Zahl x der Dreibett- und y der Fünfbettzimmer auf.;;I: x + y = 16 | II: 3x + 5y = 66;1;ganz;vorwärts;Text;27;Probe mit x = 7, y = 9
2015-GYM-K4b-h1;nach P10 ’15;P10 2015 GYM · 4b;koerper;Mantelfläche mit Kosten;koerper:Mantelfläche mit Kosten;herausgeloest;2015-GYM-K4b;Der Rumpf einer Fingerpuppe ist ein Zylinder mit dem Radius 1,73 cm und der Höhe 6 cm. Berechne seine Mantelfläche.;;M = 2 · π · 1,73 · 6 = 20,76π cm² ≈ 65,22 cm²;1;krumm;vorwärts;Text;20;
2015-GYM-K4b-h2;nach P10 ’15;P10 2015 GYM · 4b;dreiecke;Dreieck erst in Figur oder Körper finden;dreiecke:Dreieck erst in Figur oder Körper finden | dreiecke:Kathete oder Hypotenuse direkt;herausgeloest;2015-GYM-K4b;Ein kegelförmiger Hut hat den Radius 1,73 cm und die Höhe 3 cm. Berechne die Länge seiner Mantellinie.;;s = √(1,73² + 3²) ≈ 3,46 cm;1;krumm;vorwärts;Text;18;
2016-GYM-K4c-h1;nach P10 ’16;P10 2016 GYM · 4c;quadratische;Nullstellen berechnen;quadratische:Nullstellen berechnen;herausgeloest;2016-GYM-K4c;Der Brückenbogen hat die Gleichung p(x) = −0,0085x² + 12. Berechne die Nullstellen von p.;;0,0085x² = 12 ⇒ x = ±√(12 : 0,0085) = ±40√255/17 ≈ ±37,57;2;krumm;vorwärts;Text;15;
2016-GYM-K4c-h2;nach P10 ’16;P10 2016 GYM · 4c;quadratische;Scheitelpunkt ablesen;quadratische:Scheitelpunkt ablesen;herausgeloest;2016-GYM-K4c;Gib den Scheitelpunkt der Parabel p mit p(x) = −0,0085x² + 12 an.;;S(0 | 12);1;dezimal;vorwärts;Text;13;
2016-GYM-K5a-h1;nach P10 ’16;P10 2016 GYM · 5a;prozent;Prozentsatz;prozent:Prozentsatz;herausgeloest;2016-GYM-K5a;Die Pumpspeicherwerke in Thüringen leisten zusammen 1 460 MW, alle in Deutschland 7 000 MW. Berechne den Anteil Thüringens in Prozent.;;1460 : 7000 = 73/350 ≈ 20,9 %;1;krumm;vorwärts;Text;21;
2016-GYM-K5b-h1;nach P10 ’16;P10 2016 GYM · 5b;koerper;Volumen direkt;koerper:Volumen direkt;herausgeloest;2016-GYM-K5b;Ein Oberbecken hat eine Wasseroberfläche von 550 000 m². Der Wasserstand schwankt um 20 m. Berechne, wie viel m³ Wasser diese Schwankung ausmacht.;;V = 550 000 m² · 20 m = 11 000 000 m³;1;ganz;vorwärts;Text;23;Becken als Prisma
2017-GYM-K2a-h1;nach P10 ’17;P10 2017 GYM · 2a;quadratische;Punkt auf der Parabel prüfen;quadratische:Punkt auf der Parabel prüfen;herausgeloest;2017-GYM-K2a;Berechne den Schnittpunkt der Parabel f mit f(x) = (x − 3)² + 1,5 mit der y-Achse.;;f(0) = 9 + 1,5 = 10,5 ⇒ S_y(0 | 10,5);1;dezimal;vorwärts;Text;17;
2017-GYM-K3b-h1;nach P10 ’17;P10 2017 GYM · 3b;dreiecke;Dreieck erst in Figur oder Körper finden;dreiecke:Dreieck erst in Figur oder Körper finden | dreiecke:Kathete oder Hypotenuse direkt;herausgeloest;2017-GYM-K3b;Die Diagonalenabschnitte eines Drachenvierecks sind 8,5 m und 7,5 m lang und stehen senkrecht aufeinander. Berechne die Länge der Seite zwischen ihren Enden.;;√(8,5² + 7,5²) = √128,5 ≈ 11,34 m;1;krumm;vorwärts;Text;23;
2017-GYM-K3c-h1;nach P10 ’17;P10 2017 GYM · 3c;flaechen;Figur erst zerlegen oder Strecke erst berechnen;flaechen:Figur erst zerlegen oder Strecke erst berechnen;herausgeloest;2017-GYM-K3c;Ein Grundstück ist 30 m lang und 15 m breit. Darauf liegt eine Sandfläche von 225 m², der Rest ist Rasen. Berechne die Rasenfläche.;;450 m² − 225 m² = 225 m²;2;ganz;vorwärts;Text;24;
2017-GYM-K3c-h2;nach P10 ’17;P10 2017 GYM · 3c;koerper;Volumen direkt;koerper:Volumen direkt;herausgeloest;2017-GYM-K3c;Eine Sandfläche von 225 m² wird 0,5 m hoch mit Sand gefüllt. Berechne das Sandvolumen.;;V = 225 m² · 0,5 m = 112,5 m³;1;dezimal;vorwärts;Text;15;
2017-GYM-K3c-h3;nach P10 ’17;P10 2017 GYM · 3c;prozent;Prozentsatz;prozent:Prozentsatz;herausgeloest;2017-GYM-K3c;Auf einem 450 m² großen Grundstück sind 225 m² Rasen. Berechne den Anteil der Rasenfläche in Prozent.;;225 : 450 = 0,5 = 50 %;1;ganz;vorwärts;Text;17;
2017-GYM-K4c-h1;nach P10 ’17;P10 2017 GYM · 4c;prozent;Grundwert;prozent:Grundwert;herausgeloest;2017-GYM-K4c;"In einem Becher steht der Quark 8 cm hoch; das sind 93 % der Becherhöhe. Berechne die Höhe des Bechers.";;G = 8 cm : 0,93 ≈ 8,60 cm;1;krumm;rückwärts;Text;20;
2017-GYM-K5b-h1;nach P10 ’17;P10 2017 GYM · 5b;prozent;Erhöhung und Veränderung in Prozent;prozent:Erhöhung und Veränderung in Prozent;herausgeloest;2017-GYM-K5b;Ein Stromtarif kostet netto 326,70 € im Jahr. Dazu kommen 19 % Umsatzsteuer. Berechne den Bruttopreis.;;326,70 € · 1,19 = 388,773 € ≈ 388,77 €;1;dezimal;vorwärts;Text;16;
2018-GYM-K2d-h1;nach P10 ’18;P10 2018 GYM · 2d;dreiecke;Winkel berechnen;dreiecke:Winkel berechnen;herausgeloest;2018-GYM-K2d;Eine Gerade hat die Steigung −3. Berechne den Winkel, den sie mit der x-Achse einschließt.;;tan α = 3 ⇒ α ≈ 71,6°;1;krumm;vorwärts;Text;15;
2018-GYM-K2d-h2;nach P10 ’18;P10 2018 GYM · 2d;lineare;aus Gleichung zeichnen;lineare:aus Gleichung zeichnen;herausgeloest;2018-GYM-K2d;Zeichne die Gerade g mit g(x) = −3x + 4,5 in ein Koordinatensystem.;leeres Koordinatensystem;Gerade durch (0 | 4,5) und (1 | 1,5): Steigungsdreieck 1 nach rechts, 3 nach unten;1;dezimal;vorwärts;Bild;13;
2018-GYM-K3d-h1;nach P10 ’18;P10 2018 GYM · 3d;daten;Mittelwert;daten:Mittelwert;herausgeloest;2018-GYM-K3d;2016 lag der Goldkurs höchstens bei 1 366,25 $ und mindestens bei 1 077,00 $. Berechne den Mittelwert der beiden Werte.;;(1366,25 + 1077,00) : 2 = 1221,625 ≈ 1221,63;1;dezimal;vorwärts;Text;21;
2018-GYM-K4a-h1;nach P10 ’18;P10 2018 GYM · 4a;dreiecke;Seite berechnen;dreiecke:Seite berechnen;herausgeloest;2018-GYM-K4a;In einem rechtwinkligen Dreieck ist die Hypotenuse 51 cm lang, ein spitzer Winkel beträgt 36,22°. Berechne die Länge der Gegenkathete dieses Winkels.;;51 cm · sin 36,22° ≈ 30,14 cm;1;krumm;vorwärts;Text;22;
2019-GYM-K2a-h1;nach P10 ’19;P10 2019 GYM · 2a;quadratische;Punkt auf der Parabel prüfen;quadratische:Punkt auf der Parabel prüfen;herausgeloest;2019-GYM-K2a;Prüfe mit einer Rechnung, ob der Punkt S(3,5 | 5) auf der Parabel f mit f(x) = −x² + 7x − 7,25 liegt.;;f(3,5) = −12,25 + 24,5 − 7,25 = 5 ⇒ S liegt auf f;1;dezimal;Aussage prüfen;Text;23;
2019-GYM-K2c-h1;nach P10 ’19;P10 2019 GYM · 2c;quadratische;Punkt auf der Parabel prüfen;quadratische:Punkt auf der Parabel prüfen;herausgeloest;2019-GYM-K2c;Berechne die y-Koordinate des Punktes Q(0,5 | y) auf der Parabel f mit f(x) = −x² + 7x − 7,25.;;f(0,5) = −0,25 + 3,5 − 7,25 = −4 ⇒ Q(0,5 | −4);1;dezimal;vorwärts;Text;20;
2019-GYM-K4b-h1;nach P10 ’19;P10 2019 GYM · 4b;dreiecke;Dreieck erst in Figur oder Körper finden;dreiecke:Dreieck erst in Figur oder Körper finden | dreiecke:Kathete oder Hypotenuse direkt;herausgeloest;2019-GYM-K4b;Eine quadratische Pyramide hat die Grundkante 4 m und die Höhe 3 m. Berechne die Höhe einer Seitenfläche.;;h_s = √(3² + 2²) = √13 ≈ 3,61 m;1;krumm;vorwärts;Text;18;
2019-GYM-K5c-h1;nach P10 ’19;P10 2019 GYM · 5c;wahrscheinlichkeit;Pfadregel;wahrscheinlichkeit:Pfadregel;herausgeloest;2019-GYM-K5c;"Bei einer Fahrradkontrolle sind Licht mit 0,87, Reifen mit 0,85 und Bremsen mit 0,9 in Ordnung; die drei Prüfungen hängen nicht voneinander ab. Berechne die Wahrscheinlichkeit, dass alle drei in Ordnung sind.";;P = 0,87 · 0,85 · 0,9 = 0,66555 ≈ 66,6 %;1;dezimal;vorwärts;Text;32;
2020-GYM-K3c-h1;nach P10 ’20;P10 2020 GYM · 3c;lineare;Gleichung aufstellen und rückwärts rechnen;lineare:Gleichung aufstellen und rückwärts rechnen;herausgeloest;2020-GYM-K3c;Berechne die Nullstelle der linearen Funktion h mit h(x) = 0,5x − 2.;;0,5x − 2 = 0 ⇒ x = 4;1;dezimal;rückwärts;Text;13;
2020-GYM-K4b-h1;nach P10 ’20;P10 2020 GYM · 4b;dreiecke;Winkel berechnen;dreiecke:Winkel berechnen;herausgeloest;2020-GYM-K4b;Eine Seilbahn steigt auf 100 m waagerechter Strecke um 150 m an. Berechne ihren Steigungswinkel.;;tan α = 1,5 ⇒ α ≈ 56,3°;1;krumm;vorwärts;Text;15;
2020-GYM-K4b-h2;nach P10 ’20;P10 2020 GYM · 4b;prozent;Aussagen prüfen;prozent:Aussagen prüfen;herausgeloest;2020-GYM-K4b;Die maximale Steigung einer Seilbahn beträgt 150 %. Erkläre, was diese Angabe bedeutet.;;auf 100 m waagerechter Strecke 150 m Höhenunterschied (Höhe : Strecke = 1,5);1;ganz;Aussage prüfen;Text;13;
2020-GYM-K4d-h1;nach P10 ’20;P10 2020 GYM · 4d;koerper;Volumen direkt;koerper:Volumen direkt;herausgeloest;2020-GYM-K4d;Ein Holzstamm ist ein Zylinder mit 2 m Länge und 20 cm Durchmesser. Berechne sein Volumen in m³.;;V = π · 0,1² · 2 = 0,02π m³ ≈ 0,0628 m³;2;krumm;vorwärts;Text;18;
2020-GYM-K5d-h1;nach P10 ’20;P10 2020 GYM · 5d;koerper;Volumen direkt;koerper:Volumen direkt;herausgeloest;2020-GYM-K5d;Eine Schokokugel hat den Durchmesser 2,25 cm. Berechne ihr Volumen.;;V = 4/3 · π · 1,125³ ≈ 5,96 cm³;2;krumm;vorwärts;Text;10;
2021-GYM-K3c-h1;nach P10 ’21;P10 2021 GYM · 3c;flaechen;Grundfigur berechnen;flaechen:Grundfigur berechnen;herausgeloest;2021-GYM-K3c;Ein Trapez hat die parallelen Seiten 0,5 und 4,5 und die Höhe 2 (in LE). Berechne seinen Flächeninhalt.;;A = (0,5 + 4,5) : 2 · 2 = 5 FE;1;dezimal;vorwärts;Text;18;Fläche unter der Geraden zwischen den Achsen
2021-GYM-K5a-h1;nach P10 ’21;P10 2021 GYM · 5a;koerper;Volumen direkt;koerper:Volumen direkt;herausgeloest;2021-GYM-K5a;Ein kegelförmiger Messbecher hat den Radius 5 cm und die Tiefe 15,03 cm. Berechne sein Fassungsvermögen.;;V = 1/3 · π · 5² · 15,03 = 125,25π cm³ ≈ 393,5 cm³ (≈ 0,39 l);1;krumm;vorwärts;Text;16;
2021-GYM-K5b-h1;nach P10 ’21;P10 2021 GYM · 5b;dreiecke;Dreieck erst in Figur oder Körper finden;dreiecke:Dreieck erst in Figur oder Körper finden | dreiecke:Kathete oder Hypotenuse direkt;herausgeloest;2021-GYM-K5b;Ein Kegel hat den Radius 5 cm und die Höhe 15,03 cm. Berechne die Länge seiner Mantellinie.;;s = √(5² + 15,03²) ≈ 15,84 cm;1;krumm;vorwärts;Text;17;
2021-GYM-K6c-h1;nach P10 ’21;P10 2021 GYM · 6c;quadratische;Nullstellen berechnen;quadratische:Nullstellen berechnen;herausgeloest;2021-GYM-K6c;Löse die Gleichung x² − 6x − 3,75 = 0 mit der p-q-Formel.;;x = 3 ± √(9 + 3,75) = 3 ± √12,75 ⇒ x₁ ≈ −0,57, x₂ ≈ 6,57;2;krumm;vorwärts;Text;13;Fehler der Aufgabe: 9 − 3,75 statt 9 + 3,75
2022-GYM-K4c-h1;nach P10 ’22;P10 2022 GYM · 4c;koerper;Mantelfläche mit Kosten;koerper:Mantelfläche mit Kosten;herausgeloest;2022-GYM-K4c;Ein Kegel hat den Radius 0,6 m und die Mantellinie 1,9 m. Berechne seine Mantelfläche.;;M = π · 0,6 · 1,9 = 1,14π m² ≈ 3,58 m²;1;krumm;vorwärts;Text;15;
2022-GYM-K5c-h1;nach P10 ’22;P10 2022 GYM · 5c;flaechen;Grundfigur berechnen;flaechen:Grundfigur berechnen;herausgeloest;2022-GYM-K5c;Ein rechtwinkliges Dreieck hat die Katheten 695 km und 1 980 km. Berechne seinen Flächeninhalt.;;A = 0,5 · 695 · 1980 = 688 050 km²;1;ganz;vorwärts;Text;15;
2022-GYM-K5c-h2;nach P10 ’22;P10 2022 GYM · 5c;prozent;Prozentsatz;prozent:Prozentsatz;herausgeloest;2022-GYM-K5c;"Eine Fläche wurde mit 2 382 000 km² angegeben; nachgerechnet sind es 2 427 282 km². Berechne, um wie viel Prozent der nachgerechnete Wert größer ist.";;(2 427 282 − 2 382 000) : 2 382 000 = 45 282 : 2 382 000 ≈ 1,9 %;2;krumm;vorwärts;Text;26;
2022-GYM-K6b-h1;nach P10 ’22;P10 2022 GYM · 6b;daten;Median;daten:Median;herausgeloest;2022-GYM-K6b;Zehn Pinguine sind 129, 95, 98, 105, 99, 105, 105, 89, 101 und 98 cm groß. Bestimme den Median.;;sortiert 89, 95, 98, 98, 99, 101, 105, 105, 105, 129 ⇒ (99 + 101) : 2 = 100 cm;2;ganz;vorwärts;Text;19;
2022-GYM-K6c-h1;nach P10 ’22;P10 2022 GYM · 6c;prozent;Erhöhung und Veränderung in Prozent;prozent:Erhöhung und Veränderung in Prozent;herausgeloest;2022-GYM-K6c;1981 gab es 120 000 Pinguinpaare, 2021 nur noch 60 000. Berechne, um wie viel Prozent die Zahl abgenommen hat.;;(120 000 − 60 000) : 120 000 = 0,5 = 50 %;2;ganz;vorwärts;Text;20;
2022-GYM-K6c-h2;nach P10 ’22;P10 2022 GYM · 6c;daten;falschen Eindruck erklären;daten:falschen Eindruck erklären;herausgeloest;2022-GYM-K6c;"Ein Säulendiagramm zeigt 120 000 Pinguinpaare (1981) und 60 000 (2021); die Hochachse beginnt bei 40 000. Erkläre, warum die Abnahme im Diagramm stärker aussieht, als sie ist.";Säulendiagramm aus P10 2022 GYM Aufgabe 6, Achse ab 40 000;sichtbar sind nur 80 000 und 20 000: die Säule wirkt auf ein Viertel geschrumpft, tatsächlich hat sich die Zahl nur halbiert;1;ganz;Aussage prüfen;Diagramm;28;
2023-GYM-K5b-h1;nach P10 ’23;P10 2023 GYM · 5b;prozent;Prozentsatz;prozent:Prozentsatz;herausgeloest;2023-GYM-K5b;In Deutschland gab es 2011 etwa 70 Millionen Fahrräder, 2021 etwa 11 Millionen mehr. Berechne, wie viel Prozent von 70 Millionen das sind.;;11 : 70 = 11/70 ≈ 15,7 %;1;krumm;vorwärts;Text;23;
2023-GYM-K6d-h1;nach P10 ’23;P10 2023 GYM · 6d;dreiecke;Winkelsumme;dreiecke:Winkelsumme;herausgeloest;2023-GYM-K6d;Ein gleichschenkliges Dreieck hat an der Spitze einen Winkel von 43,6°. Berechne die Basiswinkel.;;(180° − 43,6°) : 2 = 68,2°;1;dezimal;vorwärts;Text;14;
2024-GYM-B1b-h1;nach P10 ’24;P10 2024 GYM · 1b;lineare;durch zwei Punkte, Gleichung ablesen;lineare:durch zwei Punkte, Gleichung ablesen;herausgeloest;2024-GYM-B1b;Gib die Gleichung der Geraden durch A(0 | −3) und B(6 | 0) an.;;"m = (0 − (−3)) : (6 − 0) = 0,5; n = −3 ⇒ y = 0,5x − 3";2;dezimal;vorwärts;Text;14;
2024-GYM-B2a-h1;nach P10 ’24;P10 2024 GYM · 2a;dreiecke;Kathete oder Hypotenuse direkt;dreiecke:Kathete oder Hypotenuse direkt;herausgeloest;2024-GYM-B2a;In einem rechtwinkligen Dreieck ist die Hypotenuse 10 cm und eine Kathete 8 cm lang. Berechne die andere Kathete.;;√(10² − 8²) = √36 = 6 cm;1;ganz;vorwärts;Text;19;
2024-GYM-K5a-h1;nach P10 ’24;P10 2024 GYM · 5a;prozent;Prozentsatz;prozent:Prozentsatz;herausgeloest;2024-GYM-K5a;"Langjährig fallen im Jahr 789 L/m² Niederschlag; 2022 waren es 114 L/m² weniger. Berechne, wie viel Prozent von 789 L/m² das sind.";;114 : 789 = 38/263 ≈ 14,4 %;1;krumm;vorwärts;Text;22;
2024-GYM-K6a-h1;nach P10 ’24;P10 2024 GYM · 6a;dreiecke;Winkelsumme;dreiecke:Winkelsumme;herausgeloest;2024-GYM-K6a;Im Dreieck ACD ist bei C ein rechter Winkel und bei A ein Winkel von 6,3°. Berechne den Winkel bei D.;;∢ADC = 180° − 90° − 6,3° = 83,7°;1;dezimal;vorwärts;Text;21;
2025-GYM-K5c-h1;nach P10 ’25;P10 2025 GYM · 5c;prozent;Prozentwert;prozent:Prozentwert;herausgeloest;2025-GYM-K5c;Eine Verpackung hat ein Volumen von 540 cm³. Die Seife füllt 80 % davon. Berechne das Seifenvolumen.;;W = 540 cm³ · 0,8 = 432 cm³;1;ganz;vorwärts;Text;17;
2025-GYM-K5d-h1;nach P10 ’25;P10 2025 GYM · 5d;dreiecke;Kathete oder Hypotenuse direkt;dreiecke:Kathete oder Hypotenuse direkt;herausgeloest;2025-GYM-K5d;Ein rechtwinkliges Dreieck hat die Katheten 3 cm und 6 cm. Berechne die Hypotenuse.;;√(3² + 6²) = √45 = 3√5 cm ≈ 6,71 cm;1;krumm;vorwärts;Text;14;Schenkel des Trapezes
2025-GYM-K6b-h1;nach P10 ’25;P10 2025 GYM · 6b;prozent;Prozentwert;prozent:Prozentwert;herausgeloest;2025-GYM-K6b;1,5 % der Chips eines Herstellers sind fehlerhaft. Berechne, wie viele fehlerhafte Chips unter 1 000 Chips zu erwarten sind.;;W = 1000 · 0,015 = 15 Chips;1;dezimal;vorwärts;Text;20;
