id;marke;quelle;kapitel;einheit;stufe;art;eltern_id;auf_blatt;wortlaut;abbildung;loesung;pruef;zahlart;schwere;rang;bemerkung
2022-OS-B1g-m1;nach P10 ’22;P10 2022 · 1g;dreiecke;Länge mit Pythagoras;Gleichung aufstellen;mehr;2022-OS-B1g;ja;Kreuze die Aussage an, die für jedes rechtwinklige Dreieck stimmt: Die Seite gegenüber dem rechten Winkel ist eine Kathete. / $c=a+b$ / Die beiden Kathetenquadrate haben zusammen denselben Flächeninhalt wie das Hypotenusenquadrat.;;Die beiden Kathetenquadrate haben zusammen denselben Flächeninhalt wie das Hypotenusenquadrat (dritte Option).;;ganz;I;5;keine Zahlen
2024-OS-B1f-m1;nach P10 ’24;P10 2024 · 1f;dreiecke;Länge mit Pythagoras;Gleichung aufstellen;mehr;2024-OS-B1f;nein;Im abgebildeten Dreieck sind y und z die Katheten, x ist die Hypotenuse. Kreuze die Gleichung an, mit der man die Länge von z berechnen kann: $z=x^2-y^2$ / $z=\sqrt{x^2+y^2}$ / $z=x+y$ / $z=\sqrt{x^2-y^2}$;"rechtwinkliges Dreieck: rechter Winkel unten links; senkrechte Kathete y, waagerechte Kathete z, Hypotenuse x";z = √(x² − y²) (vierte Option);;ganz;I;3;keine Zahlen
2026-FOR-B1j-m1;nach P10 ’26;P10 2026 · 1j;dreiecke;Länge mit Pythagoras;Gleichung aufstellen;mehr;2026-FOR-B1j;ja;Im abgebildeten Dreieck sind u und v die Katheten, w ist die Hypotenuse. Kreuze an, mit welcher Gleichung man w berechnen kann: $w=\sqrt{v^2-u^2}$ / $w=\sqrt{u^2-v^2}$ / $w=\sqrt{u^2+v^2}$;"rechtwinkliges Dreieck: rechter Winkel unten rechts; Kathete u waagerecht unten, Kathete v senkrecht rechts, Hypotenuse w";w = √(u² + v²) (dritte Option);;ganz;I;1;keine Zahlen
2021-OS-B1h-m1;nach P10 ’21;P10 2021 · 1h;dreiecke;Länge mit Pythagoras;Gleichung aufstellen;mehr;2021-OS-B1h;nein;Im abgebildeten Dreieck sind x und y die Katheten, z ist die Hypotenuse. Kreuze die Formel an, mit der man z berechnet: $z=\sqrt{x^2-y^2}$ / $z=\sqrt{x^2+y^2}$ / $z=\sqrt{y^2-x^2}$ / $z=y^2+x^2$;"rechtwinkliges Dreieck: rechter Winkel unten rechts zwischen x (unten) und y (rechts); Hypotenuse z links oben";z = √(x² + y²) (zweite Option);;ganz;I;10;keine Zahlen
2017-OS-B1d-m1;nach P10 ’17;P10 2017 · 1d;dreiecke;Länge mit Pythagoras;Gleichung aufstellen;mehr;2017-OS-B1d;nein;Im abgebildeten Dreieck sind x und y die Katheten, z ist die Hypotenuse. Kreuze die Gleichung an, die für dieses Dreieck gilt: $x^2=y^2+z^2$ / $z^2=x^2-y^2$ / $z^2\cdot y^2=x^2$ / $z^2=x^2+y^2$;"rechtwinkliges Dreieck: rechter Winkel unten links; senkrechte Kathete x, waagerechte Kathete y, Hypotenuse z";z² = x² + y² (vierte Option);;ganz;I;13;keine Zahlen
2022-OS-K5a-m1;nach P10 ’22;P10 2022 · 5a;dreiecke;Länge mit Pythagoras;Kathete oder Hypotenuse direkt;mehr;2022-OS-K5a;ja;"Gegeben ist ein Dreieck ABC, das nicht rechtwinklig ist. Die Höhe $h_c$ von C auf die Seite AB ist etwa 6,8 m lang; ihr Fußpunkt heißt D. Die Seite b = AC ist 13,4 m lang. Weise nach, dass die Strecke AD etwa 11,5 m lang ist.";"Dreieck: A links, B rechts, C oben; Höhe $h_c$ gestrichelt von C nach D auf AB, rechter Winkel bei D; $h_c$ = 6,8 m, b = 13,4 m; nicht maßstabsgerecht";AD = √(13,4² − 6,8²) = √133,32 ≈ 11,5 m;math.sqrt(13.4**2-6.8**2);dezimal;I;6;
2024-OS-K6a-m1;nach P10 ’24;P10 2024 · 6a;dreiecke;Länge mit Pythagoras;Kathete oder Hypotenuse direkt;mehr;2024-OS-K6a;ja;"Eine Seilbahn führt vom Ort B im Tal zum Ort A auf einem Berg. F liegt senkrecht unter A auf der Höhe von B; bei F ist ein rechter Winkel. FB ist 248 m lang, die Seilbahnstrecke AB 372 m. Die Strecke FA ist der Höhenunterschied zwischen B und A. Berechne diesen Höhenunterschied.";"Lageskizze: A oben links, F senkrecht darunter (rechter Winkel), B rechts von F; FB = 248 m, AB = 372 m; nicht maßstabsgerecht";FA = √(372² − 248²) = √76880 ≈ 277,3 m;math.sqrt(372**2-248**2);dezimal;I;4;
2026-FOR-K4a-m1;nach P10 ’26;P10 2026 · 4a;dreiecke;Länge mit Pythagoras;Kathete oder Hypotenuse direkt;mehr;2026-FOR-K4a;ja;"Im Viereck ABCD sind gegenüberliegende Seiten parallel. Die Seite BC ist 35 cm lang. Die Seite AB wird über B hinaus bis F verlängert; BF ist 14 cm lang. Die Höhe h = CF steht senkrecht auf AF. Berechne die Höhe h.";"Viereck (Parallelogramm): A links unten, B rechts unten, C rechts oben, D links oben, nach rechts geneigt; BC = 35 cm; AB bis F verlängert, BF = 14 cm; h gestrichelt von C nach F, rechter Winkel bei F; nicht maßstabsgerecht";h = √(35² − 14²) = √1029 ≈ 32,1 cm;math.sqrt(35**2-14**2);dezimal;I;2;
2022-OS-K2c-m1;nach P10 ’22;P10 2022 · 2c;dreiecke;Länge mit Pythagoras;Kathete oder Hypotenuse direkt;mehr;2022-OS-K2c;ja;"Ein Becher hat die Form eines Zylinders ohne Deckel; er ist 7,5 cm hoch und hat den Radius 3,4 cm. Ein Rührstab steht schräg im Becher: Er berührt unten den Rand des Bodens und lehnt oben am gegenüberliegenden Rand. 2 cm des Stabs ragen über den Becher hinaus. Bestimme die Länge des Stabs.";"Schrägbild: stehender Zylinder ohne Deckel; Stab von der unteren linken Bodenkante zur oberen rechten Kante, ragt oben heraus; nicht maßstabsgerecht";"Stab im Becher: √(7,5² + 6,8²) = √102,49; Stab: √102,49 + 2 ≈ 12,1 cm";math.sqrt(7.5**2+(2*3.4)**2)+2;dezimal;II;9;
2020-OS-K7a-m1;nach P10 ’20;P10 2020 · 7a;dreiecke;Länge mit Pythagoras;Kathete oder Hypotenuse direkt;mehr;2020-OS-K7a;nein;Im Dreieck ABC ist bei C ein rechter Winkel. Die Strecke BC ist 15 m lang, die Strecke AC 28 m. Berechne die Länge der Strecke AB.;"rechtwinkliges Dreieck: rechter Winkel bei C (oben links), B rechts von C, A senkrecht unter C; nicht maßstabsgerecht";AB = √(15² + 28²) = √1009 ≈ 31,8 m;math.sqrt(15**2+28**2);dezimal;I;11;
