"typ";"ertrag";"punkte_haupt";"punkte_anteil";"zeilen_haupt";"zeilen_neben";"jahre_haupt";"jahre_gesamt";"erster";"letzter";"basis";"kontext";"niveau_I";"niveau_II";"niveau_III";"schritte_mittel";"schritte_fehlt";"thema";"leitidee";"status"
"Sinussatz Seite berechnen";"29";"29";"3.7";"9";"0";"9";"9";"2014";"2025";"0";"9";"0";"6";"3";"3.2";"0";"Sinussatz";"Größen und Messen";"gültig"
"Seite im rechtwinkligen Dreieck berechnen";"23";"23";"2.9";"8";"6";"7";"9";"2014";"2026";"0";"8";"3";"4";"1";"2.4";"0";"Trigonometrie im rechtwinkligen Dreieck";"Größen und Messen";"gültig"
"Baumdiagramm ergänzen";"21";"21";"2.7";"6";"0";"6";"6";"2014";"2026";"0";"6";"1";"4";"1";"2.7";"0";"Wahrscheinlichkeit mehrstufig";"Daten und Zufall";"gültig"
"Wahrscheinlichkeit einstufig";"18";"18";"2.3";"12";"3";"8";"9";"2014";"2026";"4";"8";"10";"1";"1";"1.2";"0";"Wahrscheinlichkeit einstufig";"Daten und Zufall";"gültig"
"Spannweite berechnen";"16";"16";"2.1";"7";"0";"7";"7";"2014";"2026";"1";"6";"6";"1";"0";"1.7";"0";"Kenngrößen";"Daten und Zufall";"gültig"
"Arithmetisches Mittel berechnen";"15";"15";"1.9";"8";"2";"8";"9";"2015";"2026";"3";"5";"6";"1";"1";"1.9";"0";"Kenngrößen";"Daten und Zufall";"gültig"
"Gerade aus Gleichung zeichnen";"14";"14";"1.8";"5";"0";"5";"5";"2021";"2026";"0";"5";"4";"1";"0";"1.4";"0";"Lineare Funktionen";"Gleichungen und Funktionen";"gültig"
"Flächeninhalt Dreieck berechnen";"14";"14";"1.8";"4";"0";"3";"3";"2015";"2022";"0";"4";"0";"3";"1";"2.8";"0";"Flächeninhalt und Umfang";"Größen und Messen";"gültig"
"Pythagoras Kathete";"13";"13";"1.7";"6";"0";"5";"5";"2016";"2026";"0";"6";"4";"2";"0";"2.2";"0";"Satz des Pythagoras";"Größen und Messen";"gültig"
"Gleichung im Sachzusammenhang deuten";"12";"12";"1.5";"4";"1";"4";"5";"2018";"2024";"0";"4";"1";"3";"0";"1.0";"0";"Lineare Gleichungssysteme";"Gleichungen und Funktionen";"gültig"
"Schnittpunkte Gerade und Parabel berechnen";"12";"12";"1.5";"3";"0";"3";"3";"2021";"2024";"0";"3";"0";"3";"0";"4.0";"0";"Quadratische Funktionen";"Gleichungen und Funktionen";"gültig"
"Winkel im rechtwinkligen Dreieck berechnen";"11";"11";"1.4";"5";"2";"5";"6";"2019";"2026";"0";"5";"3";"2";"0";"2.2";"0";"Trigonometrie im rechtwinkligen Dreieck";"Größen und Messen";"gültig"
"Prozentsatz berechnen";"11";"11";"1.4";"5";"2";"5";"5";"2014";"2025";"1";"4";"3";"2";"0";"1.8";"0";"Prozentrechnung";"Zahlen und Operationen";"gültig"
"Wachstumstabelle ergänzen";"11";"11";"1.4";"5";"0";"5";"5";"2016";"2026";"0";"5";"3";"2";"0";"2.2";"0";"Exponentialfunktionen und Wachstum";"Gleichungen und Funktionen";"gültig"
"Dauer aus Menge und Rate berechnen";"11";"11";"1.4";"4";"0";"4";"4";"2014";"2024";"0";"4";"2";"2";"0";"2.5";"0";"Zuordnungen proportional und antiproportional";"Gleichungen und Funktionen";"gültig"
"Bruchteil einer Fläche bestimmen";"10";"10";"1.3";"9";"0";"9";"9";"2014";"2026";"9";"0";"8";"1";"0";"1.3";"0";"Brüche und Dezimalzahlen";"Zahlen und Operationen";"gültig"
"Scheitelpunkt ablesen";"10";"10";"1.3";"8";"1";"8";"9";"2017";"2026";"1";"7";"7";"1";"0";"0.5";"0";"Quadratische Funktionen";"Gleichungen und Funktionen";"gültig"
"Punktprobe durchführen";"10";"10";"1.3";"5";"2";"5";"7";"2014";"2026";"1";"4";"4";"1";"0";"1.8";"0";"Funktionen allgemein";"Gleichungen und Funktionen";"gültig"
"Funktionswert berechnen";"10";"10";"1.3";"5";"2";"3";"5";"2016";"2026";"0";"5";"2";"3";"0";"1.8";"0";"Funktionen allgemein";"Gleichungen und Funktionen";"gültig"
"Wahrscheinlichkeit mehrstufig unabhängig";"10";"10";"1.3";"4";"5";"3";"5";"2014";"2026";"0";"4";"0";"4";"0";"2.8";"0";"Wahrscheinlichkeit mehrstufig";"Daten und Zufall";"gültig"
"Lineares Gleichungssystem aufstellen";"10";"10";"1.3";"3";"0";"3";"3";"2016";"2024";"0";"3";"1";"2";"0";"3.3";"0";"Lineare Gleichungssysteme";"Gleichungen und Funktionen";"gültig"
"Wahrscheinlichkeit mehrstufig ohne Zurücklegen";"9";"9";"1.2";"3";"3";"3";"5";"2015";"2024";"0";"3";"0";"1";"2";"2.7";"0";"Wahrscheinlichkeit mehrstufig";"Daten und Zufall";"gültig"
"Pythagoras Hypotenuse";"9";"9";"1.2";"3";"2";"3";"4";"2015";"2025";"0";"3";"1";"2";"0";"2.7";"0";"Satz des Pythagoras";"Größen und Messen";"gültig"
"Prozentwert berechnen";"8";"8";"1.0";"7";"2";"6";"6";"2014";"2026";"5";"2";"7";"0";"0";"1.3";"0";"Prozentrechnung";"Zahlen und Operationen";"gültig"
"Volumen Zylinder berechnen";"8";"8";"1.0";"4";"1";"4";"5";"2021";"2026";"0";"4";"4";"0";"0";"1.8";"0";"Volumen und Oberfläche";"Größen und Messen";"gültig"
"Aussage zu Diagramm prüfen";"8";"8";"1.0";"3";"0";"3";"3";"2018";"2022";"0";"3";"0";"2";"1";"1.3";"0";"Diagramme lesen und beurteilen";"Daten und Zufall";"gültig"
"Netz eines Prismas vervollständigen";"8";"8";"1.0";"3";"0";"3";"3";"2014";"2020";"0";"3";"0";"3";"0";"0.0";"0";"Körper, Netze, Schrägbilder";"Raum und Form";"gültig"
"Achseneinteilung wählen";"8";"8";"1.0";"2";"1";"2";"3";"2016";"2021";"0";"2";"0";"2";"0";"2.0";"0";"Funktionen allgemein";"Gleichungen und Funktionen";"gültig"
"Tarife vergleichen";"8";"8";"1.0";"2";"0";"2";"2";"2016";"2023";"0";"2";"0";"2";"0";"4.0";"0";"Lineare Funktionen";"Gleichungen und Funktionen";"gültig"
"Zahlen in verschiedenen Darstellungen vergleichen";"7";"7";"0.9";"7";"0";"7";"7";"2014";"2023";"7";"0";"7";"0";"0";"1.4";"0";"Brüche und Dezimalzahlen";"Zahlen und Operationen";"gültig"
"Term zu Sachtext angeben";"7";"7";"0.9";"5";"0";"5";"5";"2015";"2023";"4";"1";"4";"1";"0";"0.4";"0";"Terme umformen";"Zahlen und Operationen";"gültig"
"Nullstellen quadratische Funktion berechnen";"7";"7";"0.9";"2";"1";"2";"3";"2017";"2025";"0";"2";"0";"2";"0";"3.0";"0";"Quadratische Funktionen";"Gleichungen und Funktionen";"gültig"
"Gerade durch zwei Punkte zeichnen";"7";"7";"0.9";"2";"0";"2";"2";"2017";"2025";"0";"2";"0";"2";"0";"3.0";"0";"Lineare Funktionen";"Gleichungen und Funktionen";"gültig"
"Prozentuale Veränderung berechnen";"6";"6";"0.8";"3";"3";"3";"6";"2016";"2026";"0";"3";"1";"2";"0";"2.0";"0";"Prozentrechnung";"Zahlen und Operationen";"gültig"
"Zufallsgerät zu Wahrscheinlichkeit entwerfen";"6";"6";"0.8";"4";"0";"4";"4";"2018";"2026";"2";"2";"1";"1";"2";"2.0";"0";"Wahrscheinlichkeit einstufig";"Daten und Zufall";"gültig"
"Sektor im Kreisdiagramm zuordnen";"6";"6";"0.8";"2";"2";"2";"4";"2017";"2024";"0";"2";"0";"2";"0";"2.0";"0";"Diagramme lesen und beurteilen";"Daten und Zufall";"gültig"
"Anteilsaussage prüfen und korrigieren";"6";"6";"0.8";"3";"0";"3";"3";"2017";"2023";"0";"3";"0";"3";"0";"1.3";"0";"Prozentrechnung";"Zahlen und Operationen";"gültig"
"Symmetrieachsen bestimmen";"6";"6";"0.8";"3";"0";"3";"3";"2021";"2025";"2";"1";"2";"1";"0";"1.0";"0";"Symmetrie und Abbildungen";"Raum und Form";"gültig"
"Lineare Funktion aus Sachverhalt aufstellen";"6";"6";"0.8";"2";"1";"2";"3";"2016";"2023";"0";"2";"0";"2";"0";"2.0";"0";"Lineare Funktionen";"Gleichungen und Funktionen";"gültig"
"Anzahl der Anordnungen bestimmen";"6";"6";"0.8";"2";"0";"2";"2";"2016";"2017";"0";"2";"0";"1";"1";"2.5";"0";"Zählen und Kombinatorik";"Daten und Zufall";"gültig"
"Graph zu Wachstumsprozess zuordnen";"6";"6";"0.8";"2";"0";"2";"2";"2019";"2026";"0";"2";"0";"0";"2";"0.0";"0";"Exponentialfunktionen und Wachstum";"Gleichungen und Funktionen";"gültig"
"Wachstumsfaktor aus Tabelle bestimmen";"6";"6";"0.8";"2";"0";"2";"2";"2018";"2025";"0";"2";"1";"1";"0";"2.5";"0";"Exponentialfunktionen und Wachstum";"Gleichungen und Funktionen";"gültig"
"Winkelsumme im Dreieck anwenden";"5";"5";"0.6";"4";"5";"4";"9";"2015";"2023";"0";"4";"3";"1";"0";"1.2";"0";"Ebene Figuren und Winkel";"Raum und Form";"gültig"
"Eigenschaften eines Graphen beurteilen";"5";"5";"0.6";"2";"4";"2";"6";"2018";"2026";"0";"2";"1";"1";"0";"2.0";"0";"Funktionen allgemein";"Gleichungen und Funktionen";"gültig"
"Term zu Figur angeben";"5";"5";"0.6";"5";"0";"5";"5";"2014";"2025";"5";"0";"5";"0";"0";"0.2";"0";"Flächeninhalt und Umfang";"Größen und Messen";"gültig"
"Winkelfunktion Seitenverhältnis angeben";"5";"5";"0.6";"5";"0";"5";"5";"2017";"2025";"5";"0";"5";"0";"0";"0.2";"0";"Trigonometrie im rechtwinkligen Dreieck";"Größen und Messen";"gültig"
"Zehnerpotenzschreibweise umwandeln";"5";"5";"0.6";"5";"0";"5";"5";"2015";"2025";"4";"1";"5";"0";"0";"1.0";"0";"Zehnerpotenzen und Näherungswerte";"Zahlen und Operationen";"gültig"
"Ergebnismenge aufzählen";"5";"5";"0.6";"3";"1";"3";"4";"2017";"2025";"1";"2";"3";"0";"0";"1.3";"0";"Zählen und Kombinatorik";"Daten und Zufall";"gültig"
"Wertetabelle als Punkte darstellen";"5";"5";"0.6";"2";"2";"2";"4";"2016";"2025";"0";"2";"1";"1";"0";"1.5";"0";"Funktionen allgemein";"Gleichungen und Funktionen";"gültig"
"Achsenskalierung aus Säule bestimmen";"5";"5";"0.6";"2";"0";"2";"2";"2018";"2023";"0";"2";"0";"2";"0";"2.5";"0";"Diagramme lesen und beurteilen";"Daten und Zufall";"gültig"
"Lineare Gleichung aus Sachverhalt aufstellen";"5";"5";"0.6";"2";"0";"2";"2";"2018";"2020";"0";"2";"0";"2";"0";"3.0";"0";"Lineare Gleichungen";"Gleichungen und Funktionen";"gültig"
"Minimum und Maximum ablesen";"5";"5";"0.6";"2";"0";"2";"2";"2014";"2022";"0";"2";"2";"0";"0";"1.0";"0";"Kenngrößen";"Daten und Zufall";"gültig"
"Draufsicht maßstabsgerecht zeichnen";"5";"5";"0.6";"1";"0";"1";"1";"2021";"2021";"0";"1";"0";"1";"0";"3.0";"0";"Maßstab";"Größen und Messen";"gültig"
"Strecke aus Teilstrecken berechnen";"4";"4";"0.5";"3";"6";"3";"6";"2014";"2026";"1";"2";"3";"0";"0";"1.7";"0";"Ebene Figuren und Winkel";"Raum und Form";"gültig"
"Kreisfläche berechnen";"4";"4";"0.5";"2";"3";"2";"5";"2016";"2024";"0";"2";"2";"0";"0";"1.5";"0";"Flächeninhalt und Umfang";"Größen und Messen";"gültig"
"Pythagoras Gleichung zuordnen";"4";"4";"0.5";"4";"0";"4";"4";"2017";"2026";"4";"0";"4";"0";"0";"0.0";"0";"Satz des Pythagoras";"Größen und Messen";"gültig"
"Exponentialfunktion aufstellen";"4";"4";"0.5";"2";"2";"2";"4";"2016";"2026";"0";"2";"1";"1";"0";"1.0";"0";"Exponentialfunktionen und Wachstum";"Gleichungen und Funktionen";"gültig"
"Kosten aus Menge und Preis berechnen";"4";"4";"0.5";"3";"1";"2";"3";"2014";"2026";"0";"3";"1";"2";"0";"1.7";"0";"Zuordnungen proportional und antiproportional";"Gleichungen und Funktionen";"gültig"
"Graph zu Tarif zuordnen";"4";"4";"0.5";"2";"0";"2";"2";"2016";"2023";"0";"2";"1";"1";"0";"0.0";"0";"Funktionen allgemein";"Gleichungen und Funktionen";"gültig"
"Länge im Maßstab umrechnen";"4";"4";"0.5";"2";"0";"2";"2";"2015";"2018";"0";"2";"2";"0";"0";"1.5";"0";"Maßstab";"Größen und Messen";"gültig"
"Verdopplungs- oder Halbwertszeit bestimmen";"4";"4";"0.5";"2";"0";"2";"2";"2016";"2020";"0";"2";"1";"1";"0";"1.0";"0";"Exponentialfunktionen und Wachstum";"Gleichungen und Funktionen";"gültig"
"Wachstumsart begründen";"4";"4";"0.5";"2";"0";"2";"2";"2016";"2018";"0";"2";"0";"2";"0";"0.0";"0";"Exponentialfunktionen und Wachstum";"Gleichungen und Funktionen";"gültig"
"Fehler in Rechnung erklären und korrigieren";"4";"4";"0.5";"1";"0";"1";"1";"2014";"2014";"0";"1";"0";"0";"1";"2.0";"0";"Einheiten umrechnen";"Größen und Messen";"gültig"
"Körper in Schrägbild skizzieren";"4";"4";"0.5";"1";"0";"1";"1";"2024";"2024";"0";"1";"0";"1";"0";"1.0";"0";"Körper, Netze, Schrägbilder";"Raum und Form";"gültig"
"Parabel zu Eigenschaften angeben";"4";"4";"0.5";"1";"0";"1";"1";"2018";"2018";"0";"1";"0";"0";"1";"2.0";"0";"Quadratische Funktionen";"Gleichungen und Funktionen";"gültig"
"Scheitelpunktform in Normalform umformen";"4";"4";"0.5";"1";"0";"1";"1";"2017";"2017";"0";"1";"0";"0";"1";"4.0";"0";"Quadratische Funktionen";"Gleichungen und Funktionen";"gültig"
"Streckenlänge aus Koordinaten berechnen";"4";"4";"0.5";"1";"0";"1";"1";"2019";"2019";"0";"1";"0";"1";"0";"4.0";"0";"Satz des Pythagoras";"Größen und Messen";"gültig"
"Verschnitt in Prozent berechnen";"4";"4";"0.5";"1";"0";"1";"1";"2023";"2023";"0";"1";"0";"0";"1";"4.0";"0";"Flächeninhalt und Umfang";"Größen und Messen";"gültig"
"Lineare Gleichung lösen";"3";"3";"0.4";"3";"3";"3";"5";"2018";"2024";"3";"0";"3";"0";"0";"1.7";"0";"Lineare Gleichungen";"Gleichungen und Funktionen";"gültig"
"Scheitelpunktform aufstellen";"3";"3";"0.4";"2";"3";"2";"5";"2016";"2025";"1";"1";"1";"1";"0";"0.5";"0";"Quadratische Funktionen";"Gleichungen und Funktionen";"gültig"
"Zeiteinheiten umrechnen";"3";"3";"0.4";"3";"2";"3";"4";"2015";"2025";"3";"0";"3";"0";"0";"1.0";"0";"Einheiten umrechnen";"Größen und Messen";"gültig"
"Lineares Gleichungssystem lösen";"3";"3";"0.4";"1";"3";"1";"4";"2016";"2024";"0";"1";"0";"1";"0";"4.0";"0";"Lineare Gleichungssysteme";"Gleichungen und Funktionen";"gültig"
"Lösung durch Einsetzen prüfen";"3";"3";"0.4";"3";"0";"3";"3";"2018";"2025";"3";"0";"3";"0";"0";"1.0";"0";"Lineare Gleichungen";"Gleichungen und Funktionen";"gültig"
"Proportionale Zuordnung Dreisatz";"3";"3";"0.4";"3";"0";"3";"3";"2016";"2023";"3";"0";"3";"0";"0";"1.7";"0";"Zuordnungen proportional und antiproportional";"Gleichungen und Funktionen";"gültig"
"Termwert berechnen";"3";"3";"0.4";"3";"0";"3";"3";"2016";"2026";"3";"0";"3";"0";"0";"2.0";"0";"Rationale Zahlen rechnen";"Zahlen und Operationen";"gültig"
"Winkel im Viereck berechnen";"3";"3";"0.4";"3";"0";"3";"3";"2021";"2026";"2";"1";"3";"0";"0";"1.0";"0";"Ebene Figuren und Winkel";"Raum und Form";"gültig"
"Verzerrung eines Diagramms erklären";"3";"3";"0.4";"2";"1";"2";"3";"2014";"2026";"0";"2";"0";"0";"2";"0.0";"0";"Diagramme lesen und beurteilen";"Daten und Zufall";"gültig"
"Wert nach prozentualer Erhöhung berechnen";"3";"3";"0.4";"2";"1";"2";"3";"2015";"2024";"1";"1";"1";"1";"0";"1.5";"0";"Prozentrechnung";"Zahlen und Operationen";"gültig"
"Geradengleichung aus zwei Punkten";"3";"3";"0.4";"1";"2";"1";"3";"2015";"2025";"0";"1";"0";"1";"0";"3.0";"0";"Lineare Funktionen";"Gleichungen und Funktionen";"gültig"
"Kreisdiagramm zeichnen";"3";"3";"0.4";"1";"2";"1";"3";"2015";"2025";"0";"1";"0";"1";"0";"2.0";"0";"Daten darstellen";"Daten und Zufall";"gültig"
"Endwert linearer Veränderung berechnen";"3";"3";"0.4";"2";"0";"2";"2";"2021";"2022";"0";"2";"2";"0";"0";"2.0";"0";"Lineare Funktionen";"Gleichungen und Funktionen";"gültig"
"Graph nach Eigenschaft auswählen";"3";"3";"0.4";"2";"0";"2";"2";"2016";"2019";"1";"1";"2";"0";"0";"0.5";"0";"Lineare Funktionen";"Gleichungen und Funktionen";"gültig"
"Median bestimmen";"3";"3";"0.4";"2";"0";"2";"2";"2015";"2024";"2";"0";"2";"0";"0";"1.5";"0";"Kenngrößen";"Daten und Zufall";"gültig"
"Parabel verschieben";"3";"3";"0.4";"2";"0";"2";"2";"2015";"2017";"1";"1";"1";"1";"0";"1.5";"0";"Quadratische Funktionen";"Gleichungen und Funktionen";"gültig"
"Rechteckseite aus Fläche berechnen";"3";"3";"0.4";"2";"0";"2";"2";"2014";"2023";"1";"1";"1";"1";"0";"1.5";"0";"Flächeninhalt und Umfang";"Größen und Messen";"gültig"
"Wert aus Diagramm ablesen";"3";"3";"0.4";"2";"0";"2";"2";"2015";"2016";"0";"2";"2";"0";"0";"0.5";"0";"Diagramme lesen und beurteilen";"Daten und Zufall";"gültig"
"Mantelfläche Zylinder als Netz skizzieren";"3";"3";"0.4";"1";"1";"1";"2";"2022";"2023";"0";"1";"0";"1";"0";"2.0";"0";"Körper, Netze, Schrägbilder";"Raum und Form";"gültig"
"Gleichschenkliges Dreieck erkennen";"3";"3";"0.4";"2";"0";"1";"1";"2023";"2023";"1";"1";"1";"1";"0";"1.5";"0";"Ebene Figuren und Winkel";"Raum und Form";"gültig"
"Argument zu Funktionswert berechnen";"3";"3";"0.4";"1";"0";"1";"1";"2023";"2023";"0";"1";"0";"1";"0";"3.0";"0";"Quadratische Funktionen";"Gleichungen und Funktionen";"gültig"
"Flächeninhalt zusammengesetzter Figur berechnen";"3";"3";"0.4";"1";"0";"1";"1";"2017";"2017";"0";"1";"0";"1";"0";"3.0";"0";"Flächeninhalt und Umfang";"Größen und Messen";"gültig"
"Geradengleichung zu Graph zuordnen";"3";"3";"0.4";"1";"0";"1";"1";"2019";"2019";"0";"1";"0";"1";"0";"3.0";"0";"Lineare Funktionen";"Gleichungen und Funktionen";"gültig"
"Höhe eines Zylinders aus Volumen berechnen";"3";"3";"0.4";"1";"0";"1";"1";"2023";"2023";"0";"1";"0";"1";"0";"2.0";"0";"Volumen und Oberfläche";"Größen und Messen";"gültig"
"Lage zweier Parabeln begründen";"3";"3";"0.4";"1";"0";"1";"1";"2026";"2026";"0";"1";"0";"0";"1";"0.0";"0";"Quadratische Funktionen";"Gleichungen und Funktionen";"gültig"
"Lösbarkeit quadratischer Gleichung beurteilen";"3";"3";"0.4";"1";"0";"1";"1";"2021";"2021";"0";"1";"0";"0";"1";"3.0";"0";"Quadratische Gleichungen";"Gleichungen und Funktionen";"gültig"
"Mantelfläche Kegel berechnen";"3";"3";"0.4";"1";"0";"1";"1";"2026";"2026";"0";"1";"0";"1";"0";"2.0";"0";"Volumen und Oberfläche";"Größen und Messen";"gültig"
"Materialbedarf aus Fläche berechnen";"3";"3";"0.4";"1";"0";"1";"1";"2015";"2015";"0";"1";"0";"1";"0";"3.0";"0";"Einheiten umrechnen";"Größen und Messen";"gültig"
"Netz eines Zylinders erkennen";"3";"3";"0.4";"1";"0";"1";"1";"2022";"2022";"0";"1";"0";"1";"0";"2.0";"0";"Körper, Netze, Schrägbilder";"Raum und Form";"gültig"
"Parabel an der y-Achse spiegeln";"3";"3";"0.4";"1";"0";"1";"1";"2020";"2020";"0";"1";"0";"1";"0";"1.0";"0";"Quadratische Funktionen";"Gleichungen und Funktionen";"gültig"
"Parabelgleichung zu Graph zuordnen";"3";"3";"0.4";"1";"0";"1";"1";"2015";"2015";"0";"1";"0";"1";"0";"1.0";"0";"Quadratische Funktionen";"Gleichungen und Funktionen";"gültig"
"Radius eines Zylinders aus Volumen berechnen";"3";"3";"0.4";"1";"0";"1";"1";"2022";"2022";"0";"1";"0";"1";"0";"3.0";"0";"Volumen und Oberfläche";"Größen und Messen";"gültig"
"Restfläche berechnen";"3";"3";"0.4";"1";"0";"1";"1";"2018";"2018";"0";"1";"0";"1";"0";"3.0";"0";"Flächeninhalt und Umfang";"Größen und Messen";"gültig"
"Restvolumen berechnen";"3";"3";"0.4";"1";"0";"1";"1";"2024";"2024";"0";"1";"0";"1";"0";"3.0";"0";"Volumen und Oberfläche";"Größen und Messen";"gültig"
"Steigung in Prozent deuten";"3";"3";"0.4";"1";"0";"1";"1";"2025";"2025";"0";"1";"0";"1";"0";"2.0";"0";"Prozentrechnung";"Zahlen und Operationen";"gültig"
"Term zu Körper angeben";"3";"3";"0.4";"1";"0";"1";"1";"2017";"2017";"0";"1";"0";"1";"0";"0.0";"0";"Volumen und Oberfläche";"Größen und Messen";"gültig"
"Trapezhöhe aus Fläche berechnen";"3";"3";"0.4";"1";"0";"1";"1";"2014";"2014";"0";"1";"0";"1";"0";"2.0";"0";"Flächeninhalt und Umfang";"Größen und Messen";"gültig"
"Umfang Trapez berechnen";"3";"3";"0.4";"1";"0";"1";"1";"2023";"2023";"0";"1";"0";"1";"0";"3.0";"0";"Flächeninhalt und Umfang";"Größen und Messen";"gültig"
"Volumen Kegel und Zylinder vergleichen";"3";"3";"0.4";"1";"0";"1";"1";"2026";"2026";"0";"1";"0";"0";"1";"2.0";"0";"Volumen und Oberfläche";"Größen und Messen";"gültig"
"Volumen Kugel berechnen";"3";"3";"0.4";"1";"0";"1";"1";"2016";"2016";"0";"1";"0";"1";"0";"2.0";"0";"Volumen und Oberfläche";"Größen und Messen";"gültig"
"Prozent und Anteil umwandeln";"2";"2";"0.3";"2";"4";"2";"5";"2014";"2022";"2";"0";"2";"0";"0";"0.5";"0";"Prozentrechnung";"Zahlen und Operationen";"gültig"
"Säulen- oder Balkendiagramm ergänzen";"2";"2";"0.3";"2";"1";"2";"3";"2020";"2026";"0";"2";"2";"0";"0";"0.5";"0";"Daten darstellen";"Daten und Zufall";"gültig"
"Bruchteil einer Größe berechnen";"2";"2";"0.3";"2";"0";"2";"2";"2015";"2018";"2";"0";"2";"0";"0";"1.5";"0";"Brüche und Dezimalzahlen";"Zahlen und Operationen";"gültig"
"Eigenschaft einer Figur zuordnen";"2";"2";"0.3";"2";"0";"2";"2";"2016";"2026";"2";"0";"2";"0";"0";"0.0";"0";"Ebene Figuren und Winkel";"Raum und Form";"gültig"
"Exponent einer Potenz bestimmen";"2";"2";"0.3";"2";"0";"2";"2";"2020";"2024";"2";"0";"2";"0";"0";"1.0";"0";"Potenzen und Wurzeln";"Zahlen und Operationen";"gültig"
"Grundwert berechnen";"2";"2";"0.3";"2";"0";"2";"2";"2023";"2025";"2";"0";"2";"0";"0";"1.0";"0";"Prozentrechnung";"Zahlen und Operationen";"gültig"
"Größen vergleichen";"2";"2";"0.3";"2";"0";"2";"2";"2019";"2026";"2";"0";"2";"0";"0";"1.0";"0";"Einheiten umrechnen";"Größen und Messen";"gültig"
"Körper aus Netz oder Schrägbild benennen";"2";"2";"0.3";"2";"0";"2";"2";"2017";"2018";"2";"0";"2";"0";"0";"0.0";"0";"Körper, Netze, Schrägbilder";"Raum und Form";"gültig"
"Werte im Diagramm nach Bedingung auswählen";"2";"2";"0.3";"2";"0";"2";"2";"2016";"2020";"0";"2";"2";"0";"0";"0.0";"0";"Diagramme lesen und beurteilen";"Daten und Zufall";"gültig"
"Winkel an geschnittenen Parallelen bestimmen";"2";"2";"0.3";"2";"0";"2";"2";"2015";"2020";"2";"0";"2";"0";"0";"0.5";"0";"Ebene Figuren und Winkel";"Raum und Form";"gültig"
"Winkel über Scheitel- oder Nebenwinkel bestimmen";"2";"2";"0.3";"2";"0";"2";"2";"2014";"2019";"2";"0";"2";"0";"0";"1.0";"0";"Ebene Figuren und Winkel";"Raum und Form";"gültig"
"Zahl zu Bedingung angeben";"2";"2";"0.3";"2";"0";"2";"2";"2014";"2015";"2";"0";"2";"0";"0";"0.5";"0";"Rationale Zahlen rechnen";"Zahlen und Operationen";"gültig"
"Nullstelle lineare Funktion berechnen";"2";"2";"0.3";"1";"1";"1";"2";"2021";"2022";"0";"1";"1";"0";"0";"2.0";"0";"Lineare Funktionen";"Gleichungen und Funktionen";"gültig"
"Volumen Prisma berechnen";"2";"2";"0.3";"1";"1";"1";"2";"2014";"2019";"0";"1";"1";"0";"0";"1.0";"0";"Volumen und Oberfläche";"Größen und Messen";"gültig"
"Fehlenden Prozentanteil ergänzen";"2";"2";"0.3";"1";"0";"1";"1";"2021";"2021";"0";"1";"1";"0";"0";"1.0";"0";"Prozentrechnung";"Zahlen und Operationen";"gültig"
"Figur in Teilflächen zerlegen";"2";"2";"0.3";"1";"0";"1";"1";"2017";"2017";"0";"1";"1";"0";"0";"0.0";"0";"Flächeninhalt und Umfang";"Größen und Messen";"gültig"
"Flächeninhalt Drachenviereck berechnen";"2";"2";"0.3";"1";"0";"1";"1";"2025";"2025";"0";"1";"1";"0";"0";"1.0";"0";"Flächeninhalt und Umfang";"Größen und Messen";"gültig"
"Flächeninhalt Trapez berechnen";"2";"2";"0.3";"1";"0";"1";"1";"2023";"2023";"0";"1";"1";"0";"0";"2.0";"0";"Flächeninhalt und Umfang";"Größen und Messen";"gültig"
"Gerade ohne gemeinsamen Punkt mit Parabel angeben";"2";"2";"0.3";"1";"0";"1";"1";"2014";"2014";"0";"1";"0";"1";"0";"0.0";"0";"Quadratische Funktionen";"Gleichungen und Funktionen";"gültig"
"Geschwindigkeit aus Weg und Zeit berechnen";"2";"2";"0.3";"1";"0";"1";"1";"2015";"2015";"0";"1";"0";"1";"0";"3.0";"0";"Zuordnungen proportional und antiproportional";"Gleichungen und Funktionen";"gültig"
"Gleichung zu Tarif zuordnen";"2";"2";"0.3";"1";"0";"1";"1";"2021";"2021";"0";"1";"1";"0";"0";"0.0";"0";"Lineare Funktionen";"Gleichungen und Funktionen";"gültig"
"Grundseite aus Dreiecksfläche berechnen";"2";"2";"0.3";"1";"0";"1";"1";"2020";"2020";"0";"1";"0";"1";"0";"2.0";"0";"Flächeninhalt und Umfang";"Größen und Messen";"gültig"
"Guthabentabelle mit Zinsen ergänzen";"2";"2";"0.3";"1";"0";"1";"1";"2014";"2014";"0";"1";"0";"1";"0";"2.0";"0";"Zinsrechnung";"Zahlen und Operationen";"gültig"
"Günstigste Preiskombination bestimmen";"2";"2";"0.3";"1";"0";"1";"1";"2016";"2016";"0";"1";"0";"0";"1";"4.0";"0";"Rationale Zahlen rechnen";"Zahlen und Operationen";"gültig"
"Kenngrößen einer Liste prüfen";"2";"2";"0.3";"1";"0";"1";"1";"2025";"2025";"0";"1";"1";"0";"0";"2.0";"0";"Kenngrößen";"Daten und Zufall";"gültig"
"Kreissektor Anteil berechnen";"2";"2";"0.3";"1";"0";"1";"1";"2025";"2025";"1";"0";"1";"0";"0";"1.0";"0";"Flächeninhalt und Umfang";"Größen und Messen";"gültig"
"Körperskizze beschriften";"2";"2";"0.3";"1";"0";"1";"1";"2015";"2015";"0";"1";"1";"0";"0";"0.0";"0";"Körper, Netze, Schrägbilder";"Raum und Form";"gültig"
"Mantelfläche Prisma berechnen";"2";"2";"0.3";"1";"0";"1";"1";"2019";"2019";"0";"1";"1";"0";"0";"2.0";"0";"Volumen und Oberfläche";"Größen und Messen";"gültig"
"Mantelfläche Zylinder berechnen";"2";"2";"0.3";"1";"0";"1";"1";"2018";"2018";"0";"1";"1";"0";"0";"2.0";"0";"Volumen und Oberfläche";"Größen und Messen";"gültig"
"Mantellinie Kegel bestimmen";"2";"2";"0.3";"1";"0";"1";"1";"2018";"2018";"0";"1";"0";"1";"0";"2.0";"0";"Satz des Pythagoras";"Größen und Messen";"gültig"
"Packungsanzahl in Quader bestimmen";"2";"2";"0.3";"1";"0";"1";"1";"2020";"2020";"0";"1";"0";"0";"1";"3.0";"0";"Körper, Netze, Schrägbilder";"Raum und Form";"gültig"
"Parabel aus Gleichung skizzieren";"2";"2";"0.3";"1";"0";"1";"1";"2024";"2024";"0";"1";"1";"0";"0";"1.0";"0";"Quadratische Funktionen";"Gleichungen und Funktionen";"gültig"
"Rechten Winkel begründen";"2";"2";"0.3";"1";"0";"1";"1";"2025";"2025";"0";"1";"0";"1";"0";"2.0";"0";"Ebene Figuren und Winkel";"Raum und Form";"gültig"
"Streifendiagramm zeichnen";"2";"2";"0.3";"1";"0";"1";"1";"2018";"2018";"0";"1";"0";"1";"0";"2.0";"0";"Daten darstellen";"Daten und Zufall";"gültig"
"Volumen aus Masse und Dichte berechnen";"2";"2";"0.3";"1";"0";"1";"1";"2016";"2016";"0";"1";"0";"1";"0";"2.0";"0";"Einheiten umrechnen";"Größen und Messen";"gültig"
"Volumenänderung bei doppeltem Radius begründen";"2";"2";"0.3";"1";"0";"1";"1";"2021";"2021";"0";"1";"0";"1";"0";"1.0";"0";"Volumen und Oberfläche";"Größen und Messen";"gültig"
"Wahrscheinlichkeit über Gegenereignis berechnen";"2";"2";"0.3";"1";"0";"1";"1";"2026";"2026";"0";"1";"0";"1";"0";"2.0";"0";"Wahrscheinlichkeit mehrstufig";"Daten und Zufall";"gültig"
"Zeitpunkt für Schwellenwert bei Wachstum bestimmen";"2";"2";"0.3";"1";"0";"1";"1";"2018";"2018";"0";"1";"0";"1";"0";"3.0";"0";"Exponentialfunktionen und Wachstum";"Gleichungen und Funktionen";"gültig"
"Zinseszins Endkapital berechnen";"2";"2";"0.3";"1";"0";"1";"1";"2014";"2014";"0";"1";"0";"1";"0";"2.0";"0";"Zinsrechnung";"Zahlen und Operationen";"gültig"
"Winkel aus Teilwinkeln berechnen";"1";"1";"0.1";"1";"2";"1";"3";"2014";"2018";"0";"1";"1";"0";"0";"1.0";"0";"Ebene Figuren und Winkel";"Raum und Form";"gültig"
"Nullstelle am Graphen ablesen";"1";"1";"0.1";"1";"1";"1";"2";"2015";"2019";"0";"1";"1";"0";"0";"0.0";"0";"Lineare Funktionen";"Gleichungen und Funktionen";"gültig"
"Uhrzeit aus Startzeit und Dauer berechnen";"1";"1";"0.1";"1";"1";"1";"2";"2014";"2021";"1";"0";"1";"0";"0";"2.0";"0";"Einheiten umrechnen";"Größen und Messen";"gültig"
"Anzahl der Dreiecke aus Punkten bestimmen";"1";"1";"0.1";"1";"0";"1";"1";"2015";"2015";"0";"1";"0";"1";"0";"2.0";"0";"Zählen und Kombinatorik";"Daten und Zufall";"gültig"
"Ausgangswert aus Differenz berechnen";"1";"1";"0.1";"1";"0";"1";"1";"2017";"2017";"0";"1";"1";"0";"0";"1.0";"0";"Rationale Zahlen rechnen";"Zahlen und Operationen";"gültig"
"Dreiecksungleichung anwenden";"1";"1";"0.1";"1";"0";"1";"1";"2020";"2020";"1";"0";"1";"0";"0";"0.0";"0";"Ebene Figuren und Winkel";"Raum und Form";"gültig"
"Fehlenden Wert aus Mittelwert bestimmen";"1";"1";"0.1";"1";"0";"1";"1";"2022";"2022";"1";"0";"0";"1";"0";"2.0";"0";"Kenngrößen";"Daten und Zufall";"gültig"
"Figur nach Spiegelung benennen";"1";"1";"0.1";"1";"0";"1";"1";"2018";"2018";"1";"0";"1";"0";"0";"0.0";"0";"Symmetrie und Abbildungen";"Raum und Form";"gültig"
"Gegenfläche im Würfelnetz bestimmen";"1";"1";"0.1";"1";"0";"1";"1";"2016";"2016";"1";"0";"1";"0";"0";"0.0";"0";"Körper, Netze, Schrägbilder";"Raum und Form";"gültig"
"Graph einer linearen Funktion erkennen";"1";"1";"0.1";"1";"0";"1";"1";"2025";"2025";"1";"0";"1";"0";"0";"0.0";"0";"Lineare Funktionen";"Gleichungen und Funktionen";"gültig"
"Große Zahl mit Zehnerpotenz multiplizieren";"1";"1";"0.1";"1";"0";"1";"1";"2015";"2015";"0";"1";"1";"0";"0";"1.0";"0";"Zehnerpotenzen und Näherungswerte";"Zahlen und Operationen";"gültig"
"Größte Zahl aus Ziffern bilden";"1";"1";"0.1";"1";"0";"1";"1";"2016";"2016";"0";"1";"1";"0";"0";"0.0";"0";"Zählen und Kombinatorik";"Daten und Zufall";"gültig"
"Kantenzahl eines Körpers angeben";"1";"1";"0.1";"1";"0";"1";"1";"2019";"2019";"1";"0";"1";"0";"0";"1.0";"0";"Körper, Netze, Schrägbilder";"Raum und Form";"gültig"
"Lage eines Punktes zu den Achsen erkennen";"1";"1";"0.1";"1";"0";"1";"1";"2020";"2020";"1";"0";"1";"0";"0";"0.0";"0";"Koordinaten und Zeichnen";"Raum und Form";"gültig"
"Längeneinheit mit Faktor umrechnen";"1";"1";"0.1";"1";"0";"1";"1";"2016";"2016";"0";"1";"1";"0";"0";"1.0";"0";"Einheiten umrechnen";"Größen und Messen";"gültig"
"Mitte zweier Zahlen bestimmen";"1";"1";"0.1";"1";"0";"1";"1";"2020";"2020";"1";"0";"1";"0";"0";"1.0";"0";"Brüche und Dezimalzahlen";"Zahlen und Operationen";"gültig"
"Portionen aus Gesamtmenge berechnen";"1";"1";"0.1";"1";"0";"1";"1";"2022";"2022";"1";"0";"1";"0";"0";"2.0";"0";"Einheiten umrechnen";"Größen und Messen";"gültig"
"Quadratseite aus Fläche berechnen";"1";"1";"0.1";"1";"0";"1";"1";"2020";"2020";"1";"0";"1";"0";"0";"1.0";"0";"Flächeninhalt und Umfang";"Größen und Messen";"gültig"
"Rechteckseite aus Umfang berechnen";"1";"1";"0.1";"1";"0";"1";"1";"2018";"2018";"1";"0";"1";"0";"0";"2.0";"0";"Flächeninhalt und Umfang";"Größen und Messen";"gültig"
"Relative Häufigkeit angeben";"1";"1";"0.1";"1";"0";"1";"1";"2015";"2015";"0";"1";"1";"0";"0";"1.0";"0";"Kenngrößen";"Daten und Zufall";"gültig"
"Satz des Pythagoras formulieren";"1";"1";"0.1";"1";"0";"1";"1";"2022";"2022";"1";"0";"1";"0";"0";"0.0";"0";"Satz des Pythagoras";"Größen und Messen";"gültig"
"Trigonometrische Gleichung nach Seite umstellen";"1";"1";"0.1";"1";"0";"1";"1";"2020";"2020";"1";"0";"1";"0";"0";"2.0";"0";"Trigonometrie im rechtwinkligen Dreieck";"Größen und Messen";"gültig"
"Umfang Rechteck berechnen";"1";"1";"0.1";"1";"0";"1";"1";"2026";"2026";"1";"0";"1";"0";"0";"1.0";"0";"Flächeninhalt und Umfang";"Größen und Messen";"gültig"
"Volumen Würfel berechnen";"1";"1";"0.1";"1";"0";"1";"1";"2026";"2026";"1";"0";"1";"0";"0";"1.0";"0";"Volumen und Oberfläche";"Größen und Messen";"gültig"
"Vorzeichenregel anwenden";"1";"1";"0.1";"1";"0";"1";"1";"2015";"2015";"1";"0";"1";"0";"0";"0.0";"0";"Rationale Zahlen rechnen";"Zahlen und Operationen";"gültig"
"Wertetabelle einer Funktion zuordnen";"1";"1";"0.1";"1";"0";"1";"1";"2026";"2026";"1";"0";"1";"0";"0";"1.0";"0";"Funktionen allgemein";"Gleichungen und Funktionen";"gültig"
"Wurzel eines Quadrats berechnen";"1";"1";"0.1";"1";"0";"1";"1";"2015";"2015";"1";"0";"1";"0";"0";"1.0";"0";"Potenzen und Wurzeln";"Zahlen und Operationen";"gültig"
"y-Achsenabschnitt ablesen";"1";"1";"0.1";"1";"0";"1";"1";"2024";"2024";"1";"0";"1";"0";"0";"1.0";"0";"Lineare Funktionen";"Gleichungen und Funktionen";"gültig"
"Behauptung prüfen";"0";"0";"0.0";"0";"36";"0";"12";"2014";"2026";"0";"0";"0";"0";"0";"";"0";"Wahrscheinlichkeit mehrstufig";"Daten und Zufall";"gültig"
"Mittelpunktswinkel berechnen";"0";"0";"0.0";"0";"4";"0";"4";"2015";"2024";"0";"0";"0";"0";"0";"";"0";"Daten darstellen";"Daten und Zufall";"gültig"
"Flächeninhalt Rechteck berechnen";"0";"0";"0.0";"0";"3";"0";"2";"2017";"2018";"0";"0";"0";"0";"0";"";"0";"Flächeninhalt und Umfang";"Größen und Messen";"gültig"
"Parabel an der x-Achse spiegeln";"0";"0";"0.0";"0";"2";"0";"2";"2017";"2018";"0";"0";"0";"0";"0";"";"0";"Quadratische Funktionen";"Gleichungen und Funktionen";"gültig"
"Masse aus Volumen und Dichte berechnen";"0";"0";"0.0";"0";"1";"0";"1";"2019";"2019";"0";"0";"0";"0";"0";"";"0";"Einheiten umrechnen";"Größen und Messen";"gültig"
"Schnittpunkt am Graphen ablesen";"0";"0";"0.0";"0";"1";"0";"1";"2023";"2023";"0";"0";"0";"0";"0";"";"0";"Lineare Funktionen";"Gleichungen und Funktionen";"gültig"
"Steigung in Prozent berechnen";"0";"0";"0.0";"0";"1";"0";"1";"2025";"2025";"0";"0";"0";"0";"0";"";"0";"Prozentrechnung";"Zahlen und Operationen";"gültig"
"Verpackungsmaße aus Körpermaßen bestimmen";"0";"0";"0.0";"0";"1";"0";"1";"2024";"2024";"0";"0";"0";"0";"0";"";"0";"Körper, Netze, Schrägbilder";"Raum und Form";"gültig"
"Veränderung des Mittelwerts begründen";"0";"0";"0.0";"0";"1";"0";"1";"2025";"2025";"0";"0";"0";"0";"0";"";"0";"Kenngrößen";"Daten und Zufall";"gültig"
"Volumen Kegel berechnen";"0";"0";"0.0";"0";"1";"0";"1";"2024";"2024";"0";"0";"0";"0";"0";"";"0";"Volumen und Oberfläche";"Größen und Messen";"gültig"
"Anstieg einer linearen Funktion aus Punkt und y-Achsenabschnitt berechnen";"0";"0";"0.0";"0";"0";"0";"0";"";"";"0";"0";"0";"0";"0";"";"0";"Lineare Funktionen";"Gleichungen und Funktionen";"neu"
"Anteil aus der Wahrscheinlichkeit mehrerer unabhängiger Ereignisse zurückrechnen";"0";"0";"0.0";"0";"0";"0";"0";"";"";"0";"0";"0";"0";"0";"";"0";"Wahrscheinlichkeit mehrstufig";"Daten und Zufall";"neu"
"Anteil einer unterteilten Kreisfläche bestimmen";"0";"0";"0.0";"0";"0";"0";"0";"";"";"0";"0";"0";"0";"0";"";"0";"Brüche und Dezimalzahlen";"Zahlen und Operationen";"neu"
"Antiproportionale Zuordnung Dreisatz";"0";"0";"0.0";"0";"0";"0";"0";"";"";"0";"0";"0";"0";"0";"";"0";"Zuordnungen proportional und antiproportional";"Gleichungen und Funktionen";"neu"
"Anzahl Kombinationen nach dem Zählprinzip bestimmen";"0";"0";"0.0";"0";"0";"0";"0";"";"";"0";"0";"0";"0";"0";"";"0";"Zählen und Kombinatorik";"Daten und Zufall";"neu"
"Anzahl Objekte aus Masse und Tragfähigkeit berechnen";"0";"0";"0.0";"0";"0";"0";"0";"";"";"0";"0";"0";"0";"0";"";"0";"Volumen und Oberfläche";"Größen und Messen";"neu"
"Anzahl der Auswahlmöglichkeiten (Kombination) bestimmen";"0";"0";"0.0";"0";"0";"0";"0";"";"";"0";"0";"0";"0";"0";"";"0";"Zählen und Kombinatorik";"Daten und Zufall";"neu"
"Anzahl der Pfade zu einem Ereignis im Baumdiagramm zählen";"0";"0";"0.0";"0";"0";"0";"0";"";"";"0";"0";"0";"0";"0";"";"0";"Wahrscheinlichkeit mehrstufig";"Daten und Zufall";"neu"
"Aussage zu einer Winkelfunktion im rechtwinkligen Dreieck prüfen";"0";"0";"0.0";"0";"0";"0";"0";"";"";"0";"0";"0";"0";"0";"";"0";"Trigonometrie im rechtwinkligen Dreieck";"Größen und Messen";"neu"
"Aussage über eine mehrfach gebrochene Streckenteilung prüfen";"0";"0";"0.0";"0";"0";"0";"0";"";"";"0";"0";"0";"0";"0";"";"0";"Rationale Zahlen rechnen";"Zahlen und Operationen";"neu"
"Aussage über einen Logarithmusterm als Abstand zur y-Achse prüfen";"0";"0";"0.0";"0";"0";"0";"0";"";"";"0";"0";"0";"0";"0";"";"0";"Exponentialfunktionen und Wachstum";"Gleichungen und Funktionen";"neu"
"Binomische Formel anwenden";"0";"0";"0.0";"0";"0";"0";"0";"";"";"0";"0";"0";"0";"0";"";"0";"Terme umformen";"Zahlen und Operationen";"neu"
"Datenreihen anhand von Kenngrößen vergleichen und begründen";"0";"0";"0.0";"0";"0";"0";"0";"";"";"0";"0";"0";"0";"0";"";"0";"Kenngrößen";"Daten und Zufall";"neu"
"Dreieck aus Koordinaten als gleichschenklig-rechtwinklig nachweisen";"0";"0";"0.0";"0";"0";"0";"0";"";"";"0";"0";"0";"0";"0";"";"0";"Ebene Figuren und Winkel";"Raum und Form";"neu"
"Durchmesser einer Halbkugel aus der Oberfläche berechnen";"0";"0";"0.0";"0";"0";"0";"0";"";"";"0";"0";"0";"0";"0";"";"0";"Volumen und Oberfläche";"Größen und Messen";"neu"
"Eigenschaften trigonometrischer Funktionen vergleichen";"0";"0";"0.0";"0";"0";"0";"0";"";"";"0";"0";"0";"0";"0";"";"0";"Trigonometrische Funktionen";"Gleichungen und Funktionen";"neu"
"Eignung einer Funktionsgleichung für einen Sachverhalt beurteilen";"0";"0";"0.0";"0";"0";"0";"0";"";"";"0";"0";"0";"0";"0";"";"0";"Quadratische Funktionen";"Gleichungen und Funktionen";"neu"
"Ereignis zu Wahrscheinlichkeitsterm beschreiben";"0";"0";"0.0";"0";"0";"0";"0";"";"";"0";"0";"0";"0";"0";"";"0";"Wahrscheinlichkeit mehrstufig";"Daten und Zufall";"neu"
"Erwartete Anzahl aus Wahrscheinlichkeit und Stichprobengröße berechnen";"0";"0";"0.0";"0";"0";"0";"0";"";"";"0";"0";"0";"0";"0";"";"0";"Wahrscheinlichkeit einstufig";"Daten und Zufall";"neu"
"Exponentialfunktion vertikal verschieben und Schnittpunkt mit der y-Achse angeben";"0";"0";"0.0";"0";"0";"0";"0";"";"";"0";"0";"0";"0";"0";"";"0";"Exponentialfunktionen und Wachstum";"Gleichungen und Funktionen";"neu"
"Farbmenge aus Fläche und Ergiebigkeit berechnen";"0";"0";"0.0";"0";"0";"0";"0";"";"";"0";"0";"0";"0";"0";"";"0";"Einheiten umrechnen";"Größen und Messen";"neu"
"Fehlende Schnittpunkte zweier Funktionen über Wertebereiche begründen";"0";"0";"0.0";"0";"0";"0";"0";"";"";"0";"0";"0";"0";"0";"";"0";"Quadratische Funktionen";"Gleichungen und Funktionen";"neu"
"Fehlenden Wert aus Spannweite bestimmen";"0";"0";"0.0";"0";"0";"0";"0";"";"";"0";"0";"0";"0";"0";"";"0";"Kenngrößen";"Daten und Zufall";"neu"
"Fläche zweier Mantelflächen eines Prismas mit trapezförmiger Grundfläche berechnen";"0";"0";"0.0";"0";"0";"0";"0";"";"";"0";"0";"0";"0";"0";"";"0";"Volumen und Oberfläche";"Größen und Messen";"neu"
"Flächenberechnung eines Vielecks anhand einer vorgegebenen Gleichung erläutern";"0";"0";"0.0";"0";"0";"0";"0";"";"";"0";"0";"0";"0";"0";"";"0";"Ebene Figuren und Winkel";"Raum und Form";"neu"
"Flächeninhalt eines Drachenvierecks aus Diagonalen berechnen";"0";"0";"0.0";"0";"0";"0";"0";"";"";"0";"0";"0";"0";"0";"";"0";"Flächeninhalt und Umfang";"Größen und Messen";"neu"
"Flächeninhalt eines Dreiecks aus Koordinaten berechnen";"0";"0";"0.0";"0";"0";"0";"0";"";"";"0";"0";"0";"0";"0";"";"0";"Ebene Figuren und Winkel";"Raum und Form";"neu"
"Flächeninhalt eines Dreiecks aus drei Seiten berechnen";"0";"0";"0.0";"0";"0";"0";"0";"";"";"0";"0";"0";"0";"0";"";"0";"Ebene Figuren und Winkel";"Raum und Form";"neu"
"Flächeninhalt eines Vierecks aus den Achsenschnittpunkten zweier Funktionsgraphen berechnen";"0";"0";"0.0";"0";"0";"0";"0";"";"";"0";"0";"0";"0";"0";"";"0";"Ebene Figuren und Winkel";"Raum und Form";"neu"
"Flächeninhalt eines aus vier kongruenten rechtwinkligen Dreiecken zusammengesetzten Vierecks berechnen";"0";"0";"0.0";"0";"0";"0";"0";"";"";"0";"0";"0";"0";"0";"";"0";"Flächeninhalt und Umfang";"Größen und Messen";"neu"
"Flächeninhalt eines gleichseitigen Dreiecks aus Umfang berechnen";"0";"0";"0.0";"0";"0";"0";"0";"";"";"0";"0";"0";"0";"0";"";"0";"Flächeninhalt und Umfang";"Größen und Messen";"neu"
"Formel für die Tiefe eines Kegels aus Durchmesser und Öffnungswinkel herleiten";"0";"0";"0.0";"0";"0";"0";"0";"";"";"0";"0";"0";"0";"0";"";"0";"Trigonometrie im rechtwinkligen Dreieck";"Größen und Messen";"neu"
"Funktionswerte einer Parabel im Sachkontext berechnen";"0";"0";"0.0";"0";"0";"0";"0";"";"";"0";"0";"0";"0";"0";"";"0";"Quadratische Funktionen";"Gleichungen und Funktionen";"neu"
"Gerade an der x-Achse spiegeln";"0";"0";"0.0";"0";"0";"0";"0";"";"";"0";"0";"0";"0";"0";"";"0";"Lineare Funktionen";"Gleichungen und Funktionen";"neu"
"Gerade an der y-Achse spiegeln";"0";"0";"0.0";"0";"0";"0";"0";"";"";"0";"0";"0";"0";"0";"";"0";"Lineare Funktionen";"Gleichungen und Funktionen";"neu"
"Geradengleichung aus Steigung und Punkt bestimmen";"0";"0";"0.0";"0";"0";"0";"0";"";"";"0";"0";"0";"0";"0";"";"0";"Lineare Funktionen";"Gleichungen und Funktionen";"neu"
"Geradengleichung einer Parallelen durch einen Punkt bestimmen";"0";"0";"0.0";"0";"0";"0";"0";"";"";"0";"0";"0";"0";"0";"";"0";"Lineare Funktionen";"Gleichungen und Funktionen";"neu"
"Gesamtmenge aus Pro-Kopf-Angabe, Anteil und Einwohnerzahl berechnen";"0";"0";"0.0";"0";"0";"0";"0";"";"";"0";"0";"0";"0";"0";"";"0";"Prozentrechnung";"Zahlen und Operationen";"neu"
"Gleich große oder doppelt so große Winkel in einer aus kongruenten Dreiecken zusammengesetzten Figur kennzeichnen";"0";"0";"0.0";"0";"0";"0";"0";"";"";"0";"0";"0";"0";"0";"";"0";"Ebene Figuren und Winkel";"Raum und Form";"neu"
"Gleichung einer Senkrechten aufstellen";"0";"0";"0.0";"0";"0";"0";"0";"";"";"0";"0";"0";"0";"0";"";"0";"Lineare Funktionen";"Gleichungen und Funktionen";"neu"
"Gleichverteilung der Trefferwahrscheinlichkeit begründen";"0";"0";"0.0";"0";"0";"0";"0";"";"";"0";"0";"0";"0";"0";"";"0";"Wahrscheinlichkeit mehrstufig";"Daten und Zufall";"neu"
"Graph einer Exponentialfunktion an der y-Achse spiegeln";"0";"0";"0.0";"0";"0";"0";"0";"";"";"0";"0";"0";"0";"0";"";"0";"Exponentialfunktionen und Wachstum";"Gleichungen und Funktionen";"neu"
"Graph einer trigonometrischen Funktion durch Streckung und Verschiebung beschreiben";"0";"0";"0.0";"0";"0";"0";"0";"";"";"0";"0";"0";"0";"0";"";"0";"Trigonometrische Funktionen";"Gleichungen und Funktionen";"neu"
"Graph eines exponentiellen Vorgangs zeichnen";"0";"0";"0.0";"0";"0";"0";"0";"";"";"0";"0";"0";"0";"0";"";"0";"Exponentialfunktionen und Wachstum";"Gleichungen und Funktionen";"neu"
"Grundfläche eines Prismas im Körpernetz kennzeichnen";"0";"0";"0.0";"0";"0";"0";"0";"";"";"0";"0";"0";"0";"0";"";"0";"Körper, Netze, Schrägbilder";"Raum und Form";"neu"
"Grundstücksbreiten aus einem in Teilflächen zerlegten Trapez bestimmen";"0";"0";"0.0";"0";"0";"0";"0";"";"";"0";"0";"0";"0";"0";"";"0";"Ähnlichkeit und Strahlensätze";"Raum und Form";"neu"
"Höhe eines Drachenvierecks aus geteiltem Winkel und Diagonalen berechnen";"0";"0";"0.0";"0";"0";"0";"0";"";"";"0";"0";"0";"0";"0";"";"0";"Trigonometrie im rechtwinkligen Dreieck";"Größen und Messen";"neu"
"Innendurchmesser eines Kreisrings aus Flächeninhalt und Außendurchmesser berechnen";"0";"0";"0.0";"0";"0";"0";"0";"";"";"0";"0";"0";"0";"0";"";"0";"Flächeninhalt und Umfang";"Größen und Messen";"neu"
"Kantenlänge einer quadratischen Grundfläche aus Volumen berechnen";"0";"0";"0.0";"0";"0";"0";"0";"";"";"0";"0";"0";"0";"0";"";"0";"Volumen und Oberfläche";"Größen und Messen";"neu"
"Kantensumme eines Quaders mit Seitenlängen in Abhängigkeit von der Höhe berechnen";"0";"0";"0.0";"0";"0";"0";"0";"";"";"0";"0";"0";"0";"0";"";"0";"Volumen und Oberfläche";"Größen und Messen";"neu"
"Kegelhöhe aus Mantellinie und Radius berechnen";"0";"0";"0.0";"0";"0";"0";"0";"";"";"0";"0";"0";"0";"0";"";"0";"Satz des Pythagoras";"Größen und Messen";"neu"
"Kreisumfang berechnen";"0";"0";"0.0";"0";"0";"0";"0";"";"";"0";"0";"0";"0";"0";"";"0";"Flächeninhalt und Umfang";"Größen und Messen";"neu"
"Kugeldurchmesser aus Anzahl nebeneinanderliegender Kugeln bestimmen";"0";"0";"0.0";"0";"0";"0";"0";"";"";"0";"0";"0";"0";"0";"";"0";"Volumen und Oberfläche";"Größen und Messen";"neu"
"Kugeloberfläche berechnen";"0";"0";"0.0";"0";"0";"0";"0";"";"";"0";"0";"0";"0";"0";"";"0";"Volumen und Oberfläche";"Größen und Messen";"neu"
"Körper im Schrägbild darstellen";"0";"0";"0.0";"0";"0";"0";"0";"";"";"0";"0";"0";"0";"0";"";"0";"Körper, Netze, Schrägbilder";"Raum und Form";"neu"
"Lage zweier Geraden bestimmen";"0";"0";"0.0";"0";"0";"0";"0";"";"";"0";"0";"0";"0";"0";"";"0";"Lineare Funktionen";"Gleichungen und Funktionen";"neu"
"Lineare Funktion aus Steigung und Schnittbedingung bestimmen";"0";"0";"0.0";"0";"0";"0";"0";"";"";"0";"0";"0";"0";"0";"";"0";"Lineare Funktionen";"Gleichungen und Funktionen";"neu"
"Länge auf der Mantellinie eines Kegels bei Teilfüllung über Ähnlichkeit bestimmen";"0";"0";"0.0";"0";"0";"0";"0";"";"";"0";"0";"0";"0";"0";"";"0";"Ähnlichkeit und Strahlensätze";"Raum und Form";"neu"
"Mantelfläche einer Pyramide berechnen";"0";"0";"0.0";"0";"0";"0";"0";"";"";"0";"0";"0";"0";"0";"";"0";"Volumen und Oberfläche";"Größen und Messen";"neu"
"Masse eines zusammengesetzten Körpers berechnen";"0";"0";"0.0";"0";"0";"0";"0";"";"";"0";"0";"0";"0";"0";"";"0";"Volumen und Oberfläche";"Größen und Messen";"neu"
"Materialbedarf aus Längen berechnen";"0";"0";"0.0";"0";"0";"0";"0";"";"";"0";"0";"0";"0";"0";"";"0";"Einheiten umrechnen";"Größen und Messen";"neu"
"Maximale Anzahl rechteckiger Objekte auf einer Fläche bestimmen";"0";"0";"0.0";"0";"0";"0";"0";"";"";"0";"0";"0";"0";"0";"";"0";"Flächeninhalt und Umfang";"Größen und Messen";"neu"
"Maximale ganzzahlige Menge aus Grenzwert berechnen";"0";"0";"0.0";"0";"0";"0";"0";"";"";"0";"0";"0";"0";"0";"";"0";"Runden und Überschlag";"Zahlen und Operationen";"neu"
"Maße eines Körpers aus einem bemaßten Netz im Maßstab ablesen";"0";"0";"0.0";"0";"0";"0";"0";"";"";"0";"0";"0";"0";"0";"";"0";"Körper, Netze, Schrägbilder";"Raum und Form";"neu"
"Mehrere Kenngrößen zweier Datenreihen vergleichend bestimmen";"0";"0";"0.0";"0";"0";"0";"0";"";"";"0";"0";"0";"0";"0";"";"0";"Kenngrößen";"Daten und Zufall";"neu"
"Modalwert bestimmen";"0";"0";"0.0";"0";"0";"0";"0";"";"";"0";"0";"0";"0";"0";"";"0";"Kenngrößen";"Daten und Zufall";"neu"
"Neigungswinkel einer Geraden berechnen";"0";"0";"0.0";"0";"0";"0";"0";"";"";"0";"0";"0";"0";"0";"";"0";"Trigonometrie im rechtwinkligen Dreieck";"Größen und Messen";"neu"
"Parabelgleichung aus Scheitel und Punkt bestimmen";"0";"0";"0.0";"0";"0";"0";"0";"";"";"0";"0";"0";"0";"0";"";"0";"Quadratische Funktionen";"Gleichungen und Funktionen";"neu"
"Parabelgleichung aus Spannweite und Höhe eines Bogens bestimmen";"0";"0";"0.0";"0";"0";"0";"0";"";"";"0";"0";"0";"0";"0";"";"0";"Quadratische Funktionen";"Gleichungen und Funktionen";"neu"
"Parabelgleichung aus zwei Nullstellen aufstellen und Nullstellen bestätigen";"0";"0";"0.0";"0";"0";"0";"0";"";"";"0";"0";"0";"0";"0";"";"0";"Quadratische Funktionen";"Gleichungen und Funktionen";"neu"
"Parabeltransformation gegenüber der Normalparabel beschreiben";"0";"0";"0.0";"0";"0";"0";"0";"";"";"0";"0";"0";"0";"0";"";"0";"Quadratische Funktionen";"Gleichungen und Funktionen";"neu"
"Parameter einer Exponentialfunktion aus Graph bestimmen";"0";"0";"0.0";"0";"0";"0";"0";"";"";"0";"0";"0";"0";"0";"";"0";"Exponentialfunktionen und Wachstum";"Gleichungen und Funktionen";"neu"
"Parameter einer Exponentialfunktion aus einer Wertetabelle bestimmen";"0";"0";"0.0";"0";"0";"0";"0";"";"";"0";"0";"0";"0";"0";"";"0";"Exponentialfunktionen und Wachstum";"Gleichungen und Funktionen";"neu"
"Parameter einer Parabel aus Graph bestimmen";"0";"0";"0.0";"0";"0";"0";"0";"";"";"0";"0";"0";"0";"0";"";"0";"Quadratische Funktionen";"Gleichungen und Funktionen";"neu"
"Parameter einer Wurzelfunktion aus einem Punkt bestimmen";"0";"0";"0.0";"0";"0";"0";"0";"";"";"0";"0";"0";"0";"0";"";"0";"Funktionen allgemein";"Gleichungen und Funktionen";"neu"
"Prozentanteil einer Rasterfläche markieren";"0";"0";"0.0";"0";"0";"0";"0";"";"";"0";"0";"0";"0";"0";"";"0";"Prozentrechnung";"Zahlen und Operationen";"neu"
"Prozentuale Abweichung einer Modellfläche von der tatsächlichen Fläche berechnen";"0";"0";"0.0";"0";"0";"0";"0";"";"";"0";"0";"0";"0";"0";"";"0";"Prozentrechnung";"Zahlen und Operationen";"neu"
"Prozentuale Abweichung eines Werts von einem Vergleichswert berechnen";"0";"0";"0.0";"0";"0";"0";"0";"";"";"0";"0";"0";"0";"0";"";"0";"Prozentrechnung";"Zahlen und Operationen";"neu"
"Prozentualen Zuwachs aus Anfangs- und Endwert berechnen";"0";"0";"0.0";"0";"0";"0";"0";"";"";"0";"0";"0";"0";"0";"";"0";"Prozentrechnung";"Zahlen und Operationen";"neu"
"Sachaufgabe zu einer Gleichungskette formulieren";"0";"0";"0.0";"0";"0";"0";"0";"";"";"0";"0";"0";"0";"0";"";"0";"Exponentialfunktionen und Wachstum";"Gleichungen und Funktionen";"neu"
"Scheitelpunkt einer Parabel rechnerisch nachweisen";"0";"0";"0.0";"0";"0";"0";"0";"";"";"0";"0";"0";"0";"0";"";"0";"Quadratische Funktionen";"Gleichungen und Funktionen";"neu"
"Schnittpunktanzahl von Graphen begründen";"0";"0";"0.0";"0";"0";"0";"0";"";"";"0";"0";"0";"0";"0";"";"0";"Quadratische Funktionen";"Gleichungen und Funktionen";"neu"
"Schnittpunktgleichung zweier Parabeln herleiten";"0";"0";"0.0";"0";"0";"0";"0";"";"";"0";"0";"0";"0";"0";"";"0";"Quadratische Funktionen";"Gleichungen und Funktionen";"neu"
"Seite im allgemeinen Dreieck über Kosinussatz berechnen";"0";"0";"0.0";"0";"0";"0";"0";"";"";"0";"0";"0";"0";"0";"";"0";"Sinussatz";"Größen und Messen";"neu"
"Seite im rechtwinkligen Dreieck aus Winkel und Kathete berechnen";"0";"0";"0.0";"0";"0";"0";"0";"";"";"0";"0";"0";"0";"0";"";"0";"Trigonometrie im rechtwinkligen Dreieck";"Größen und Messen";"neu"
"Sinussatz Winkel berechnen";"0";"0";"0.0";"0";"0";"0";"0";"";"";"0";"0";"0";"0";"0";"";"0";"Sinussatz";"Größen und Messen";"neu"
"Streckenlänge über ein konstruiertes Parallelogramm im Vieleck begründen";"0";"0";"0.0";"0";"0";"0";"0";"";"";"0";"0";"0";"0";"0";"";"0";"Kongruenz und Konstruktion";"Raum und Form";"neu"
"Symmetrie einer geraden Funktion zur Bestimmung eines Funktionswertes ohne Rechnung nutzen";"0";"0";"0.0";"0";"0";"0";"0";"";"";"0";"0";"0";"0";"0";"";"0";"Funktionen allgemein";"Gleichungen und Funktionen";"neu"
"Term durch Zusammenfassen gleichartiger Glieder vereinfachen";"0";"0";"0.0";"0";"0";"0";"0";"";"";"0";"0";"0";"0";"0";"";"0";"Terme umformen";"Zahlen und Operationen";"neu"
"Term mit Klammern und Potenzen vereinfachen";"0";"0";"0.0";"0";"0";"0";"0";"";"";"0";"0";"0";"0";"0";"";"0";"Terme umformen";"Zahlen und Operationen";"neu"
"Transportanzahl aus Volumen und Masse berechnen";"0";"0";"0.0";"0";"0";"0";"0";"";"";"0";"0";"0";"0";"0";"";"0";"Volumen und Oberfläche";"Größen und Messen";"neu"
"Trapezfläche im Koordinatensystem aus Funktionsgraph und Geraden berechnen";"0";"0";"0.0";"0";"0";"0";"0";"";"";"0";"0";"0";"0";"0";"";"0";"Ebene Figuren und Winkel";"Raum und Form";"neu"
"Trapezhöhe über den aus einem angrenzenden Dreieck übertragenen Winkel berechnen";"0";"0";"0.0";"0";"0";"0";"0";"";"";"0";"0";"0";"0";"0";"";"0";"Ähnlichkeit und Strahlensätze";"Raum und Form";"neu"
"Trigonometrische Funktionsgleichung zu Graph zuordnen";"0";"0";"0.0";"0";"0";"0";"0";"";"";"0";"0";"0";"0";"0";"";"0";"Trigonometrische Funktionen";"Gleichungen und Funktionen";"neu"
"Umfang eines Drachenvierecks aus Diagonalenabschnitten berechnen";"0";"0";"0.0";"0";"0";"0";"0";"";"";"0";"0";"0";"0";"0";"";"0";"Ebene Figuren und Winkel";"Raum und Form";"neu"
"Umfang eines Dreiecks aus Koordinaten berechnen";"0";"0";"0.0";"0";"0";"0";"0";"";"";"0";"0";"0";"0";"0";"";"0";"Ebene Figuren und Winkel";"Raum und Form";"neu"
"Umkehrfunktion einer Wurzelfunktion durch Spiegelung an y=x bestimmen";"0";"0";"0.0";"0";"0";"0";"0";"";"";"0";"0";"0";"0";"0";"";"0";"Funktionen allgemein";"Gleichungen und Funktionen";"neu"
"Vieleck aus Seiten und Winkeln im Maßstab konstruieren";"0";"0";"0.0";"0";"0";"0";"0";"";"";"0";"0";"0";"0";"0";"";"0";"Kongruenz und Konstruktion";"Raum und Form";"neu"
"Volumen eines aus Kegel und Halbkugel zusammengesetzten Körpers mit Nebenbedingung berechnen";"0";"0";"0.0";"0";"0";"0";"0";"";"";"0";"0";"0";"0";"0";"";"0";"Volumen und Oberfläche";"Größen und Messen";"neu"
"Wahrscheinlichkeit für die Position des ersten Treffers berechnen";"0";"0";"0.0";"0";"0";"0";"0";"";"";"0";"0";"0";"0";"0";"";"0";"Wahrscheinlichkeit mehrstufig";"Daten und Zufall";"neu"
"Wertebereich einer Funktion angeben";"0";"0";"0.0";"0";"0";"0";"0";"";"";"0";"0";"0";"0";"0";"";"0";"Exponentialfunktionen und Wachstum";"Gleichungen und Funktionen";"neu"
"Wertetabelle auf Exponentialfunktion prüfen";"0";"0";"0.0";"0";"0";"0";"0";"";"";"0";"0";"0";"0";"0";"";"0";"Exponentialfunktionen und Wachstum";"Gleichungen und Funktionen";"neu"
"Winkel als Differenz zweier Teilwinkel in einem zusammengesetzten rechtwinkligen Dreieck nachweisen";"0";"0";"0.0";"0";"0";"0";"0";"";"";"0";"0";"0";"0";"0";"";"0";"Ebene Figuren und Winkel";"Raum und Form";"neu"
"Winkel eines Drachenvierecks aus Diagonalenabschnitten berechnen";"0";"0";"0.0";"0";"0";"0";"0";"";"";"0";"0";"0";"0";"0";"";"0";"Trigonometrie im rechtwinkligen Dreieck";"Größen und Messen";"neu"
"Winkel im allgemeinen Dreieck über Kosinussatz berechnen";"0";"0";"0.0";"0";"0";"0";"0";"";"";"0";"0";"0";"0";"0";"";"0";"Sinussatz";"Größen und Messen";"neu"
"Winkel im allgemeinen Dreieck über Sinussatz berechnen";"0";"0";"0.0";"0";"0";"0";"0";"";"";"0";"0";"0";"0";"0";"";"0";"Sinussatz";"Größen und Messen";"neu"
"Zeit aus Exponentialgleichung berechnen";"0";"0";"0.0";"0";"0";"0";"0";"";"";"0";"0";"0";"0";"0";"";"0";"Exponentialfunktionen und Wachstum";"Gleichungen und Funktionen";"neu"
"x-Werte einer quadratischen Funktion zu gegebenem Funktionswert berechnen";"0";"0";"0.0";"0";"0";"0";"0";"";"";"0";"0";"0";"0";"0";"";"0";"Quadratische Funktionen";"Gleichungen und Funktionen";"neu"
