kapitel;stufe;voraussetzung;aufgabe;form;loesung;gebraucht_ab
prozent;Prozent und Anteil umwandeln;Bruch auf Hundertstel bringen;Erweitere oder kürze auf Hundertstel: 1/2, 1/4, 1/5, 3/4, 3/10.;Tabelle Bruch | Hundertstel;50/100, 25/100, 20/100, 75/100, 30/100;2022-OS-B1f (jeder Fünfte = 1/5 = 20/100)
prozent;Prozentwert;Prozent als Bruch und Dezimalzahl;Ergänze die Tabelle Prozent | Bruch | Dezimalzahl für 1 %, 10 %, 20 %, 25 %, 50 %, 100 %.;Tabelle Prozent | Bruch | Dezimalzahl;"1 % = 1/100 = 0,01; 10 % = 1/10 = 0,1; 20 % = 1/5 = 0,2; 25 % = 1/4 = 0,25; 50 % = 1/2 = 0,5; 100 % = 1 = 1";"erste Sprossen 10 %/50 %/25 % von …; 2026-FOR-B1a (30 % = 0,3), 2021-OS-B1c (20 % = 0,2)"
prozent;Prozentwert;Mit einer Dezimalzahl multiplizieren;"Rechne im Kopf: 70 · 0,1; 120 · 0,5; 40 · 0,25.";Kopfrechnen;"7; 60; 10";2017-OS-B1b (120 · 0,2), 2014-OS-B1a (50 · 0,13)
prozent;Prozentsatz;Bruch → Dezimalzahl → Prozent;Ergänze die Tabelle Bruch | Dezimalzahl | Prozent für 1/8, 3/5, 7/20, 2/3.;Tabelle Bruch | Dezimalzahl | Prozent;"1/8 = 0,125 = 12,5 %; 3/5 = 0,6 = 60 %; 7/20 = 0,35 = 35 %; 2/3 = 0,666… ≈ 66,7 %";2018-OS-K7a (2 : 16 = 0,125 = 12,5 %), 2023-OS-K6a
prozent;Grundwert;Prozent als Bruch und Dezimalzahl;Ergänze die Tabelle Prozent | Bruch | Dezimalzahl für 1 %, 10 %, 20 %, 25 %, 50 %, 100 %.;Tabelle Prozent | Bruch | Dezimalzahl;"1 % = 1/100 = 0,01; 10 % = 1/10 = 0,1; 20 % = 1/5 = 0,2; 25 % = 1/4 = 0,25; 50 % = 1/2 = 0,5; 100 % = 1 = 1";"Leiter: 10 %/25 %/50 % als Abkürzung (N2.11); 2025-OS-B1a (20 % = 1/5), 2023-OS-B1b (25 % = 1/4)"
prozent;Grundwert;Prozentwert im Kopf;Berechne 10 % von 70 €.;Kopfrechnen;7 €;Leiter-Anfang: 1 %-Schritt in der Prozent-Tabelle (% | €: 30 → 1 → 100)
prozent;Erhöhung und Veränderung in Prozent;Änderung in Prozent als Faktor;Ergänze die Tabelle Änderung | Faktor für +20 %, −20 %, +8 %, −11 %, +1,9 %.;Tabelle Änderung | Faktor;"+20 % → 1,2; −20 % → 0,8; +8 % → 1,08; −11 % → 0,89; +1,9 % → 1,019";2024-OS-B1e (· 1,2), 2015-OS-K2b (· 0,8)
lineare;erkennen und ablesen;Punkt auf einer Achse;Gib an, auf welcher Achse der Punkt liegt: (0 | 2), (−2 | 0), (3 | 5).;Ankreuzen;"(0 | 2) y-Achse; (−2 | 0) x-Achse; (3 | 5) auf keiner";2019-OS-K2a (Nullstelle (−2 | 0)), 2024-OS-B1i ((0 | −1))
lineare;aus Gleichung zeichnen;Steigung und y-Achsenabschnitt erkennen;Ergänze die Tabelle Gleichung | m | n für y = 3x + 1, y = −2x + 3, y = 4x − 2, y = 0,5x − 1.;Tabelle Gleichung | m | n;"3 | 1; −2 | 3; 4 | −2; 0,5 | −1";2021-OS-K2a, 2022-OS-K3a, 2024-OS-K3a
lineare;durch zwei Punkte, Gleichung ablesen;Differenzen mit negativen Zahlen;"Berechne: 2 − (−1); 2 − (−4); −1,5 − 6; 3 − (−2).";Rechnen;"3; 6; −7,5; 5";2017-OS-K5a (m = 3 : 6), 2025-OS-K5a (m = −7,5 : 5)
lineare;rechnerisch an Gerade und Parabel;Einsetzen mit negativen Zahlen;"Berechne: −2 · (−4) + 2; 3 · 5 + 1; ½ · (−10) + 1; (−5)² − 4.";Rechnen;"10; 16; −4; 21";2026-FOR-K5b, 2017-OS-K5b, 2024-OS-K3c
lineare;Gleichung aufstellen und rückwärts rechnen;Lineare Gleichung lösen;"Löse: 2x + 6 = 0; −0,5x + 10 = 0; 3x + 12 = 30.";Rechnen;"x = −3; x = 20; x = 6";2021-OS-K6d (−0,2x + 40 = 0), 2022-OS-K6b
quadratische;Scheitelpunkt ablesen;Klammer als x − d lesen;"Schreib als x − d und gib d an: x + 3; x − 2; x + 1.";Tabelle Term | d;"x − (−3), d = −3; x − 2, d = 2; x − (−1), d = −1";2017-OS-K5c (S(−3 | −2)), 2022-OS-K3b, 2021-OS-B1d
quadratische;Scheitelpunktform angeben;Binomische Formel;"Multipliziere aus: (x − 3)²; (x + 3)²; (x − 2)².";Rechnen;"x² − 6x + 9; x² + 6x + 9; x² − 4x + 4";2025-OS-K5b (quadratische Ergänzung), 2018-OS-K5c, 2017-OS-K5d
quadratische;Nullstellen berechnen;p, q und Wert unter der Wurzel;Ergänze die Tabelle Gleichung | p | q | (p/2)² − q für x² − 6x + 7 = 0, x² + 4x + 3 = 0, x² − 2x − 3 = 0.;Tabelle Gleichung | p | q | (p/2)² − q;"−6 | 7 | 2; 4 | 3 | 1; −2 | −3 | 4";2025-OS-K5c, 2020-OS-K3e, 2022-OS-K3c
quadratische;Gerade und Parabel gleichsetzen;Gleichung auf null bringen;"Bring alles auf eine Seite: x² + 3x = 2x + 6; x² − 1 = −2x + 2.";Rechnen;"x² + x − 6 = 0; x² + 2x − 3 = 0";2021-OS-K2c, 2022-OS-K3c, 2024-OS-K3d
dreiecke;Gleichung aufstellen;Hypotenuse erkennen;Im Dreieck ABC ist bei C ein rechter Winkel. Kreuze an, welche Seite die Hypotenuse ist: a, b oder c.;Ankreuzen;c (liegt dem rechten Winkel gegenüber);2017-OS-B1d, 2024-OS-B1f, 2026-FOR-B1j
dreiecke;Kathete oder Hypotenuse direkt;Quadrieren und Wurzel ziehen;"Berechne: 6² + 8²; √100; 13² − 5²; √144.";Rechnen;"100; 10; 144; 12";2020-OS-K7a, 2019-OS-K3a
dreiecke;Dreieck erst in Figur oder Körper finden;Rechten Winkel in Figur und Körper finden;"Kreuze an, wo immer ein rechter Winkel ist: zwischen Höhe und Radius eines Kegels; zwischen den Diagonalen eines Drachenvierecks; zwischen zwei Seiten eines Parallelogramms.";Ankreuzen;"ja; ja; nein";2026-FOR-K2c (Kegelhöhe), 2025-OS-K2a (Drachenviereck)
dreiecke;Seitenverhältnis benennen;Gegenkathete, Ankathete, Hypotenuse benennen;Im Dreieck ABC ist bei C ein rechter Winkel, α liegt bei A. Gib die Gegenkathete, die Ankathete und die Hypotenuse von α an.;Tabelle Seite | Name;"Gegenkathete a; Ankathete b; Hypotenuse c";2020-OS-B1c, 2025-OS-B1g, 2019-OS-B1h
dreiecke;Winkel berechnen;Seitenverhältnis zur Winkelfunktion;"Welche Winkelfunktion verbindet: Gegenkathete und Hypotenuse; Ankathete und Hypotenuse; Gegenkathete und Ankathete?";Tabelle Seiten | Funktion;"sin; cos; tan";2019-OS-K3b (cos α = 4/9), 2022-OS-K5b, 2024-OS-K6b
dreiecke;Seite berechnen;Gleichung nach x umstellen;"Stelle nach x um und rechne: 0,5 = x : 8; 2 = 10 : x; 0,25 = 3 : x.";Rechnen;"x = 4; x = 5; x = 12";2020-OS-B1j (x = 7 : sin 30°), 2017-OS-K4b, 2022-OS-K5d
dreiecke;Seite berechnen (Sinussatz);Dritter Winkel und Gegenseite;Im Dreieck ABC ist α = 50° und β = 60°. Berechne γ und gib an, welche Seite γ gegenüberliegt.;Rechnen;"γ = 70°; Seite c";2024-OS-K6d (γ = 34° zuerst), 2020-OS-K7c, 2025-OS-K4c
dreiecke;Winkelsumme;Zu 180° ergänzen;"Ergänze zu 180°: 115°; 74°; 126,3°.";Kopfrechnen;"65°; 106°; 53,7°";2017-OS-K4a, 2026-FOR-B1i, 2015-OS-K5b
dreiecke;Symmetrieachsen zählen;Symmetrieachse durch Falten;Kreuze an: Die Diagonale eines Quadrats ist eine Symmetrieachse. Die Diagonale eines Rechtecks, das kein Quadrat ist, ist eine Symmetrieachse.;Ankreuzen;"ja; nein";2021-OS-B1j (Quadrat: 4), 2022-OS-B1i, 2025-OS-K2a
daten;Minimum, Maximum, Spannweite;Dezimalzahlen ordnen;"Ordne der Größe nach: 52,2; 19,2; 85,1; 35,3.";Rechnen;19,2 < 35,3 < 52,2 < 85,1;2024-OS-K2a (Spannweite 85,1 − 19,2), 2019-OS-B1i
daten;Mittelwert;Summe teilen;"Berechne: 1400 : 7; 528 : 11; 16 : 4.";Kopfrechnen;"200; 48; 4";2020-OS-K2c, 2025-OS-K6c, 2021-OS-B1f
daten;Winkel berechnen und beschriften;Anteil am Vollwinkel;Ergänze die Tabelle Anteil | Winkel für 100 %, 50 %, 25 %, 10 %, 1 %.;Tabelle Anteil | Winkel;"360°; 180°; 90°; 36°; 3,6°";2022-OS-K4d (16 % · 360°), 2017-OS-K2c, 2024-OS-K2c
daten;ergänzen;Skala lesen;Eine Achse reicht mit 8 Kästchen bis 160. Wie viel ist ein Kästchen? Wie viele Kästchen hoch ist eine Säule für 90?;Rechnen;"20 je Kästchen; 4,5 Kästchen";2018-OS-K3a, 2023-OS-K6d
daten;Aussage prüfen;Anteilwörter in Prozent;Ergänze die Tabelle Wort | Prozent für: die Hälfte, ein Viertel, drei Viertel, jede 15.;Tabelle Wort | Prozent;"50 %; 25 %; 75 %; 1/15 = 20/3 % ≈ 6,7 %";2018-OS-K3d (jede 15.), 2022-OS-K4c (Hälfte)
wahrscheinlichkeit;Ergebnisse aufzählen;Systematisch aufschreiben;Schreib alle zweistelligen Folgen aus den Buchstaben A und B auf (Wiederholung erlaubt).;Rechnen;AA, AB, BA, BB;2017-OS-B1f (ZZ, ZW, WZ, WW), 2025-OS-K3a
wahrscheinlichkeit;Wahrscheinlichkeit angeben;Bruch kürzen und in Prozent;Ergänze die Tabelle Bruch | gekürzt | Prozent für 5/100, 20/100, 2/6, 3/20.;Tabelle Bruch | gekürzt | Prozent;"1/20 = 5 %; 1/5 = 20 %; 1/3 ≈ 33,3 %; 3/20 = 15 %";2016-OS-B1f, 2014-OS-B1b, 2026-FOR-K6a, 2019-OS-K6a
wahrscheinlichkeit;Baum ergänzen;Zu 1 ergänzen;"Ergänze zu 1: 1/8; 3/8 + 1/8; 0,7.";Kopfrechnen;"7/8; 1/2; 0,3";2014-OS-K6b, 2024-OS-K5b, 2026-FOR-K6b
wahrscheinlichkeit;Pfadregel;Brüche multiplizieren und addieren;"Berechne: 1/4 · 1/4; 2/4 · 2/4; 4/16 + 1/16.";Rechnen;"1/16; 1/4; 5/16";2025-OS-K3b, 2025-OS-K3c
wahrscheinlichkeit;ohne Zurücklegen;Anzahl nach dem Ziehen;In einer Schüssel liegen 16 Pfannkuchen, 2 davon mit Senf. Jemand nimmt einen mit Marmelade heraus. Wie viele liegen noch da, wie viele davon mit Senf?;Rechnen;"15; 2";2018-OS-K7b (2/14 statt 2/16), 2018-OS-K7c, 2019-OS-K6c
koerper;Volumen direkt;Radius aus Durchmesser, Radius im Quadrat;Ergänze die Tabelle d | r | r² für 12 cm, 6,4 cm, 58 cm.;Tabelle d | r | r²;"6 cm | 36 cm²; 3,2 cm | 10,24 cm²; 29 cm | 841 cm²";2016-OS-K3c, 2022-OS-K2b, 2021-OS-K4a
koerper;Netz erkennen;Flächen eines Körpers;Ergänze die Tabelle Körper | Flächen für dreiseitiges Prisma, dreiseitige Pyramide, Zylinder.;Tabelle Körper | Flächen;"2 Dreiecke und 3 Rechtecke; 4 Dreiecke; 2 Kreise und 1 Rechteck";2017-OS-B1c, 2018-OS-B1i, 2022-OS-K2a
flaechen;Formel oder Term zur Figur;Terme kürzer schreiben;"Schreib kürzer: a + a + a; a · a; 2 · a + 2 · b.";Rechnen;"3a; a²; 2(a + b)";2024-OS-B1c (u = 3 · a), 2014-OS-B1g
flaechen;Grundfigur berechnen;Formeln der Grundfiguren;Ergänze die Tabelle Figur | Formel für Rechteck (Fläche und Umfang), Dreieck, Trapez, Drachenviereck, Kreis.;Tabelle Figur | Formel;"A = a · b, u = 2 · (a + b); A = g · h : 2; A = (a + c) : 2 · h; A = e · f : 2; A = π · r²";2026-FOR-B1h, 2023-OS-K2b, 2025-OS-K2b, 2024-OS-K4a
flaechen;rückwärts: Seite aus Fläche;Fehlenden Faktor finden;"Ergänze: 8 · … = 56; … · … = 49 (zweimal dieselbe Zahl); 10 · … : 2 = 30.";Kopfrechnen;"7; 7; 6";2023-OS-B1c, 2020-OS-B1d, 2020-OS-K7b
flaechen;Figur erst zerlegen oder Strecke erst berechnen;Teile einer Figur;"Zwei Halbkreise mit 5 m Durchmesser ergeben zusammen einen Kreis. Gib seinen Radius an. Ein Trapez hat unten 20 m, oben 12 m; es ist symmetrisch. Wie weit steht die untere Seite auf jeder Seite über?";Rechnen;"r = 2,5 m; (20 − 12) : 2 = 4 m";2017-OS-K3a, 2023-OS-K2c (Überstand 5,4 m)
wachstum;Tabelle ergänzen;Änderung in Prozent als Faktor;Ergänze die Tabelle Änderung | Faktor für +4 %, −13 %, +3 %, +1,9 %.;Tabelle Änderung | Faktor;"1,04; 0,87; 1,03; 1,019";2019-OS-K7a, 2017-OS-K7a, 2026-FOR-K7a
wachstum;Punkte darstellen;Skala wählen;80 min sollen auf 16 Kästchen passen: Wie viele Minuten je Kästchen? 1000 hPa auf 20 Kästchen: wie viele hPa je Kästchen?;Rechnen;"5 min; 50 hPa";2021-OS-K6b, 2017-OS-K7b, 2016-OS-K4b
wachstum;Faktor bestimmen, Gleichung aufstellen;Quotient und Potenz;"Berechne: 112 : 80; 648 000 : 600 000; 1,04².";Rechnen;"1,4; 1,08; 1,0816";2025-OS-K7b, 2018-OS-K2a, 2019-OS-K7a
gleichungssysteme;aufstellen;Term zum Sachtext;"Schreib als Term: Betten in x Zimmern mit je 3 Betten; Preis für 2 Erwachsene zu je x € und 2 Kinder zu je y €.";Rechnen;"3x; 2x + 2y";2016-OS-K6d, 2021-OS-K7b, 2024-OS-K7a
gleichungssysteme;lösen;Einsetzen und lösen;Löse: 2 · (10 − y) + 3y = 26.;Rechnen;20 − 2y + 3y = 26 ⇒ y = 6;2022-OS-K7b, 2016-OS-K6d, 2024-OS-K7b
