id;teil;wortlaut;abbildung;punkte;fundstelle;anmerkung;zwischenfragen
2016-OS-K4;vorspann;Um Krankheiten der Schilddrüse zu erkennen, spritzt man dem Patienten eine Flüssigkeit, die eine kleine Menge radioaktives Technetium enthält. Die Masse des Technetiums im Körper wird jede Stunde um etwa 11 % kleiner.;"Tabelle: Zeit in h | 0 | 1 | 2 | leer | 5 | 6 | 8; Masse in mg | 5,00 | leer | 3,96 | 3,14 | 2,79 | 2,48 | 1,97";;P10 2016 · 4;Vorspann für 4a, 4b und 4e;
2016-OS-K4a;a;Ergänze die beiden Lücken in der Tabelle: die Masse nach 1 Stunde und die Zeit, zu der noch 3,14 mg vorhanden sind.;Tabelle aus dem Vorspann;2;P10 2016 · 4a;eine Lücke in der Wertezeile, eine im Kopf;"Gib den Faktor an, mit dem die Masse jede Stunde multipliziert wird. ; Multipliziere 5,00 mg mit diesem Faktor. ; Rechne von 2 h aus Stunde für Stunde weiter, bis 3,14 mg erreicht sind."
2016-OS-K4b;b;"Beschrifte die Achsen des Koordinatensystems passend zur Tabelle und zeichne ein, wie die Masse abnimmt. Gegeben: Tabelle 0 h: 5,00 mg; 1 h: 4,45 mg; 2 h: 3,96 mg; 4 h: 3,14 mg; 5 h: 2,79 mg; 6 h: 2,48 mg; 8 h: 1,97 mg.";"Achsenkreuz ohne Einteilung: Karoraster 19 × 18 Kästchen, Ursprung 1 Kästchen vom linken und 2 vom unteren Rand; Teilstriche alle 2 Kästchen, x-Achse 8, y-Achse 7; keine Zahlen, keine Achsennamen";4;P10 2016 · 4b;"Sternchenaufgabe; Werte aus 4a als „Gegeben“";"Wähle, welche Größe auf die Rechtsachse und welche auf die Hochachse kommt. ; Lege fest, welchen Wert ein Teilstrich auf jeder Achse hat."
2016-OS-K4e;e;Berechne, wie viele Milligramm Technetium 24 Stunden nach der Spritze noch im Körper sind.;;1;P10 2016 · 4e;"Sternchenaufgabe; Startwert 5,00 mg aus dem Vorspann";Schreib den Term für die Masse nach $t$ Stunden auf.
2017-OS-K7;vorspann;Auf Meereshöhe (0 km) misst man einen Luftdruck von ungefähr 1000 hPa (Hektopascal). Je höher man steigt, desto kleiner wird der Luftdruck: mit jedem Kilometer Höhe um 13 %.;"Tabelle: Höhe in km | 0 | 1 | 2 | 3 | 5 | 8 | 10; Luftdruck in hPa | 1000 | 870 | leer | 659 | 498 | leer | 248";;P10 2017 · 7;Vorspann für 7a bis 7d;
2017-OS-K7a;a;Trag die beiden fehlenden Werte in die Tabelle ein.;Tabelle aus dem Vorspann;2;P10 2017 · 7a;;Gib den Faktor an, mit dem der Luftdruck je Kilometer multipliziert wird.
2017-OS-K7b;b;"Vervollständige das Koordinatensystem und zeichne den Luftdruck in Abhängigkeit von der Höhe. Gegeben: 0 km: 1000 hPa; 1 km: 870 hPa; 2 km: 757 hPa; 3 km: 659 hPa; 5 km: 498 hPa; 8 km: 328 hPa; 10 km: 248 hPa.";"Achsenkreuz ohne Einteilung: Karoraster 24 × 24 Kästchen, Ursprung 2 Kästchen vom linken und vom unteren Rand, Pfeile; je Achse 22 Kästchen nutzbar; keine Zahlen, keine Achsennamen";4;P10 2017 · 7b;Werte aus 7a als „Gegeben“;"Lege fest, wie viele Kästchen ein Kilometer auf der Rechtsachse bekommt. ; Lege fest, wie viele Hektopascal ein Kästchen auf der Hochachse bedeutet."
2017-OS-K7c;c;Die Abnahme des Luftdrucks lässt sich mit einer Gleichung beschreiben ($x$: Höhe in km, $y$: Luftdruck in hPa). Kreuze die richtige an: $y = 0{,}87 \cdot x$ / $y = 1000 \cdot 0{,}87^x$ / $y = x^{1{,}13}$ / $y = 1000 \cdot 1{,}13^x$.;;1;P10 2017 · 7c;"Sternchenaufgabe; Gleichungen wörtlich (innermathematisch)";
2017-OS-K7d;d;Eine Bergsteigerin misst 573 hPa. Entscheide, ob sie ungefähr 4 km hoch sein kann, und begründe.;;2;P10 2017 · 7d;Bergsteiger → Bergsteigerin;Berechne den Luftdruck in 4 km Höhe.
2018-OS-K2a;a;Ein junges Berliner Unternehmen zeigt in einer Tabelle, wie sein Umsatz gewachsen ist: 2013: 600 000 €, 2014: 648 000 €, 2015: 699 840 €, 2016: 755 827 €, 2017: 816 293 €. Es behauptet, der Umsatz wachse jedes Jahr um 8 %. Zeige, dass das für 2014 stimmt.;"Tabelle: Jahr | 2013 | 2014 | 2015 | 2016 | 2017; Umsatz in € | 600 000 | 648 000 | 699 840 | 755 827 | 816 293";2;P10 2018 · 2a;2b (linear oder exponentiell) nicht zugeordnet;
2019-OS-K7;vorspann;Ein Ferkel wiegt 10 kg. Aus Erfahrung weiß man, dass seine Masse jede Woche um etwa 4 % zunimmt. Zu Beginn jeder Woche wird es gewogen.;;;P10 2019 · 7;Vorspann für 7a, 7b und 7c;
2019-OS-K7a;a;Trag die drei fehlenden Werte in die Tabelle ein.;"Tabelle: Zeit in Wochen | 0 | 1 | 2 | … | 5; Masse in kg | leer | 10,400 | leer | – | leer";3;P10 2019 · 7a;;"Gib den Wachstumsfaktor je Woche an. ; Rechne mit dem Faktor von Woche zu Woche weiter oder rechne direkt mit der fünften Potenz."
2019-OS-K7b;b;Die Bäuerin Wilma berechnet die Masse des Ferkels nach $x$ Wochen mit $f(x) = 10 \cdot 1{,}04^x$. Schreib auf, was $10$, $1{,}04$ und $x$ in dieser Gleichung bedeuten.;"Tabelle: Teil der Gleichung | Bedeutung; 10 | leer; 1,04 | leer; x | leer";3;P10 2019 · 7b;"Sternchenaufgabe; Name übernommen";
2019-OS-K7c;c;Für jeden der drei Graphen: Entscheide, ob er zum Wachstum des Ferkels passt, und begründe.;"Graphauswahl: drei Achsenkreuze ohne Einteilung (x: Zeit in Wochen, y: Masse in kg) mit Gitter, je Zeile Ankreuzfelder passt/passt nicht und Schreiblinie: 1 steigende Gerade ab positivem y-Achsenabschnitt; 2 nach oben gekrümmte, immer steilere Kurve ab positivem y-Achsenabschnitt; 3 nach oben gekrümmte, immer steilere Kurve aus dem Ursprung";3;P10 2019 · 7c;Sternchenaufgabe;"Gib an, bei welcher Masse der Graph beginnen muss. ; Entscheide, ob die Zunahme jede Woche gleich groß ist oder wächst."
2020-OS-K4a;a;"Laut einer Studie aus dem Jahr 2019 verbrauchte jeder Mensch im Jahr 2019 im Schnitt 54 Tausend Liter Wasser; der Verbrauch je Person soll in Zukunft jedes Jahr um 3 % wachsen. Ergänze die Tabelle mit diesen Angaben.";"Tabelle: Jahr | 2019 | 2020 | 2021 | 2022; Wasserverbrauch je Person in Tausend Litern | leer | 55,6 | 57,3 | leer";2;P10 2020 · 4a;4c steht in wortlaut-eigen-prozent.csv;
2021-OS-K6b;b;"Eine 40 cm hohe Kerze brennt ab. Gegeben: Tabelle Zeit in Minuten 0, 10, 20, 30, 40, 80; Höhe in cm 40, 38, 36, 34, 32, 24. Stelle diese Werte als Graph im Koordinatensystem dar. Trag dazu zuerst die fehlende Einteilung der Achsen ein.";"Achsenkreuz ohne Einteilung: Karoraster, Achsennamen „Zeit in Minuten“ (rechts) und „Höhe in cm“ (oben); 24 Kästchen nach rechts, 22 nach oben; keine Zahlen";3;P10 2021 · 6b;"lineare Abnahme (Kapitel Kerzen, 6a/6c/6d in wortlaut-eigen-lineare.csv); Tabelle mit den Werten aus 6a als „Gegeben“";"Lege fest, wie viele Minuten ein Kästchen auf der Rechtsachse bedeutet. ; Lege fest, wie viele Zentimeter ein Kästchen auf der Hochachse bedeutet."
2025-OS-K7;vorspann;Man beobachtet einen Bakterienstamm, der exponentiell wächst. Die Tabelle zeigt die Zahl der Bakterien in den ersten 4 Stunden.;"Tabelle: Zeit in Stunden | 0 | 1 | 2 | 3 | 4; Anzahl der Bakterien | 80 | 112 | 157 | 220 | 308";;P10 2025 · 7;Vorspann für 7a und 7b;
2025-OS-K7a;a;Stelle das Wachstum der Bakterien im Koordinatensystem dar.;"Koordinatensystem: x 0..4; y 0..400; Gitter ja; Achsen Zeit in Stunden | Anzahl der Bakterien";2;P10 2025 · 7a;;
2025-OS-K7b;b;Zeige, dass der Wachstumsfaktor 1,4 ist. Gib eine Gleichung an, die die Zahl der Bakterien nach $t$ Stunden beschreibt. Prüfe mit einer Rechnung, ob diese Aussage stimmt: „Nach 24 Stunden sind es mehr als 250 000 Bakterien.“;;4;P10 2025 · 7b;Sternchenaufgabe;"Teile jeden Tabellenwert durch den Wert davor. ; Berechne die Zahl der Bakterien nach 24 Stunden."
2026-FOR-K7;vorspann;Can bezieht Anfang 2026 eine neue Wohnung. Laut Mietvertrag steigt die Miete jedes Jahr um 1,9 %. Im ersten Jahr zahlt er 650 € im Monat.;;;P10 2026 FOR · 7;"Vorspann für 7a, 7b und 7c; Prüfstein Wachstum; EBR-Zwilling 2026-EBR-K7 (ohne 7c)";
2026-FOR-K7a;a;Can legt eine Tabelle an. Vervollständige sie.;"Tabelle: Jahr | 2026 | 2027 | 2028 | 2029; Miete in € | leer | 662,35 | 674,93 | leer";2;P10 2026 FOR · 7a;EBR-Zwilling 2026-EBR-K7a (wortgleich);Gib den Wachstumsfaktor je Jahr an.
2026-FOR-K7b;b;Entscheide, welcher Graph zur Entwicklung der Miete passt, und kreuze ihn an. Erkläre bei den zwei übrigen Graphen jeweils, weshalb sie nicht passen.;"Graphauswahl: drei Achsenkreuze A, B, C ohne Einteilung (x: Zeit in Jahren, y: Miete in €) mit Gitter, je ein Ankreuzfeld: A nach oben gekrümmte, immer steilere Kurve aus dem Ursprung; B nach oben gekrümmte, immer steilere Kurve ab positivem y-Achsenabschnitt; C steigende Gerade ab positivem y-Achsenabschnitt";3;P10 2026 FOR · 7b;EBR-Zwilling 2026-EBR-K7b (wortgleich);"Gib an, bei welchem Wert der Graph beginnen muss. ; Entscheide, ob die Miete jedes Jahr um denselben Betrag oder um denselben Prozentsatz steigt."
2026-FOR-K7c;c;Stelle eine Gleichung auf, mit der man die Monatsmiete nach beliebig vielen Jahren berechnen kann. Bestimme die Monatsmiete im Jahr 2040.;;3;P10 2026 FOR · 7c;"nur FOR; t = 0 für 2026 wie in der Tabelle";Gib an, wie viele Jahre von 2026 bis 2040 vergehen.
