stufe;kern;katalog_ids;bank_sprossen;anzahl_echt;anzahl_bank;ziel;fehlen;kern_grund
Gleichung aufstellen;ja;2022-OS-B1g 2024-OS-B1f 2026-FOR-B1j 2021-OS-B1h 2017-OS-B1d;pythagoras-e1-k2-s6(i) pythagoras-e1-k2-s7(i) pythagoras-e1-k2-s8(i) pythagoras-e1-k5-s4(i) pythagoras-e2-k3-s5(i) pythagoras-e2-k6-s4(i);5;20;12;0;5 echte, Basisteil 2017, 2021, 2022, 2024, 2026 (Niveau I), Bank-Kette Hypotenuse mit Grundfall
Kathete oder Hypotenuse direkt;ja;2022-OS-K5a 2024-OS-K6a 2026-FOR-K4a 2022-OS-K2c 2020-OS-K7a 2019-OS-K3a 2016-OS-K7b;pythagoras-e1-k2-s1(i) pythagoras-e1-k2-s2(i) pythagoras-e1-k2-s3(i) pythagoras-e1-k2-s4(i) pythagoras-e1-k2-s5(i) pythagoras-e2-k3-s1(i) pythagoras-e2-k3-s2(i) pythagoras-e2-k3-s3(i) pythagoras-e2-k3-s6(i) pythagoras-e1-k2-s10 pythagoras-e2-k3-s7 pythagoras-e1-k5-s3 pythagoras-e2-k6-s3 pythagoras-e1-k2-s15[2020-OS-K7a] pythagoras-e2-k3-s12[2022-OS-K5a,2024-OS-K6a] pythagoras-e3-k2-s19[2022-OS-K2c];7;51;12;0;7 echte 2016–2026 (Niveau I/II), Bank-Ketten Hypotenuse und Kathete mit Grundfall
Dreieck erst in Figur oder Körper finden;ja;2026-FOR-K2c 2025-OS-K4a 2025-OS-K2a 2018-OS-K6d 2019-OS-K2d;pythagoras-e3-k2-s1(i) pythagoras-e3-k2-s2(i) pythagoras-e3-k2-s3(i) pythagoras-e3-k2-s4(i) pythagoras-e3-k2-s5(i) pythagoras-e3-k2-s6(i) pythagoras-e3-k2-s7(i) pythagoras-e3-k2-s8(i) pythagoras-e3-k2-s9(i) pythagoras-e3-k2-s10(i) pythagoras-e3-k2-s11(i) pythagoras-e3-k2-s12(i) pythagoras-e3-k2-s16(i) pythagoras-e3-k2-s17(i) pythagoras-e3-k2-s13 pythagoras-e3-k2-s14 pythagoras-e3-k2-s15 pythagoras-e3-k4-s3 pythagoras-e3-k2-s19[2026-FOR-K2c,2018-OS-K6d,2019-OS-K2d] pythagoras-e1-k2-s15[2025-OS-K4a];5;65;12;0;5 echte (2018, 2019, 2025 zweimal, 2026), Bank-Kette Figuren und Körper mit Grundfall
Seitenverhältnis benennen;ja;2025-OS-B1g 2020-OS-B1c 2020-OS-B1j 2019-OS-B1h 2018-OS-B1g 2017-OS-B1j;trigonometrie-e1-k3-s1(i) trigonometrie-e1-k3-s2(i) trigonometrie-e1-k4-s1(i) trigonometrie-e1-k3-s12(i) trigonometrie-e1-k3-s17[2020-OS-B1c,2020-OS-B1j,2025-OS-B1g];6;19;12;0;6 echte, Basisteil 2017–2020 und 2025 (Niveau I), Grundfall der Bank-Kette Seite berechnen
Winkel berechnen;ja;2022-OS-K5b 2024-OS-K6b 2026-FOR-K4b 2020-OS-K5b 2019-OS-K3b;trigonometrie-e2-k1-s1(i) trigonometrie-e2-k1-s2(i) trigonometrie-e2-k1-s3(i) trigonometrie-e2-k1-s4(i) trigonometrie-e2-k1-s5(i) trigonometrie-e2-k1-s6(i) trigonometrie-e2-k1-s8(i) trigonometrie-e2-k1-s9(i) trigonometrie-e2-k1-s10(i) trigonometrie-e2-k1-s7 trigonometrie-e2-k4-s3 trigonometrie-e2-k1-s12[2022-OS-K5b,2024-OS-K6b,2026-FOR-K4b,2019-OS-K3b];5;43;12;0;5 echte (2019, 2020, 2022, 2024, 2026), Bank-Kette Winkel berechnen mit Grundfall
Seite berechnen;ja;2022-OS-K5d 2026-FOR-K4c 2023-OS-K7b 2021-OS-K3a 2021-OS-K3b 2018-OS-K4d 2017-OS-K4b 2016-OS-K7c;trigonometrie-e1-k3-s4(i) trigonometrie-e1-k3-s5(i) trigonometrie-e1-k3-s6(i) trigonometrie-e1-k3-s7(i) trigonometrie-e1-k3-s8(i) trigonometrie-e1-k3-s9(i) trigonometrie-e1-k3-s10(i) trigonometrie-e1-k3-s11(i) trigonometrie-e1-k3-s13(i) trigonometrie-e1-k3-s14(i) trigonometrie-e3-k1-s1(i) trigonometrie-e3-k1-s2(i) trigonometrie-e3-k1-s3(i) trigonometrie-e1-k3-s15 trigonometrie-e1-k7-s3 trigonometrie-e3-k1-s8 trigonometrie-e1-k3-s17[2022-OS-K5d,2021-OS-K3a,2021-OS-K3b,2017-OS-K4b] trigonometrie-e3-k1-s19[2026-FOR-K4c,2023-OS-K7b,2018-OS-K4d,2016-OS-K7c];8;56;12;0;8 echte 2016–2026, Bank-Ketten Seite berechnen und Teildreiecke mit Grundfall
gemischt, ohne Überschrift je Aufgabe;nein;2022-OS-K5a 2022-OS-K5b 2024-OS-K6a 2024-OS-K6b 2026-FOR-K4a 2026-FOR-K4b;pythagoras-e2-k3-s11(i) trigonometrie-e2-k1-s11(i) trigonometrie-e4-k1-s16(i) trigonometrie-e3-k1-s14(i) pythagoras-e3-k2-s18;6;14;6;0;Form der Stufe (Mischung), die echten sind dieselben wie bei Pythagoras und Winkel; Mischsprossen der Bank
Seite berechnen (Sinussatz);ja;2024-OS-K6d 2025-OS-K4c 2021-OS-K3c 2020-OS-K7c 2019-OS-K3c 2018-OS-K4c 2017-OS-K4c 2015-OS-K5c 2014-OS-K2b;trigonometrie-e4-k1-s1(i) trigonometrie-e4-k1-s2(i) trigonometrie-e4-k1-s3(i) trigonometrie-e4-k1-s4(i) trigonometrie-e4-k1-s5(i) trigonometrie-e4-k1-s6(i) trigonometrie-e4-k1-s7(i) trigonometrie-e4-k1-s9(i) trigonometrie-e4-k2-s3(i) trigonometrie-e4-k1-s10 trigonometrie-e4-k1-s17;9;36;12;0;9 echte 2014–2025, fast jedes Jahr (Niveau II), Bank-Kette Sinussatz mit Grundfall
Eigenschaft erkennen;nein;2026-FOR-B1c 2016-OS-B1e;winkel-dreiecke-e3-k2-s10(i) symmetrie-abbildungen-e2-k5-s1(i);2;6;6;0;2 echte (Basisteil 2016, 2026), Ankreuzen als Sprosse der Kette Winkelsumme
Winkelsumme;ja;2022-OS-K5c 2023-OS-K2a 2026-FOR-B1i 2021-OS-B1i 2018-OS-K4b 2017-OS-K4a 2015-OS-K5b;winkel-dreiecke-e3-k2-s1(i) winkel-dreiecke-e3-k2-s2(i) winkel-dreiecke-e3-k2-s4(i) winkel-dreiecke-e3-k2-s5(i) winkel-dreiecke-e3-k2-s6(i) winkel-dreiecke-e3-k2-s7(i) winkel-dreiecke-e3-k2-s11(i) winkel-dreiecke-e3-k4-s3(i) winkel-dreiecke-e2-k2-s9;7;29;12;0;7 echte 2015–2026 (Niveau I), Bank-Kette Winkelsumme mit Grundfall
gleichschenkliges Dreieck;nein;2023-OS-B1g 2023-OS-K7a;winkel-dreiecke-e3-k2-s3(i) winkel-dreiecke-e3-k2-s8(i) winkel-dreiecke-e3-k2-s13[2023-OS-B1g];2;8;6;0;2 echte, nur 2023
rechten Winkel begründen;nein;2025-OS-K2c;winkel-dreiecke-e3-k2-s9(i) winkel-dreiecke-e5-k1-s8(i) pythagoras-e2-k3-s9(i) winkel-dreiecke-e5-k1-s11 winkel-dreiecke-e3-k2-s13[2025-OS-K2c] pythagoras-e2-k3-s12[2025-OS-K2c];1;16;6;0;1 echte (2025), Begründen auf mehreren Wegen (Winkelsumme, Umkehrung, Thales)
Symmetrieachsen zählen;ja;2022-OS-B1i 2025-OS-K2a 2021-OS-B1j;symmetrie-abbildungen-e2-k2-s2(i) symmetrie-abbildungen-e2-k2-s3(i) symmetrie-abbildungen-e2-k2-s4(i) symmetrie-abbildungen-e2-k2-s5(i) symmetrie-abbildungen-e2-k2-s6(i) symmetrie-abbildungen-e2-k2-s7(i) symmetrie-abbildungen-e2-k2-s8(i) symmetrie-abbildungen-e2-k2-s11 symmetrie-abbildungen-e2-k2-s12;3;25;12;0;3 echte, Basisteil 2021 und 2022, Kontext 2025 (Niveau I), Bank-Kette Symmetrieachsen bestimmen mit Grundfall
