stufe;kern;katalog_ids;bank_sprossen;anzahl_echt;anzahl_bank;ziel;fehlen;kern_grund;ebr_zwilling;jahre_letzte5;nebenplaetze;verwechselbar
Prozent und Anteil umwandeln;ja;2022-OS-B1f 2020-OS-B1a;prozentrechnung-e1-k1-s3 prozentrechnung-e1-k1-s6 prozentrechnung-e1-k1-s8[2020-OS-B1a,2022-OS-B1f];2;11;12;0;Basisteil 2020 und 2022 (Niveau I), Bank-Einheit 1 mit Grundfall, Grundlage aller Prozentaufgaben;;2 (2022 2023);2018-GYM-B1d 2018-OS-B1d;
Prozentwert;ja;2026-FOR-B1a 2014-OS-B1a 2017-OS-B1b 2021-OS-B1c 2019-OS-K5a 2015-OS-K2a;prozentrechnung-e3-k1-s6 prozentrechnung-e3-k1-s7 prozentrechnung-e3-k1-s11 prozentrechnung-e3-k2-s1 prozentrechnung-e3-k3-s4;6;16;12;0;6 echte Teilaufgaben 2014–2026, fast jedes Jahr im Basisteil (Niveau I), Bank-Einheit 3 mit Grundfall;2026-FOR-B1a=2026-EBR-B1a;4 (2022 2023 2024 2026);2014-GYM-B1g 2014-OS-K3a 2015-GYM-B1e 2015-OS-B1e 2022-OS-B1a 2023-OS-B1d;Prozentsatz | Grundwert | Erhöhung und Veränderung in Prozent
Prozentsatz;ja;2023-OS-K6a 2018-OS-K7a 2015-OS-K7c;prozentrechnung-e2-k3-s5 prozentrechnung-e2-k3-s6 prozentrechnung-e2-k3-s7 prozentrechnung-e2-k3-s9 prozentrechnung-e2-k5-s4;3;18;12;0;3 echte (2015, 2018, 2023, Niveau I/II), Bank-Einheit 2 mit Grundfall, trägt Aussagen prüfen und Diagramme;;4 (2022 2023 2025 2026);2014-OS-B1e 2025-OS-B1e;Prozentwert | Grundwert | Erhöhung und Veränderung in Prozent
Grundwert;ja;2023-OS-B1b 2025-OS-B1a;prozentrechnung-e4-k2-s5 prozentrechnung-e4-k2-s6 prozentrechnung-e4-k2-s8 prozentrechnung-e4-k3-s4;2;11;12;0;Basisteil 2023 und 2025 (Niveau I), Bank-Einheit 4 mit Grundfall;;2 (2023 2025);;Prozentwert | Prozentsatz | Erhöhung und Veränderung in Prozent
Erhöhung und Veränderung in Prozent;ja;2024-OS-B1e 2022-OS-K4b 2026-FOR-K3c 2016-OS-K2c 2021-OS-K5a 2020-OS-K2d 2015-OS-K2b 2020-OS-K4c;prozentrechnung-e5-k2-s3 prozentrechnung-e5-k2-s4 prozentrechnung-e5-k2-s5 prozentrechnung-e5-k2-s6 prozentrechnung-e5-k2-s8 prozentrechnung-e5-k2-s9[2026-FOR-K3c,2022-OS-K4b,2016-OS-K2c,2024-OS-B1e,2015-OS-K2b] prozentrechnung-e5-k3-s4;8;20;12;0;8 echte, die meisten der Prüfung (Niveau I/II), Bank-Einheit 5 mit Grundfall;2026-FOR-K3c=2026-EBR-K4c;3 (2022 2024 2026);2020-OS-K2d 2020-OS-K4c 2021-OS-K5a;Prozentwert | Prozentsatz | Grundwert
Aussagen prüfen;nein;2023-OS-K6b 2025-OS-K4b 2017-OS-K2b 2019-OS-K5b;prozentrechnung-e1-k1-s8[2023-OS-K6b,2019-OS-K5b,2017-OS-K2b,2021-OS-K5b] prozentrechnung-e1-k3-s4 prozentrechnung-e5-k2-s7 prozentrechnung-e5-k2-s9[2025-OS-K4b];4;12;6;0;4 echte, aber Niveau II und nur als Prüfungshöhe auf Prozentsatz gesetzt (keine eigene Kette mit Grundfall);;2 (2023 2025);;
Prozent aus einer berechneten Fläche;nein;2023-OS-K5c;msa/prozent-zusatz.jsonl(5);1;5;6;0;1 echte (2023, Sternchen, Niveau III), Nebenthema aus der Geometrie;;1 (2023);;
Zinsen und Zinssatz;nein;2014-OS-B1e 2014-OS-K3a 2015-OS-B1e;zinsrechnung-e1-k1-s1 zinsrechnung-e1-k1-s4 zinsrechnung-e1-k1-s5 zinsrechnung-e1-k1-s6 zinsrechnung-e1-k1-s7 zinsrechnung-e1-k1-s12;3;9;6;0;3 echte, zuletzt 2015, seit 2016 nicht geprüft, Zuschnitt 2022–2026 führt keine Zins-Stufe;;0;;Zinseszins und Guthabentabelle
Zinseszins und Guthabentabelle;nein;2014-OS-K3b 2014-OS-K3c;zinsrechnung-e2-k1-s4 zinsrechnung-e2-k1-s6 zinsrechnung-e2-k1-s11 zinsrechnung-e2-k2-s1 zinsrechnung-e2-k4-s3;2;9;6;0;2 echte, nur 2014 (Niveau II);;0;;Zinsen und Zinssatz
