stufe;kern;katalog_ids;bank_sprossen;anzahl_echt;anzahl_bank;ziel;fehlen;kern_grund;jahre_letzte5;nebenplaetze;verwechselbar
erkennen und ablesen;ja;2025-OS-B1f 2024-OS-B1i 2016-OS-B1c 2019-OS-K2a 2019-OS-K2b 2019-OS-K2c;lineare-funktionen-e2-k5-s1(i) lineare-funktionen-e2-k5-s2(i) lineare-funktionen-e2-k5-s3(i) lineare-funktionen-e2-k5-s4(i) lineare-funktionen-e2-k5-s5(i) lineare-funktionen-e2-k5-s6(i);6;27;12;0;6 echte 2016–2025, Basisteil 2016, 2024, 2025 (Niveau I), Bank-Kette Ablesen mit Grundfall;2 (2024 2025);;
aus Gleichung zeichnen;ja;2024-OS-K3a 2026-FOR-K5a 2022-OS-K3a 2021-OS-K2a;lineare-funktionen-e2-k4-s5(i) lineare-funktionen-e2-k4-s6(i) lineare-funktionen-e2-k4-s7(i) lineare-funktionen-e2-k4-s8(i);4;18;12;0;4 echte (2021, 2022, 2024, 2026), fast jedes Jahr Einstieg der Funktionsaufgabe, Bank-Kette Graph zeichnen mit Grundfall;4 (2022 2023 2024 2026);;
durch zwei Punkte, Gleichung ablesen;ja;2025-OS-K5a 2017-OS-K5a 2015-OS-K4d;lineare-funktionen-e4-k2-s1(i) lineare-funktionen-e4-k1-s3(i) lineare-funktionen-e4-k1-s4(i) lineare-funktionen-e4-k1-s5(i) lineare-funktionen-e4-k1-s6[v1,v2,v5,v6](i) lineare-funktionen-e4-k1-s6[v3,v4] lineare-funktionen-e4-k4-s4;3;22;12;0;3 echte (2015, 2017, 2025), Bank-Kette Gleichung bestimmen mit Grundfall;1 (2025);;
zeichnen und Aussagen prüfen;nein;2023-OS-K4a 2021-OS-K2b;lineare-funktionen-e2-k6-s1(i) lineare-funktionen-e2-k7-s2(i) lineare-funktionen-e4-k4-s2(i) lineare-funktionen-e3-k2-s7[2023-OS-K4a,2021-OS-K2b];2;13;6;0;2 echte (2021, 2023), Aussagen zu Eigenschaften nur als Zusatz zum Zeichnen, keine eigene Kette mit Grundfall;2 (2023 2025);;
ankreuzen;nein;2023-OS-B1i;lineare-funktionen-e3-k2-s5(i) lineare-funktionen-e3-k2-s7[2023-OS-B1i];1;5;6;0;1 echte (Basisteil 2023), Punktprobe ist Kern der rechnerischen Stufe;1 (2023);;
rechnerisch an Gerade und Parabel;ja;2026-FOR-K5b 2024-OS-K3c 2017-OS-K5b;lineare-funktionen-e3-k2-s7[2026-FOR-K5b,2017-OS-K5b,2019-OS-K2a,2021-OS-K6d,2022-OS-K3a] quadratische-funktionen-e1-k1-s4 quadratische-funktionen-e3-k1-s2 quadratische-funktionen-e4-k1-s14;3;13;12;0;3 echte (2017, 2024, 2026), Bank-Kette Funktionswert mit Grundfall, Punktprobe trägt auch Quadratische;3 (2023 2024 2026);2023-OS-B1i 2024-OS-K3c;
Endwert berechnen;nein;2022-OS-K6a 2021-OS-K6a;lineare-funktionen-e5-k1-s3 lineare-funktionen-e5-k4-s4 lineare-funktionen-e5-k1-s5[2022-OS-K6a,2021-OS-K6a];2;10;6;0;2 echte (2021, 2022), Teilschritt der Sachkette, Grundfall der Kette ist das Aufstellen;1 (2022);;wachstum:Tabelle ergänzen
Graph zum Tarif zuordnen;nein;2023-OS-K3a 2016-OS-K6a;lineare-funktionen-e5-k2-s1 lineare-funktionen-e5-k1-s5[2023-OS-K3a,2016-OS-K6a];2;4;6;0;2 echte (2016, 2023), nur Zuordnen, keine eigene Kette mit Grundfall;1 (2023);;
Gleichung aufstellen und rückwärts rechnen;ja;2022-OS-K6b 2016-OS-K6c 2021-OS-K6c 2021-OS-K6d 2021-OS-K7a;lineare-funktionen-e5-k1-s1 lineare-funktionen-e5-k1-s2 lineare-funktionen-e5-k3-s1 lineare-funktionen-e5-k4-s1 lineare-funktionen-e1-k1-s8 lineare-funktionen-e5-k1-s5[2022-OS-K6b,2016-OS-K6c,2021-OS-K7a];5;12;12;0;5 echte (2016, 2021 dreimal, 2022), Bank-Kette Anwendung mit Grundfall (Gleichung ankreuzen);2 (2022 2023);;wachstum:Faktor bestimmen, Gleichung aufstellen
Tarife vergleichen;nein;2023-OS-K3b 2016-OS-K6b;lineare-funktionen-e5-k1-s4 lineare-funktionen-e5-k4-s2 lineare-funktionen-e5-k1-s5[2023-OS-K3b,2016-OS-K6b];2;6;6;0;2 echte (2016, 2023), Niveau II, als Prüfungshöhe auf die Anwendungskette gesetzt;1 (2023);;
